0 ,0 ,0.68 ,
6.76569e-07 ,3.86468e-05 ,0.68 ,
1.34308e-06 ,7.67193e-05 ,0.68 ,
2.00026e-06 ,0.000114259 ,0.68 ,
2.64882e-06 ,0.000151306 ,0.68 ,
3.28946e-06 ,0.0001879 ,0.68 ,
3.92285e-06 ,0.00022408 ,0.68 ,
4.54968e-06 ,0.000259886 ,0.68 ,
5.1706e-06 ,0.000295354 ,0.68 ,
5.78627e-06 ,0.000330522 ,0.68 ,
6.39732e-06 ,0.000365427 ,0.68 ,
7.00439e-06 ,0.000400103 ,0.68 ,
7.60808e-06 ,0.000434587 ,0.68 ,
8.209e-06 ,0.000468913 ,0.68 ,
8.86461e-06 ,0.000506362 ,0.68 ,
9.5764e-06 ,0.000547021 ,0.68 ,
1.02906e-05 ,0.000587818 ,0.68 ,
1.10074e-05 ,0.000628761 ,0.68 ,
1.17269e-05 ,0.000669862 ,0.68 ,
1.24494e-05 ,0.000711131 ,0.68 ,
1.3175e-05 ,0.000752577 ,0.68 ,
1.39038e-05 ,0.000794213 ,0.68 ,
1.46362e-05 ,0.000836047 ,0.68 ,
1.53722e-05 ,0.00087809 ,0.68 ,
1.61121e-05 ,0.000920354 ,0.68 ,
1.68561e-05 ,0.000962848 ,0.68 ,
1.76042e-05 ,0.00100558 ,0.68 ,
1.83567e-05 ,0.00104857 ,0.68 ,
1.91139e-05 ,0.00109182 ,0.68 ,
1.98758e-05 ,0.00113534 ,0.68 ,
2.06427e-05 ,0.00117915 ,0.68 ,
2.14148e-05 ,0.00122325 ,0.68 ,
2.21923e-05 ,0.00126766 ,0.68 ,
2.29753e-05 ,0.00131239 ,0.68 ,
2.3764e-05 ,0.00135744 ,0.68 ,
2.45588e-05 ,0.00140284 ,0.68 ,
2.53596e-05 ,0.00144859 ,0.68 ,
2.61668e-05 ,0.0014947 ,0.68 ,
2.69806e-05 ,0.00154118 ,0.68 ,
2.78011e-05 ,0.00158805 ,0.68 ,
2.86286e-05 ,0.00163532 ,0.68 ,
2.94633e-05 ,0.001683 ,0.68 ,
3.03053e-05 ,0.00173109 ,0.68 ,
3.1155e-05 ,0.00177963 ,0.68 ,
3.20124e-05 ,0.00182861 ,0.68 ,
3.28778e-05 ,0.00187804 ,0.68 ,
3.37515e-05 ,0.00192795 ,0.68 ,
3.46337e-05 ,0.00197834 ,0.68 ,
3.55245e-05 ,0.00202922 ,0.68 ,
3.64242e-05 ,0.00208062 ,0.68 ,
3.7333e-05 ,0.00213253 ,0.68 ,
3.82512e-05 ,0.00218498 ,0.68 ,
3.9179e-05 ,0.00223797 ,0.68 ,
4.01166e-05 ,0.00229153 ,0.68 ,
4.10642e-05 ,0.00234566 ,0.68 ,
4.20221e-05 ,0.00240038 ,0.68 ,
4.29905e-05 ,0.0024557 ,0.68 ,
4.39698e-05 ,0.00251163 ,0.68 ,
4.496e-05 ,0.00256819 ,0.68 ,
4.59615e-05 ,0.0026254 ,0.68 ,
4.69744e-05 ,0.00268326 ,0.68 ,
4.79992e-05 ,0.0027418 ,0.68 ,
4.9036e-05 ,0.00280102 ,0.68 ,
5.0085e-05 ,0.00286095 ,0.68 ,
5.11466e-05 ,0.00292159 ,0.68 ,
5.22211e-05 ,0.00298296 ,0.68 ,
5.33086e-05 ,0.00304508 ,0.68 ,
5.44094e-05 ,0.00310796 ,0.68 ,
5.55239e-05 ,0.00317162 ,0.68 ,
5.66523e-05 ,0.00323608 ,0.68 ,
5.77948e-05 ,0.00330134 ,0.68 ,
5.89519e-05 ,0.00336744 ,0.68 ,
6.01237e-05 ,0.00343437 ,0.68 ,
6.13106e-05 ,0.00350217 ,0.68 ,
6.25128e-05 ,0.00357084 ,0.68 ,
6.37307e-05 ,0.00364041 ,0.68 ,
6.49645e-05 ,0.00371089 ,0.68 ,
6.62146e-05 ,0.0037823 ,0.68 ,
6.74813e-05 ,0.00385465 ,0.68 ,
6.87649e-05 ,0.00392798 ,0.68 ,
7.00658e-05 ,0.00400228 ,0.68 ,
7.13841e-05 ,0.00407759 ,0.68 ,
7.27204e-05 ,0.00415392 ,0.68 ,
7.40749e-05 ,0.00423129 ,0.68 ,
7.54479e-05 ,0.00430972 ,0.68 ,
7.68398e-05 ,0.00438923 ,0.68 ,
7.8251e-05 ,0.00446984 ,0.68 ,
7.96817e-05 ,0.00455156 ,0.68 ,
8.11324e-05 ,0.00463443 ,0.68 ,
8.26035e-05 ,0.00471846 ,0.68 ,
8.40952e-05 ,0.00480367 ,0.68 ,
8.5608e-05 ,0.00489008 ,0.68 ,
8.71423e-05 ,0.00497772 ,0.68 ,
8.86983e-05 ,0.00506661 ,0.68 ,
9.02766e-05 ,0.00515676 ,0.68 ,
9.18775e-05 ,0.00524821 ,0.68 ,
9.35014e-05 ,0.00534097 ,0.68 ,
9.51487e-05 ,0.00543506 ,0.68 ,
9.68199e-05 ,0.00553052 ,0.68 ,
9.85153e-05 ,0.00562737 ,0.68 ,
0.000100235 ,0.00572562 ,0.68 ,
0.000101981 ,0.00582531 ,0.68 ,
0.000103751 ,0.00592646 ,0.68 ,
0.000105548 ,0.00602909 ,0.68 ,
0.000107371 ,0.00613323 ,0.68 ,
0.000109221 ,0.00623891 ,0.68 ,
0.000111099 ,0.00634615 ,0.68 ,
0.000113004 ,0.00645498 ,0.68 ,
0.000114937 ,0.00656542 ,0.68 ,
0.0001169 ,0.00667751 ,0.68 ,
0.000118891 ,0.00679128 ,0.68 ,
0.000120913 ,0.00690674 ,0.68 ,
0.000122964 ,0.00702394 ,0.68 ,
0.000125047 ,0.00714289 ,0.68 ,
0.00012716 ,0.00726363 ,0.68 ,
0.000129306 ,0.00738619 ,0.68 ,
0.000131484 ,0.0075106 ,0.68 ,
0.000133695 ,0.0076369 ,0.68 ,
0.000135939 ,0.0077651 ,0.68 ,
0.000138218 ,0.00789525 ,0.68 ,
0.000140531 ,0.00802738 ,0.68 ,
0.000142879 ,0.00816152 ,0.68 ,
0.000145263 ,0.0082977 ,0.68 ,
0.000147684 ,0.00843596 ,0.68 ,
0.000150141 ,0.00857634 ,0.68 ,
0.000152636 ,0.00871886 ,0.68 ,
0.00015517 ,0.00886357 ,0.68 ,
0.000157742 ,0.00901049 ,0.68 ,
0.000160353 ,0.00915967 ,0.68 ,
0.000163005 ,0.00931115 ,0.68 ,
0.000165698 ,0.00946496 ,0.68 ,
0.000168432 ,0.00962114 ,0.68 ,
0.000171208 ,0.00977973 ,0.68 ,
0.000174028 ,0.00994077 ,0.68 ,
0.00017689 ,0.0101043 ,0.68 ,
0.000179797 ,0.0102704 ,0.68 ,
0.00018275 ,0.010439 ,0.68 ,
0.000185748 ,0.0106102 ,0.68 ,
0.000188792 ,0.0107841 ,0.68 ,
0.000191884 ,0.0109607 ,0.68 ,
0.000195023 ,0.0111401 ,0.68 ,
0.000198212 ,0.0113222 ,0.68 ,
0.00020145 ,0.0115072 ,0.68 ,
0.000204739 ,0.0116951 ,0.68 ,
0.000208079 ,0.0118859 ,0.68 ,
0.000211471 ,0.0120796 ,0.68 ,
0.000214916 ,0.0122764 ,0.68 ,
0.000218415 ,0.0124763 ,0.68 ,
0.000221969 ,0.0126793 ,0.68 ,
0.000225578 ,0.0128854 ,0.68 ,
0.000229244 ,0.0130948 ,0.68 ,
0.000232967 ,0.0133075 ,0.68 ,
0.000236748 ,0.0135235 ,0.68 ,
0.000240589 ,0.0137429 ,0.68 ,
0.00024449 ,0.0139657 ,0.68 ,
0.000248453 ,0.0141921 ,0.68 ,
0.000252477 ,0.0144219 ,0.68 ,
0.000256565 ,0.0146554 ,0.68 ,
0.000260717 ,0.0148926 ,0.68 ,
0.000264934 ,0.0151335 ,0.68 ,
0.000269218 ,0.0153782 ,0.68 ,
0.000273569 ,0.0156267 ,0.68 ,
0.000277989 ,0.0158792 ,0.68 ,
0.000282478 ,0.0161356 ,0.68 ,
0.000287038 ,0.0163961 ,0.68 ,
0.00029167 ,0.0166607 ,0.68 ,
0.000296375 ,0.0169295 ,0.68 ,
0.000301154 ,0.0172024 ,0.68 ,
0.000306008 ,0.0174797 ,0.68 ,
0.00031094 ,0.0177614 ,0.68 ,
0.000315949 ,0.0180476 ,0.68 ,
0.000321037 ,0.0183382 ,0.68 ,
0.000326206 ,0.0186335 ,0.68 ,
0.000331456 ,0.0189334 ,0.68 ,
0.000336789 ,0.019238 ,0.68 ,
0.000342207 ,0.0195475 ,0.68 ,
0.000347711 ,0.0198619 ,0.68 ,
0.000353301 ,0.0201812 ,0.68 ,
0.00035898 ,0.0205056 ,0.68 ,
0.000364749 ,0.0208351 ,0.68 ,
0.000370609 ,0.0211699 ,0.68 ,
0.000376563 ,0.0215099 ,0.68 ,
0.00038261 ,0.0218554 ,0.68 ,
0.000388753 ,0.0222063 ,0.68 ,
0.000394994 ,0.0225628 ,0.68 ,
0.000401333 ,0.0229249 ,0.68 ,
0.000407774 ,0.0232928 ,0.68 ,
0.000414316 ,0.0236665 ,0.68 ,
0.000420962 ,0.0240461 ,0.68 ,
0.000427713 ,0.0244317 ,0.68 ,
0.000434572 ,0.0248235 ,0.68 ,
0.000441539 ,0.0252215 ,0.68 ,
0.000448617 ,0.0256258 ,0.68 ,
0.000455808 ,0.0260365 ,0.68 ,
0.000463112 ,0.0264538 ,0.68 ,
0.000470533 ,0.0268777 ,0.68 ,
0.000478071 ,0.0273083 ,0.68 ,
0.000485729 ,0.0277457 ,0.68 ,
0.000493509 ,0.0281901 ,0.68 ,
0.000501412 ,0.0286416 ,0.68 ,
0.000509441 ,0.0291002 ,0.68 ,
0.000517598 ,0.0295661 ,0.68 ,
0.000525884 ,0.0300394 ,0.68 ,
0.000534302 ,0.0305203 ,0.68 ,
0.000542853 ,0.0310088 ,0.68 ,
0.000551541 ,0.031505 ,0.68 ,
0.000560367 ,0.0320092 ,0.68 ,
0.000569333 ,0.0325213 ,0.68 ,
0.000578442 ,0.0330416 ,0.68 ,
0.000587696 ,0.0335702 ,0.68 ,
0.000597097 ,0.0341072 ,0.68 ,
0.000606647 ,0.0346528 ,0.68 ,
0.000616349 ,0.035207 ,0.68 ,
0.000626206 ,0.03577 ,0.68 ,
0.00063622 ,0.036342 ,0.68 ,
0.000646393 ,0.0369231 ,0.68 ,
0.000656727 ,0.0375134 ,0.68 ,
0.000667227 ,0.0381132 ,0.68 ,
0.000677893 ,0.0387225 ,0.68 ,
0.000688729 ,0.0393415 ,0.68 ,
0.000699738 ,0.0399703 ,0.68 ,
0.000710922 ,0.0406091 ,0.68 ,
0.000722284 ,0.0412582 ,0.68 ,
0.000733827 ,0.0419175 ,0.68 ,
0.000745554 ,0.0425874 ,0.68 ,
0.000757467 ,0.0432679 ,0.68 ,
0.00076957 ,0.0439592 ,0.68 ,
0.000781866 ,0.0446616 ,0.68 ,
0.000794358 ,0.0453752 ,0.68 ,
0.000807049 ,0.0461001 ,0.68 ,
0.000819942 ,0.0468364 ,0.68 ,
0.00083304 ,0.0475836 ,0.68 ,
0.000846347 ,0.0483403 ,0.68 ,
0.000859865 ,0.0491053 ,0.68 ,
0.000873599 ,0.0498773 ,0.68 ,
0.000887551 ,0.0506552 ,0.68 ,
0.000901726 ,0.0514377 ,0.68 ,
0.000916126 ,0.0522236 ,0.68 ,
0.000930755 ,0.0530119 ,0.68 ,
0.000945618 ,0.0538014 ,0.68 ,
0.000960717 ,0.054591 ,0.68 ,
0.000976056 ,0.0553798 ,0.68 ,
0.000991641 ,0.0561666 ,0.68 ,
0.00100747 ,0.0569504 ,0.68 ,
0.00102356 ,0.0577304 ,0.68 ,
0.0010399 ,0.0585056 ,0.68 ,
0.0010565 ,0.0592749 ,0.68 ,
0.00107337 ,0.0600376 ,0.68 ,
0.00109051 ,0.0607928 ,0.68 ,
0.00110791 ,0.0615396 ,0.68 ,
0.0011256 ,0.0622772 ,0.68 ,
0.00114357 ,0.0630048 ,0.68 ,
0.00116183 ,0.0637216 ,0.68 ,
0.00118037 ,0.0644268 ,0.68 ,
0.00119922 ,0.0651199 ,0.68 ,
0.00121836 ,0.0658005 ,0.68 ,
0.00123781 ,0.0664688 ,0.68 ,
0.00125757 ,0.0671249 ,0.68 ,
0.00127764 ,0.067769 ,0.68 ,
0.00129803 ,0.0684013 ,0.68 ,
0.00131875 ,0.0690219 ,0.68 ,
0.0013398 ,0.0696311 ,0.68 ,
0.00136118 ,0.0702288 ,0.68 ,
0.00138291 ,0.0708153 ,0.68 ,
0.00140498 ,0.0713908 ,0.68 ,
0.0014274 ,0.0719554 ,0.68 ,
0.00145018 ,0.0725091 ,0.68 ,
0.00147333 ,0.0730522 ,0.68 ,
0.00149684 ,0.0735849 ,0.68 ,
0.00152073 ,0.0741071 ,0.68 ,
0.001545 ,0.0746191 ,0.68 ,
0.00156965 ,0.075121 ,0.68 ,
0.0015947 ,0.0756129 ,0.68 ,
0.00162015 ,0.0760949 ,0.68 ,
0.00164601 ,0.0765672 ,0.68 ,
0.00167227 ,0.0770298 ,0.68 ,
0.00169896 ,0.077483 ,0.68 ,
0.00172607 ,0.0779267 ,0.68 ,
0.00175361 ,0.0783612 ,0.68 ,
0.00178159 ,0.0787865 ,0.68 ,
0.00181002 ,0.0792027 ,0.68 ,
0.0018389 ,0.0796099 ,0.68 ,
0.00186825 ,0.0800083 ,0.68 ,
0.00189806 ,0.0803979 ,0.68 ,
0.00192834 ,0.0807789 ,0.68 ,
0.00195911 ,0.0811513 ,0.68 ,
0.00199037 ,0.0815152 ,0.68 ,
0.00202213 ,0.0818707 ,0.68 ,
0.00205439 ,0.0822179 ,0.68 ,
0.00208717 ,0.0825569 ,0.68 ,
0.00212048 ,0.0828878 ,0.68 ,
0.00215431 ,0.0832106 ,0.68 ,
0.00218868 ,0.0835255 ,0.68 ,
0.0022236 ,0.0838325 ,0.68 ,
0.00225908 ,0.0841316 ,0.68 ,
0.00229512 ,0.0844231 ,0.68 ,
0.00233174 ,0.0847069 ,0.68 ,
0.00236894 ,0.0849831 ,0.68 ,
0.00240674 ,0.0852518 ,0.68 ,
0.00244514 ,0.085513 ,0.68 ,
0.00248415 ,0.0857668 ,0.68 ,
0.00252378 ,0.0860134 ,0.68 ,
0.00256405 ,0.0862526 ,0.68 ,
0.00260495 ,0.0864847 ,0.68 ,
0.00264651 ,0.0867096 ,0.68 ,
0.00268874 ,0.0869274 ,0.68 ,
0.00273163 ,0.0871382 ,0.68 ,
0.00277521 ,0.087342 ,0.68 ,
0.00281949 ,0.0875389 ,0.68 ,
0.00286447 ,0.0877289 ,0.68 ,
0.00291017 ,0.0879121 ,0.68 ,
0.0029566 ,0.0880885 ,0.68 ,
0.00300377 ,0.0882582 ,0.68 ,
0.00305169 ,0.0884211 ,0.68 ,
0.00310037 ,0.0885774 ,0.68 ,
0.00314983 ,0.0887271 ,0.68 ,
0.00320008 ,0.0888702 ,0.68 ,
0.00325114 ,0.0890068 ,0.68 ,
0.003303 ,0.0891368 ,0.68 ,
0.0033557 ,0.0892604 ,0.68 ,
0.00340923 ,0.0893775 ,0.68 ,
0.00346362 ,0.0894882 ,0.68 ,
0.00351887 ,0.0895925 ,0.68 ,
0.00357501 ,0.0896905 ,0.68 ,
0.00363204 ,0.0897821 ,0.68 ,
0.00368999 ,0.0898674 ,0.68 ,
0.00374885 ,0.0899464 ,0.68 ,
0.00380866 ,0.0900191 ,0.68 ,
0.00386942 ,0.0900855 ,0.68 ,
0.00393114 ,0.0901458 ,0.68 ,
0.00399386 ,0.0901998 ,0.68 ,
0.00405757 ,0.0902475 ,0.68 ,
0.0041223 ,0.0902891 ,0.68 ,
0.00418806 ,0.0903245 ,0.68 ,
0.00425487 ,0.0903537 ,0.68 ,
0.00432275 ,0.0903768 ,0.68 ,
0.00439171 ,0.0903936 ,0.68 ,
0.00446177 ,0.0904043 ,0.68 ,
0.00453295 ,0.0904089 ,0.68 ,
0.00460526 ,0.0904073 ,0.68 ,
0.00467872 ,0.0903995 ,0.68 ,
0.00475336 ,0.0903855 ,0.68 ,
0.00482919 ,0.0903654 ,0.68 ,
0.00490623 ,0.0903392 ,0.68 ,
0.00498449 ,0.0903067 ,0.68 ,
0.00506401 ,0.0902681 ,0.68 ,
0.00514479 ,0.0902233 ,0.68 ,
0.00522686 ,0.0901722 ,0.68 ,
0.00531024 ,0.090115 ,0.68 ,
0.00539496 ,0.0900515 ,0.68 ,
0.00548102 ,0.0899817 ,0.68 ,
0.00556845 ,0.0899057 ,0.68 ,
0.00565728 ,0.0898234 ,0.68 ,
0.00574753 ,0.0897348 ,0.68 ,
0.00583922 ,0.0896399 ,0.68 ,
0.00593236 ,0.0895386 ,0.68 ,
0.006027 ,0.089431 ,0.68 ,
0.00612314 ,0.0893169 ,0.68 ,
0.00622082 ,0.0891964 ,0.68 ,
0.00632006 ,0.0890695 ,0.68 ,
0.00642088 ,0.088936 ,0.68 ,
0.0065233 ,0.088796 ,0.68 ,
0.00662736 ,0.0886495 ,0.68 ,
0.00673308 ,0.0884963 ,0.68 ,
0.00684049 ,0.0883365 ,0.68 ,
0.00694961 ,0.0881701 ,0.68 ,
0.00706047 ,0.0879969 ,0.68 ,
0.0071731 ,0.0878169 ,0.68 ,
0.00728753 ,0.0876302 ,0.68 ,
0.00740378 ,0.0874366 ,0.68 ,
0.00752189 ,0.087236 ,0.68 ,
0.00764188 ,0.0870286 ,0.68 ,
0.00776378 ,0.0868141 ,0.68 ,
0.00788763 ,0.0865926 ,0.68 ,
0.00801345 ,0.0863639 ,0.68 ,
0.00814128 ,0.0861281 ,0.68 ,
0.00827115 ,0.085885 ,0.68 ,
0.0084031 ,0.0856347 ,0.68 ,
0.00853714 ,0.085377 ,0.68 ,
0.00867333 ,0.0851118 ,0.68 ,
0.00881168 ,0.0848392 ,0.68 ,
0.00895225 ,0.084559 ,0.68 ,
0.00909505 ,0.0842712 ,0.68 ,
0.00924014 ,0.0839758 ,0.68 ,
0.00938754 ,0.0836725 ,0.68 ,
0.00953729 ,0.0833614 ,0.68 ,
0.00968943 ,0.0830423 ,0.68 ,
0.00984399 ,0.0827153 ,0.68 ,
0.010001 ,0.0823802 ,0.68 ,
0.0101606 ,0.0820369 ,0.68 ,
0.0103226 ,0.0816853 ,0.68 ,
0.0104873 ,0.0813254 ,0.68 ,
0.0106546 ,0.0809571 ,0.68 ,
0.0108246 ,0.0805802 ,0.68 ,
0.0109972 ,0.0801947 ,0.68 ,
0.0111727 ,0.0798005 ,0.68 ,
0.0113509 ,0.0793975 ,0.68 ,
0.011532 ,0.0789856 ,0.68 ,
0.0117159 ,0.0785646 ,0.68 ,
0.0119028 ,0.0781346 ,0.68 ,
0.0120927 ,0.0776952 ,0.68 ,
0.0122856 ,0.0772466 ,0.68 ,
0.0124816 ,0.0767885 ,0.68 ,
0.0126807 ,0.0763208 ,0.68 ,
0.0128829 ,0.0758434 ,0.68 ,
0.0130884 ,0.0753562 ,0.68 ,
0.0132972 ,0.0748591 ,0.68 ,
0.0135093 ,0.0743519 ,0.68 ,
0.0137248 ,0.0738346 ,0.68 ,
0.0139438 ,0.0733069 ,0.68 ,
0.0141662 ,0.0727688 ,0.68 ,
0.0143922 ,0.0722201 ,0.68 ,
0.0146218 ,0.0716607 ,0.68 ,
0.014855 ,0.0710905 ,0.68 ,
0.015092 ,0.0705092 ,0.68 ,
0.0153327 ,0.0699168 ,0.68 ,
0.0155773 ,0.0693131 ,0.68 ,
0.0158258 ,0.068698 ,0.68 ,
0.0160783 ,0.0680713 ,0.68 ,
0.0163347 ,0.0674328 ,0.68 ,
0.0165953 ,0.0667824 ,0.68 ,
0.01686 ,0.0661199 ,0.68 ,
0.017129 ,0.0654452 ,0.68 ,
0.0174022 ,0.0647581 ,0.68 ,
0.0176798 ,0.0640583 ,0.68 ,
0.0179618 ,0.0633459 ,0.68 ,
0.0182484 ,0.0626205 ,0.68 ,
0.0185395 ,0.0618819 ,0.68 ,
0.0188352 ,0.0611301 ,0.68 ,
0.0191357 ,0.0603647 ,0.68 ,
0.0194409 ,0.0595857 ,0.68 ,
0.019751 ,0.0587928 ,0.68 ,
0.0200661 ,0.0579859 ,0.68 ,
0.0203862 ,0.0571646 ,0.68 ,
0.0207114 ,0.0563289 ,0.68 ,
0.0210418 ,0.0554784 ,0.68 ,
0.0213774 ,0.0546131 ,0.68 ,
0.0217184 ,0.0537326 ,0.68 ,
0.0220649 ,0.0528368 ,0.68 ,
0.0224169 ,0.0519254 ,0.68 ,
0.0227744 ,0.0509982 ,0.68 ,
0.0231377 ,0.050055 ,0.68 ,
0.0235068 ,0.0490955 ,0.68 ,
0.0238818 ,0.0481195 ,0.68 ,
0.0242628 ,0.0471268 ,0.68 ,
0.0246498 ,0.046117 ,0.68 ,
0.025043 ,0.04509 ,0.68 ,
0.0254425 ,0.0440455 ,0.68 ,
0.0258483 ,0.0429832 ,0.68 ,
0.0262607 ,0.0419029 ,0.68 ,
0.0266796 ,0.0408043 ,0.68 ,
0.0271052 ,0.0396871 ,0.68 ,
0.0275375 ,0.038551 ,0.68 ,
0.0279768 ,0.0373958 ,0.68 ,
0.0284231 ,0.0362211 ,0.68 ,
0.0288765 ,0.0350267 ,0.68 ,
0.0293371 ,0.0338123 ,0.68 ,
0.0298051 ,0.0325775 ,0.68 ,
0.0302806 ,0.0313221 ,0.68 ,
0.0307636 ,0.0300458 ,0.68 ,
0.0312543 ,0.0287481 ,0.68 ,
0.0317529 ,0.0274289 ,0.68 ,
0.0322594 ,0.0260877 ,0.68 ,
0.032774 ,0.0247243 ,0.68 ,
0.0332968 ,0.0233382 ,0.68 ,
0.0338279 ,0.0219292 ,0.68 ,
0.0343676 ,0.0204968 ,0.68 ,
0.0349158 ,0.0190408 ,0.68 ,
0.0354728 ,0.0175608 ,0.68 ,
0.0360386 ,0.0160564 ,0.68 ,
0.0366134 ,0.0145274 ,0.68 ,
0.0371967 ,0.0129751 ,0.68 ,
0.0377876 ,0.0114022 ,0.68 ,
0.0383853 ,0.00981109 ,0.68 ,
0.0389888 ,0.00820449 ,0.68 ,
0.0395973 ,0.00658484 ,0.68 ,
0.0402099 ,0.00495461 ,0.68 ,
0.0408258 ,0.00331616 ,0.68 ,
0.0414443 ,0.00167182 ,0.68 ,
0.0420645 ,2.38503e-05 ,0.68 ,
0.0426856 ,-0.00162554 ,0.68 ,
0.043307 ,-0.00327419 ,0.68 ,
0.043928 ,-0.00492002 ,0.68 ,
0.0445477 ,-0.00656097 ,0.68 ,
0.0451656 ,-0.00819508 ,0.68 ,
0.0457809 ,-0.00982039 ,0.68 ,
0.0463931 ,-0.011435 ,0.68 ,
0.0470015 ,-0.0130372 ,0.68 ,
0.0476055 ,-0.014625 ,0.68 ,
0.0482045 ,-0.0161968 ,0.68 ,
0.0487979 ,-0.017751 ,0.68 ,
0.0493852 ,-0.0192857 ,0.68 ,
0.0499658 ,-0.0207996 ,0.68 ,
0.0505392 ,-0.022291 ,0.68 ,
0.0511049 ,-0.0237586 ,0.68 ,
0.0516629 ,-0.0252018 ,0.68 ,
0.0522131 ,-0.026621 ,0.68 ,
0.0527557 ,-0.0280166 ,0.68 ,
0.0532909 ,-0.0293888 ,0.68 ,
0.0538189 ,-0.030738 ,0.68 ,
0.0543396 ,-0.0320645 ,0.68 ,
0.0548533 ,-0.0333687 ,0.68 ,
0.0553601 ,-0.0346509 ,0.68 ,
0.0558601 ,-0.0359115 ,0.68 ,
0.0563535 ,-0.0371506 ,0.68 ,
0.0568403 ,-0.0383688 ,0.68 ,
0.0573207 ,-0.0395661 ,0.68 ,
0.0577948 ,-0.0407431 ,0.68 ,
0.0582627 ,-0.0418999 ,0.68 ,
0.0587246 ,-0.0430368 ,0.68 ,
0.0591806 ,-0.0441541 ,0.68 ,
0.0596307 ,-0.0452522 ,0.68 ,
0.0600751 ,-0.0463312 ,0.68 ,
0.0605139 ,-0.0473915 ,0.68 ,
0.0609472 ,-0.0484333 ,0.68 ,
0.0613752 ,-0.0494568 ,0.68 ,
0.0617978 ,-0.0504624 ,0.68 ,
0.0622153 ,-0.0514503 ,0.68 ,
0.0626277 ,-0.0524207 ,0.68 ,
0.0630352 ,-0.0533739 ,0.68 ,
0.0634377 ,-0.0543101 ,0.68 ,
0.0638356 ,-0.0552296 ,0.68 ,
0.0642288 ,-0.0561325 ,0.68 ,
0.0646174 ,-0.0570191 ,0.68 ,
0.0650015 ,-0.0578897 ,0.68 ,
0.0653813 ,-0.0587444 ,0.68 ,
0.0657568 ,-0.0595834 ,0.68 ,
0.0661281 ,-0.0604071 ,0.68 ,
0.0664954 ,-0.0612154 ,0.68 ,
0.0668586 ,-0.0620088 ,0.68 ,
0.0672179 ,-0.0627874 ,0.68 ,
0.0675735 ,-0.0635513 ,0.68 ,
0.0679253 ,-0.0643008 ,0.68 ,
0.0682735 ,-0.065036 ,0.68 ,
0.0686181 ,-0.0657572 ,0.68 ,
0.0689592 ,-0.0664644 ,0.68 ,
0.069297 ,-0.067158 ,0.68 ,
0.0696315 ,-0.067838 ,0.68 ,
0.0699628 ,-0.0685047 ,0.68 ,
0.0702909 ,-0.0691582 ,0.68 ,
0.0706161 ,-0.0697986 ,0.68 ,
0.0709382 ,-0.0704262 ,0.68 ,
0.0712575 ,-0.071041 ,0.68 ,
0.0715739 ,-0.0716433 ,0.68 ,
0.0718877 ,-0.0722332 ,0.68 ,
0.0721988 ,-0.0728108 ,0.68 ,
0.0725073 ,-0.0733763 ,0.68 ,
0.0728134 ,-0.0739298 ,0.68 ,
0.073117 ,-0.0744715 ,0.68 ,
0.0734183 ,-0.0750015 ,0.68 ,
0.0737174 ,-0.0755199 ,0.68 ,
0.0740142 ,-0.0760268 ,0.68 ,
0.074309 ,-0.0765225 ,0.68 ,
0.0746017 ,-0.0770069 ,0.68 ,
0.0748924 ,-0.0774803 ,0.68 ,
0.0751813 ,-0.0779428 ,0.68 ,
0.0754683 ,-0.0783944 ,0.68 ,
0.0757536 ,-0.0788353 ,0.68 ,
0.0760372 ,-0.0792655 ,0.68 ,
0.0763192 ,-0.0796853 ,0.68 ,
0.0765997 ,-0.0800947 ,0.68 ,
0.0768787 ,-0.0804938 ,0.68 ,
0.0771563 ,-0.0808827 ,0.68 ,
0.0774326 ,-0.0812615 ,0.68 ,
0.0777077 ,-0.0816302 ,0.68 ,
0.0779815 ,-0.0819891 ,0.68 ,
0.0782543 ,-0.0823382 ,0.68 ,
0.0785259 ,-0.0826775 ,0.68 ,
0.0787967 ,-0.0830072 ,0.68 ,
0.0790664 ,-0.0833273 ,0.68 ,
0.0793354 ,-0.0836379 ,0.68 ,
0.0796036 ,-0.0839391 ,0.68 ,
0.079871 ,-0.084231 ,0.68 ,
0.0801379 ,-0.0845137 ,0.68 ,
0.0804041 ,-0.0847871 ,0.68 ,
0.0806698 ,-0.0850514 ,0.68 ,
0.0809351 ,-0.0853067 ,0.68 ,
0.0812 ,-0.085553 ,0.68 ,
0.0814646 ,-0.0857903 ,0.68 ,
0.081729 ,-0.0860188 ,0.68 ,
0.0819931 ,-0.0862385 ,0.68 ,
0.0822572 ,-0.0864494 ,0.68 ,
0.0825212 ,-0.0866516 ,0.68 ,
0.0827853 ,-0.0868452 ,0.68 ,
0.0830494 ,-0.0870301 ,0.68 ,
0.0833137 ,-0.0872065 ,0.68 ,
0.0835781 ,-0.0873744 ,0.68 ,
0.0838429 ,-0.0875338 ,0.68 ,
0.0841081 ,-0.0876848 ,0.68 ,
0.0843736 ,-0.0878274 ,0.68 ,
0.0846396 ,-0.0879616 ,0.68 ,
0.0849062 ,-0.0880875 ,0.68 ,
0.0851734 ,-0.0882051 ,0.68 ,
0.0854413 ,-0.0883145 ,0.68 ,
0.0857099 ,-0.0884156 ,0.68 ,
0.0859794 ,-0.0885085 ,0.68 ,
0.0862497 ,-0.0885932 ,0.68 ,
0.086521 ,-0.0886698 ,0.68 ,
0.0867933 ,-0.0887382 ,0.68 ,
0.0870667 ,-0.0887985 ,0.68 ,
0.0873413 ,-0.0888506 ,0.68 ,
0.0876171 ,-0.0888947 ,0.68 ,
0.0878942 ,-0.0889306 ,0.68 ,
0.0881726 ,-0.0889585 ,0.68 ,
0.0884525 ,-0.0889783 ,0.68 ,
0.0887339 ,-0.0889901 ,0.68 ,
0.0890168 ,-0.0889937 ,0.68 ,
0.0893015 ,-0.0889894 ,0.68 ,
0.0895878 ,-0.0889769 ,0.68 ,
0.0898759 ,-0.0889564 ,0.68 ,
0.0901659 ,-0.0889278 ,0.68 ,
0.0904578 ,-0.0888911 ,0.68 ,
0.0907517 ,-0.0888463 ,0.68 ,
0.0910477 ,-0.0887934 ,0.68 ,
0.0913459 ,-0.0887324 ,0.68 ,
0.0916463 ,-0.0886633 ,0.68 ,
0.091949 ,-0.088586 ,0.68 ,
0.0922541 ,-0.0885006 ,0.68 ,
0.0925616 ,-0.0884069 ,0.68 ,
0.0928717 ,-0.0883051 ,0.68 ,
0.0931844 ,-0.088195 ,0.68 ,
0.0934998 ,-0.0880767 ,0.68 ,
0.0938179 ,-0.08795 ,0.68 ,
0.0941389 ,-0.087815 ,0.68 ,
0.0944628 ,-0.0876717 ,0.68 ,
0.0947897 ,-0.08752 ,0.68 ,
0.0951198 ,-0.0873598 ,0.68 ,
0.095453 ,-0.0871912 ,0.68 ,
0.0957894 ,-0.087014 ,0.68 ,
0.0961292 ,-0.0868283 ,0.68 ,
0.0964725 ,-0.086634 ,0.68 ,
0.0968192 ,-0.086431 ,0.68 ,
0.0971696 ,-0.0862193 ,0.68 ,
0.0975236 ,-0.0859988 ,0.68 ,
0.0978814 ,-0.0857696 ,0.68 ,
0.0982431 ,-0.0855314 ,0.68 ,
0.0986087 ,-0.0852843 ,0.68 ,
0.0989784 ,-0.0850283 ,0.68 ,
0.0993523 ,-0.0847631 ,0.68 ,
0.0997303 ,-0.0844889 ,0.68 ,
0.100113 ,-0.0842054 ,0.68 ,
0.1005 ,-0.0839127 ,0.68 ,
0.100891 ,-0.0836107 ,0.68 ,
0.101287 ,-0.0832992 ,0.68 ,
0.101688 ,-0.0829782 ,0.68 ,
0.102093 ,-0.0826477 ,0.68 ,
0.102503 ,-0.0823075 ,0.68 ,
0.102919 ,-0.0819576 ,0.68 ,
0.10334 ,-0.0815978 ,0.68 ,
0.103765 ,-0.0812282 ,0.68 ,
0.104196 ,-0.0808485 ,0.68 ,
0.104633 ,-0.0804587 ,0.68 ,
0.105075 ,-0.0800587 ,0.68 ,
0.105523 ,-0.0796484 ,0.68 ,
0.105977 ,-0.0792277 ,0.68 ,
0.106436 ,-0.0787965 ,0.68 ,
0.106902 ,-0.0783546 ,0.68 ,
0.107373 ,-0.0779021 ,0.68 ,
0.107851 ,-0.0774387 ,0.68 ,
0.108336 ,-0.0769643 ,0.68 ,
0.108826 ,-0.0764788 ,0.68 ,
0.109324 ,-0.0759822 ,0.68 ,
0.109828 ,-0.0754742 ,0.68 ,
0.110339 ,-0.0749548 ,0.68 ,
0.110857 ,-0.0744238 ,0.68 ,
0.111382 ,-0.0738811 ,0.68 ,
0.111914 ,-0.0733265 ,0.68 ,
0.112454 ,-0.0727599 ,0.68 ,
0.113001 ,-0.0721812 ,0.68 ,
0.113556 ,-0.0715902 ,0.68 ,
0.114118 ,-0.0709868 ,0.68 ,
0.114689 ,-0.0703709 ,0.68 ,
0.115267 ,-0.0697422 ,0.68 ,
0.115854 ,-0.0691006 ,0.68 ,
0.11645 ,-0.0684459 ,0.68 ,
0.117053 ,-0.0677781 ,0.68 ,
0.117666 ,-0.0670968 ,0.68 ,
0.118287 ,-0.0664021 ,0.68 ,
0.118917 ,-0.0656936 ,0.68 ,
0.119557 ,-0.0649712 ,0.68 ,
0.120205 ,-0.0642347 ,0.68 ,
0.120863 ,-0.0634839 ,0.68 ,
0.121531 ,-0.0627187 ,0.68 ,
0.122209 ,-0.0619388 ,0.68 ,
0.122896 ,-0.0611441 ,0.68 ,
0.123594 ,-0.0603344 ,0.68 ,
0.124302 ,-0.0595094 ,0.68 ,
0.12502 ,-0.058669 ,0.68 ,
0.125749 ,-0.0578129 ,0.68 ,
0.126489 ,-0.0569409 ,0.68 ,
0.12724 ,-0.0560528 ,0.68 ,
0.128002 ,-0.0551484 ,0.68 ,
0.128776 ,-0.0542275 ,0.68 ,
0.129561 ,-0.0532898 ,0.68 ,
0.130358 ,-0.0523351 ,0.68 ,
0.131167 ,-0.0513631 ,0.68 ,
0.131988 ,-0.0503737 ,0.68 ,
0.132822 ,-0.0493665 ,0.68 ,
0.133668 ,-0.0483413 ,0.68 ,
0.134527 ,-0.0472979 ,0.68 ,
0.135399 ,-0.046236 ,0.68 ,
0.136285 ,-0.0451553 ,0.68 ,
0.137183 ,-0.0440555 ,0.68 ,
0.138096 ,-0.0429364 ,0.68 ,
0.139022 ,-0.0417977 ,0.68 ,
0.139963 ,-0.0406392 ,0.68 ,
0.140918 ,-0.0394604 ,0.68 ,
0.141888 ,-0.0382612 ,0.68 ,
0.142873 ,-0.0370412 ,0.68 ,
0.143872 ,-0.0358002 ,0.68 ,
0.144887 ,-0.0345379 ,0.68 ,
0.145917 ,-0.0332556 ,0.68 ,
0.146959 ,-0.0319554 ,0.68 ,
0.148013 ,-0.0306394 ,0.68 ,
0.149076 ,-0.0293101 ,0.68 ,
0.150147 ,-0.0279694 ,0.68 ,
0.151225 ,-0.0266194 ,0.68 ,
0.152307 ,-0.0252623 ,0.68 ,
0.153394 ,-0.0238999 ,0.68 ,
0.154482 ,-0.0225343 ,0.68 ,
0.155572 ,-0.0211673 ,0.68 ,
0.156661 ,-0.0198008 ,0.68 ,
0.157748 ,-0.0184365 ,0.68 ,
0.158832 ,-0.0170762 ,0.68 ,
0.159912 ,-0.0157217 ,0.68 ,
0.160986 ,-0.0143745 ,0.68 ,
0.162053 ,-0.0130363 ,0.68 ,
0.163113 ,-0.0117086 ,0.68 ,
0.164163 ,-0.0103931 ,0.68 ,
0.165204 ,-0.00909105 ,0.68 ,
0.166233 ,-0.00780406 ,0.68 ,
0.167251 ,-0.00653348 ,0.68 ,
0.168255 ,-0.00528067 ,0.68 ,
0.169246 ,-0.00404697 ,0.68 ,
0.170221 ,-0.00283353 ,0.68 ,
0.171181 ,-0.00164078 ,0.68 ,
0.172127 ,-0.0004685 ,0.68 ,
0.173057 ,0.000683601 ,0.68 ,
0.173973 ,0.00181581 ,0.68 ,
0.174875 ,0.00292842 ,0.68 ,
0.175763 ,0.0040217 ,0.68 ,
0.176637 ,0.00509593 ,0.68 ,
0.177497 ,0.00615138 ,0.68 ,
0.178344 ,0.0071883 ,0.68 ,
0.179178 ,0.00820697 ,0.68 ,
0.179998 ,0.00920764 ,0.68 ,
0.180806 ,0.0101905 ,0.68 ,
0.181602 ,0.0111559 ,0.68 ,
0.182385 ,0.0121041 ,0.68 ,
0.183155 ,0.0130352 ,0.68 ,
0.183914 ,0.0139495 ,0.68 ,
0.184661 ,0.0148473 ,0.68 ,
0.185397 ,0.0157287 ,0.68 ,
0.186121 ,0.016594 ,0.68 ,
0.186833 ,0.0174433 ,0.68 ,
0.187535 ,0.018277 ,0.68 ,
0.188226 ,0.0190952 ,0.68 ,
0.188906 ,0.0198982 ,0.68 ,
0.189576 ,0.020686 ,0.68 ,
0.190235 ,0.021459 ,0.68 ,
0.190884 ,0.0222173 ,0.68 ,
0.191523 ,0.0229611 ,0.68 ,
0.192152 ,0.0236906 ,0.68 ,
0.192771 ,0.024406 ,0.68 ,
0.193381 ,0.0251074 ,0.68 ,
0.193981 ,0.025795 ,0.68 ,
0.194572 ,0.0264691 ,0.68 ,
0.195154 ,0.0271297 ,0.68 ,
0.195727 ,0.0277771 ,0.68 ,
0.196291 ,0.0284113 ,0.68 ,
0.196846 ,0.0290326 ,0.68 ,
0.197393 ,0.0296411 ,0.68 ,
0.197931 ,0.030237 ,0.68 ,
0.198462 ,0.0308204 ,0.68 ,
0.198984 ,0.0313915 ,0.68 ,
0.199497 ,0.0319503 ,0.68 ,
0.200004 ,0.0324971 ,0.68 ,
0.200502 ,0.033032 ,0.68 ,
0.200992 ,0.0335551 ,0.68 ,
0.201476 ,0.0340666 ,0.68 ,
0.201951 ,0.0345665 ,0.68 ,
0.20242 ,0.035055 ,0.68 ,
0.202881 ,0.0355322 ,0.68 ,
0.203335 ,0.0359983 ,0.68 ,
0.203783 ,0.0364533 ,0.68 ,
0.204223 ,0.0368974 ,0.68 ,
0.204657 ,0.0373307 ,0.68 ,
0.205084 ,0.0377533 ,0.68 ,
0.205505 ,0.0381653 ,0.68 ,
0.205919 ,0.0385667 ,0.68 ,
0.206327 ,0.0389578 ,0.68 ,
0.206729 ,0.0393386 ,0.68 ,
0.207125 ,0.0397091 ,0.68 ,
0.207515 ,0.0400696 ,0.68 ,
0.207899 ,0.04042 ,0.68 ,
0.208277 ,0.0407605 ,0.68 ,
0.208649 ,0.0410911 ,0.68 ,
0.209016 ,0.041412 ,0.68 ,
0.209378 ,0.0417231 ,0.68 ,
0.209734 ,0.0420247 ,0.68 ,
0.210084 ,0.0423168 ,0.68 ,
0.21043 ,0.0425993 ,0.68 ,
0.21077 ,0.0428725 ,0.68 ,
0.211105 ,0.0431364 ,0.68 ,
0.211435 ,0.043391 ,0.68 ,
0.21176 ,0.0436364 ,0.68 ,
0.212081 ,0.0438727 ,0.68 ,
0.212397 ,0.0440999 ,0.68 ,
0.212708 ,0.0443181 ,0.68 ,
0.213014 ,0.0445273 ,0.68 ,
0.213316 ,0.0447277 ,0.68 ,
0.213613 ,0.0449192 ,0.68 ,
0.213907 ,0.0451018 ,0.68 ,
0.214196 ,0.0452757 ,0.68 ,
0.21448 ,0.0454409 ,0.68 ,
0.214761 ,0.0455974 ,0.68 ,
0.215037 ,0.0457453 ,0.68 ,
0.21531 ,0.0458846 ,0.68 ,
0.215578 ,0.0460153 ,0.68 ,
0.215843 ,0.0461374 ,0.68 ,
0.216104 ,0.0462511 ,0.68 ,
0.216361 ,0.0463563 ,0.68 ,
0.216614 ,0.046453 ,0.68 ,
0.216864 ,0.0465413 ,0.68 ,
0.217111 ,0.0466212 ,0.68 ,
0.217353 ,0.0466928 ,0.68 ,
0.217593 ,0.0467559 ,0.68 ,
0.217829 ,0.0468107 ,0.68 ,
0.218062 ,0.0468572 ,0.68 ,
0.218291 ,0.0468954 ,0.68 ,
0.218518 ,0.0469252 ,0.68 ,
0.218741 ,0.0469467 ,0.68 ,
0.218961 ,0.04696 ,0.68 ,
0.219178 ,0.0469649 ,0.68 ,
0.219392 ,0.0469615 ,0.68 ,
0.219604 ,0.0469499 ,0.68 ,
0.219812 ,0.0469299 ,0.68 ,
0.220018 ,0.0469016 ,0.68 ,
0.22022 ,0.0468651 ,0.68 ,
0.220421 ,0.0468202 ,0.68 ,
0.220618 ,0.0467669 ,0.68 ,
0.220813 ,0.0467054 ,0.68 ,
0.221005 ,0.0466354 ,0.68 ,
0.221195 ,0.0465571 ,0.68 ,
0.221383 ,0.0464704 ,0.68 ,
0.221568 ,0.0463752 ,0.68 ,
0.22175 ,0.0462717 ,0.68 ,
0.221931 ,0.0461596 ,0.68 ,
0.222109 ,0.0460391 ,0.68 ,
0.222284 ,0.04591 ,0.68 ,
0.222458 ,0.0457723 ,0.68 ,
0.22263 ,0.0456261 ,0.68 ,
0.222799 ,0.0454712 ,0.68 ,
0.222966 ,0.0453077 ,0.68 ,
0.223132 ,0.0451354 ,0.68 ,
0.223295 ,0.0449544 ,0.68 ,
0.223456 ,0.0447646 ,0.68 ,
0.223616 ,0.044566 ,0.68 ,
0.223773 ,0.0443584 ,0.68 ,
0.223929 ,0.0441419 ,0.68 ,
0.224083 ,0.0439164 ,0.68 ,
0.224236 ,0.0436819 ,0.68 ,
0.224386 ,0.0434382 ,0.68 ,
0.224535 ,0.0431853 ,0.68 ,
0.224683 ,0.0429232 ,0.68 ,
0.224829 ,0.0426518 ,0.68 ,
0.224973 ,0.042371 ,0.68 ,
0.225116 ,0.0420808 ,0.68 ,
0.225257 ,0.041781 ,0.68 ,
0.225397 ,0.0414717 ,0.68 ,
0.225535 ,0.0411526 ,0.68 ,
0.225672 ,0.0408238 ,0.68 ,
0.225808 ,0.0404852 ,0.68 ,
0.225942 ,0.0401367 ,0.68 ,
0.226075 ,0.0397782 ,0.68 ,
0.226207 ,0.0394095 ,0.68 ,
0.226338 ,0.0390307 ,0.68 ,
0.226468 ,0.0386416 ,0.68 ,
0.226596 ,0.0382421 ,0.68 ,
0.226723 ,0.0378321 ,0.68 ,
0.22685 ,0.0374116 ,0.68 ,
0.226975 ,0.0369803 ,0.68 ,
0.227099 ,0.0365383 ,0.68 ,
0.227222 ,0.0360853 ,0.68 ,
0.227344 ,0.0356214 ,0.68 ,
0.227466 ,0.0351463 ,0.68 ,
0.227586 ,0.0346599 ,0.68 ,
0.227706 ,0.0341621 ,0.68 ,
0.227825 ,0.0336529 ,0.68 ,
0.227943 ,0.033132 ,0.68 ,
0.22806 ,0.0325994 ,0.68 ,
0.228176 ,0.0320548 ,0.68 ,
0.228292 ,0.0314983 ,0.68 ,
0.228407 ,0.0309295 ,0.68 ,
0.228522 ,0.0303485 ,0.68 ,
0.228635 ,0.029755 ,0.68 ,
0.228749 ,0.0291489 ,0.68 ,
0.228861 ,0.02853 ,0.68 ,
0.228973 ,0.0278982 ,0.68 ,
0.229085 ,0.0272533 ,0.68 ,
0.229196 ,0.0265953 ,0.68 ,
0.229307 ,0.0259238 ,0.68 ,
0.229417 ,0.0252387 ,0.68 ,
0.229527 ,0.0245399 ,0.68 ,
0.229637 ,0.0238272 ,0.68 ,
0.229746 ,0.0231004 ,0.68 ,
0.229855 ,0.0223593 ,0.68 ,
0.229963 ,0.0216038 ,0.68 ,
0.230071 ,0.0208336 ,0.68 ,
0.230179 ,0.0200486 ,0.68 ,
0.230287 ,0.0192485 ,0.68 ,
0.230395 ,0.0184332 ,0.68 ,
0.230502 ,0.0176025 ,0.68 ,
0.23061 ,0.0167561 ,0.68 ,
0.230717 ,0.0158938 ,0.68 ,
0.230824 ,0.0150155 ,0.68 ,
0.230932 ,0.0141208 ,0.68 ,
0.231039 ,0.0132097 ,0.68 ,
0.231146 ,0.0122818 ,0.68 ,
0.231253 ,0.0113369 ,0.68 ,
0.23136 ,0.0103748 ,0.68 ,
0.231468 ,0.00939518 ,0.68 ,
0.231575 ,0.0083979 ,0.68 ,
0.231683 ,0.00738266 ,0.68 ,
0.231791 ,0.00634921 ,0.68 ,
0.231899 ,0.0052973 ,0.68 ,
0.232007 ,0.00422665 ,0.68 ,
0.232115 ,0.00313699 ,0.68 ,
0.232224 ,0.00202807 ,0.68 ,
0.232333 ,0.000899592 ,0.68 ,
0.232442 ,-0.00024872 ,0.68 ,
0.232552 ,-0.00141715 ,0.68 ,
0.232662 ,-0.002606 ,0.68 ,
0.232773 ,-0.00381556 ,0.68 ,
0.232884 ,-0.00504614 ,0.68 ,
0.232995 ,-0.00629804 ,0.68 ,
0.233107 ,-0.00757157 ,0.68 ,
0.23322 ,-0.00886707 ,0.68 ,
0.233333 ,-0.0101848 ,0.68 ,
0.233446 ,-0.0115252 ,0.68 ,
0.23356 ,-0.0128886 ,0.68 ,
0.233675 ,-0.0142752 ,0.68 ,
0.233791 ,-0.0156854 ,0.68 ,
0.233907 ,-0.0171197 ,0.68 ,
0.234024 ,-0.0185783 ,0.68 ,
0.234142 ,-0.0200616 ,0.68 ,
0.23426 ,-0.0215699 ,0.68 ,
0.23438 ,-0.0231038 ,0.68 ,
0.2345 ,-0.0246635 ,0.68 ,
0.234621 ,-0.0262494 ,0.68 ,
0.234743 ,-0.0278617 ,0.68 ,
0.234866 ,-0.0294991 ,0.68 ,
0.234989 ,-0.0311587 ,0.68 ,
0.235113 ,-0.0328379 ,0.68 ,
0.235238 ,-0.034534 ,0.68 ,
0.235364 ,-0.0362443 ,0.68 ,
0.23549 ,-0.0379661 ,0.68 ,
0.235616 ,-0.0396971 ,0.68 ,
0.235743 ,-0.0414347 ,0.68 ,
0.23587 ,-0.0431765 ,0.68 ,
0.235997 ,-0.0449202 ,0.68 ,
0.236124 ,-0.0466635 ,0.68 ,
0.236251 ,-0.0484043 ,0.68 ,
0.236378 ,-0.0501402 ,0.68 ,
0.236505 ,-0.0518693 ,0.68 ,
0.236632 ,-0.0535895 ,0.68 ,
0.236759 ,-0.0552988 ,0.68 ,
0.236886 ,-0.0569952 ,0.68 ,
0.237012 ,-0.0586769 ,0.68 ,
0.237138 ,-0.060342 ,0.68 ,
0.237264 ,-0.0619888 ,0.68 ,
0.237389 ,-0.0636155 ,0.68 ,
0.237514 ,-0.0652204 ,0.68 ,
0.237638 ,-0.066802 ,0.68 ,
0.237761 ,-0.0683587 ,0.68 ,
0.237884 ,-0.0698901 ,0.68 ,
0.238007 ,-0.0713965 ,0.68 ,
0.238129 ,-0.0728781 ,0.68 ,
0.238251 ,-0.0743355 ,0.68 ,
0.238372 ,-0.0757689 ,0.68 ,
0.238493 ,-0.0771787 ,0.68 ,
0.238613 ,-0.0785653 ,0.68 ,
0.238733 ,-0.079929 ,0.68 ,
0.238853 ,-0.0812702 ,0.68 ,
0.238973 ,-0.0825892 ,0.68 ,
0.239092 ,-0.0838863 ,0.68 ,
0.239211 ,-0.0851618 ,0.68 ,
0.23933 ,-0.0864161 ,0.68 ,
0.239449 ,-0.0876495 ,0.68 ,
0.239567 ,-0.0888623 ,0.68 ,
0.239686 ,-0.0900548 ,0.68 ,
0.239804 ,-0.0912273 ,0.68 ,
0.239922 ,-0.0923801 ,0.68 ,
0.240041 ,-0.0935135 ,0.68 ,
0.240159 ,-0.0946277 ,0.68 ,
0.240278 ,-0.095723 ,0.68 ,
0.240396 ,-0.0967998 ,0.68 ,
0.240515 ,-0.0978583 ,0.68 ,
0.240633 ,-0.0988987 ,0.68 ,
0.240752 ,-0.0999213 ,0.68 ,
0.240871 ,-0.100926 ,0.68 ,
0.240991 ,-0.101914 ,0.68 ,
0.24111 ,-0.102885 ,0.68 ,
0.24123 ,-0.103839 ,0.68 ,
0.241351 ,-0.104776 ,0.68 ,
0.241471 ,-0.105697 ,0.68 ,
0.241592 ,-0.106603 ,0.68 ,
0.241713 ,-0.107492 ,0.68 ,
0.241835 ,-0.108365 ,0.68 ,
0.241957 ,-0.109223 ,0.68 ,
0.24208 ,-0.110066 ,0.68 ,
0.242203 ,-0.110894 ,0.68 ,
0.242327 ,-0.111707 ,0.68 ,
0.242452 ,-0.112506 ,0.68 ,
0.242577 ,-0.11329 ,0.68 ,
0.242703 ,-0.11406 ,0.68 ,
0.242829 ,-0.114816 ,0.68 ,
0.242956 ,-0.115558 ,0.68 ,
0.243084 ,-0.116287 ,0.68 ,
0.243213 ,-0.117002 ,0.68 ,
0.243342 ,-0.117704 ,0.68 ,
0.243472 ,-0.118393 ,0.68 ,
0.243604 ,-0.119068 ,0.68 ,
0.243736 ,-0.119732 ,0.68 ,
0.243869 ,-0.120382 ,0.68 ,
0.244003 ,-0.12102 ,0.68 ,
0.244138 ,-0.121646 ,0.68 ,
0.244274 ,-0.12226 ,0.68 ,
0.244411 ,-0.122862 ,0.68 ,
0.244549 ,-0.123452 ,0.68 ,
0.244689 ,-0.124031 ,0.68 ,
0.24483 ,-0.124598 ,0.68 ,
0.244971 ,-0.125153 ,0.68 ,
0.245114 ,-0.125698 ,0.68 ,
0.245259 ,-0.126231 ,0.68 ,
0.245405 ,-0.126753 ,0.68 ,
0.245552 ,-0.127265 ,0.68 ,
0.2457 ,-0.127766 ,0.68 ,
0.24585 ,-0.128256 ,0.68 ,
0.246001 ,-0.128736 ,0.68 ,
0.246154 ,-0.129206 ,0.68 ,
0.246309 ,-0.129665 ,0.68 ,
0.246465 ,-0.130114 ,0.68 ,
0.246623 ,-0.130554 ,0.68 ,
0.246782 ,-0.130983 ,0.68 ,
0.246943 ,-0.131403 ,0.68 ,
0.247106 ,-0.131813 ,0.68 ,
0.24727 ,-0.132214 ,0.68 ,
0.247437 ,-0.132605 ,0.68 ,
0.247605 ,-0.132986 ,0.68 ,
0.247775 ,-0.133359 ,0.68 ,
0.247947 ,-0.133722 ,0.68 ,
0.248122 ,-0.134076 ,0.68 ,
0.248298 ,-0.134422 ,0.68 ,
0.248476 ,-0.134758 ,0.68 ,
0.248657 ,-0.135086 ,0.68 ,
0.248839 ,-0.135405 ,0.68 ,
0.249024 ,-0.135715 ,0.68 ,
0.249211 ,-0.136016 ,0.68 ,
0.2494 ,-0.13631 ,0.68 ,
0.249592 ,-0.136594 ,0.68 ,
0.249786 ,-0.136871 ,0.68 ,
0.249983 ,-0.137139 ,0.68 ,
0.250182 ,-0.137399 ,0.68 ,
0.250384 ,-0.13765 ,0.68 ,
0.250588 ,-0.137894 ,0.68 ,
0.250795 ,-0.13813 ,0.68 ,
0.251005 ,-0.138357 ,0.68 ,
0.251218 ,-0.138577 ,0.68 ,
0.251433 ,-0.138789 ,0.68 ,
0.251651 ,-0.138993 ,0.68 ,
0.251872 ,-0.13919 ,0.68 ,
0.252096 ,-0.139378 ,0.68 ,
0.252323 ,-0.139559 ,0.68 ,
0.252554 ,-0.139733 ,0.68 ,
0.252787 ,-0.139899 ,0.68 ,
0.253024 ,-0.140057 ,0.68 ,
0.253263 ,-0.140208 ,0.68 ,
0.253507 ,-0.140351 ,0.68 ,
0.253753 ,-0.140487 ,0.68 ,
0.254003 ,-0.140616 ,0.68 ,
0.254257 ,-0.140737 ,0.68 ,
0.254514 ,-0.140851 ,0.68 ,
0.254775 ,-0.140958 ,0.68 ,
0.255039 ,-0.141057 ,0.68 ,
0.255307 ,-0.141149 ,0.68 ,
0.255579 ,-0.141235 ,0.68 ,
0.255856 ,-0.141312 ,0.68 ,
0.256136 ,-0.141383 ,0.68 ,
0.25642 ,-0.141446 ,0.68 ,
0.256708 ,-0.141503 ,0.68 ,
0.257 ,-0.141552 ,0.68 ,
0.257297 ,-0.141594 ,0.68 ,
0.257598 ,-0.141629 ,0.68 ,
0.257903 ,-0.141657 ,0.68 ,
0.258213 ,-0.141678 ,0.68 ,
0.258527 ,-0.141692 ,0.68 ,
0.258847 ,-0.141699 ,0.68 ,
0.25917 ,-0.141698 ,0.68 ,
0.259499 ,-0.141691 ,0.68 ,
0.259833 ,-0.141677 ,0.68 ,
0.260171 ,-0.141655 ,0.68 ,
0.260515 ,-0.141626 ,0.68 ,
0.260863 ,-0.141591 ,0.68 ,
0.261217 ,-0.141548 ,0.68 ,
0.261577 ,-0.141498 ,0.68 ,
0.261941 ,-0.141441 ,0.68 ,
0.262312 ,-0.141377 ,0.68 ,
0.262687 ,-0.141306 ,0.68 ,
0.263069 ,-0.141227 ,0.68 ,
0.263456 ,-0.141141 ,0.68 ,
0.263849 ,-0.141049 ,0.68 ,
0.264249 ,-0.140948 ,0.68 ,
0.264654 ,-0.140841 ,0.68 ,
0.265065 ,-0.140726 ,0.68 ,
0.265483 ,-0.140604 ,0.68 ,
0.265907 ,-0.140475 ,0.68 ,
0.266338 ,-0.140338 ,0.68 ,
0.266775 ,-0.140194 ,0.68 ,
0.267219 ,-0.140043 ,0.68 ,
0.26767 ,-0.139884 ,0.68 ,
0.268127 ,-0.139717 ,0.68 ,
0.268592 ,-0.139543 ,0.68 ,
0.269064 ,-0.139361 ,0.68 ,
0.269543 ,-0.139172 ,0.68 ,
0.27003 ,-0.138975 ,0.68 ,
0.270524 ,-0.13877 ,0.68 ,
0.271026 ,-0.138557 ,0.68 ,
0.271535 ,-0.138337 ,0.68 ,
0.272053 ,-0.138109 ,0.68 ,
0.272578 ,-0.137872 ,0.68 ,
0.273112 ,-0.137628 ,0.68 ,
0.273654 ,-0.137375 ,0.68 ,
0.274205 ,-0.137115 ,0.68 ,
0.274764 ,-0.136846 ,0.68 ,
0.275331 ,-0.136569 ,0.68 ,
0.275908 ,-0.136283 ,0.68 ,
0.276493 ,-0.135989 ,0.68 ,
0.277088 ,-0.135687 ,0.68 ,
0.277692 ,-0.135376 ,0.68 ,
0.278306 ,-0.135056 ,0.68 ,
0.278929 ,-0.134728 ,0.68 ,
0.279562 ,-0.134391 ,0.68 ,
0.280205 ,-0.134045 ,0.68 ,
0.280857 ,-0.133689 ,0.68 ,
0.281521 ,-0.133325 ,0.68 ,
0.282194 ,-0.132952 ,0.68 ,
0.282878 ,-0.132569 ,0.68 ,
0.283573 ,-0.132177 ,0.68 ,
0.284279 ,-0.131776 ,0.68 ,
0.284996 ,-0.131365 ,0.68 ,
0.285724 ,-0.130945 ,0.68 ,
0.286463 ,-0.130514 ,0.68 ,
0.287215 ,-0.130074 ,0.68 ,
0.287978 ,-0.129624 ,0.68 ,
0.288753 ,-0.129163 ,0.68 ,
0.28954 ,-0.128693 ,0.68 ,
0.29034 ,-0.128212 ,0.68 ,
0.291152 ,-0.127721 ,0.68 ,
0.291977 ,-0.127219 ,0.68 ,
0.292816 ,-0.126706 ,0.68 ,
0.293667 ,-0.126183 ,0.68 ,
0.294532 ,-0.125649 ,0.68 ,
0.295411 ,-0.125103 ,0.68 ,
0.296303 ,-0.124546 ,0.68 ,
0.29721 ,-0.123978 ,0.68 ,
0.298131 ,-0.123399 ,0.68 ,
0.299066 ,-0.122808 ,0.68 ,
0.300016 ,-0.122205 ,0.68 ,
0.300982 ,-0.12159 ,0.68 ,
0.301962 ,-0.120963 ,0.68 ,
0.302958 ,-0.120323 ,0.68 ,
0.30397 ,-0.119672 ,0.68 ,
0.304998 ,-0.119007 ,0.68 ,
0.306043 ,-0.11833 ,0.68 ,
0.307103 ,-0.11764 ,0.68 ,
0.308181 ,-0.116937 ,0.68 ,
0.309276 ,-0.116221 ,0.68 ,
0.310388 ,-0.115491 ,0.68 ,
0.311517 ,-0.114748 ,0.68 ,
0.312665 ,-0.11399 ,0.68 ,
0.313831 ,-0.113219 ,0.68 ,
0.315015 ,-0.112434 ,0.68 ,
0.316218 ,-0.111634 ,0.68 ,
0.317441 ,-0.110819 ,0.68 ,
0.318682 ,-0.10999 ,0.68 ,
0.319944 ,-0.109146 ,0.68 ,
0.321225 ,-0.108286 ,0.68 ,
0.322527 ,-0.107411 ,0.68 ,
0.323849 ,-0.106521 ,0.68 ,
0.325192 ,-0.105614 ,0.68 ,
0.326555 ,-0.104693 ,0.68 ,
0.327936 ,-0.103759 ,0.68 ,
0.329332 ,-0.102812 ,0.68 ,
0.330741 ,-0.101856 ,0.68 ,
0.332161 ,-0.100892 ,0.68 ,
0.33359 ,-0.0999201 ,0.68 ,
0.335026 ,-0.0989432 ,0.68 ,
0.336467 ,-0.0979624 ,0.68 ,
0.337911 ,-0.0969791 ,0.68 ,
0.339356 ,-0.0959947 ,0.68 ,
0.340801 ,-0.0950107 ,0.68 ,
0.342243 ,-0.0940283 ,0.68 ,
0.343681 ,-0.0930488 ,0.68 ,
0.345113 ,-0.0920734 ,0.68 ,
0.346538 ,-0.0911035 ,0.68 ,
0.347953 ,-0.0901402 ,0.68 ,
0.349358 ,-0.0891847 ,0.68 ,
0.350751 ,-0.088238 ,0.68 ,
0.352131 ,-0.0873014 ,0.68 ,
0.353495 ,-0.0863758 ,0.68 ,
0.354843 ,-0.0854624 ,0.68 ,
0.356173 ,-0.0845621 ,0.68 ,
0.357484 ,-0.0836759 ,0.68 ,
0.358775 ,-0.0828046 ,0.68 ,
0.360045 ,-0.0819486 ,0.68 ,
0.361295 ,-0.0811078 ,0.68 ,
0.362525 ,-0.0802819 ,0.68 ,
0.363735 ,-0.0794707 ,0.68 ,
0.364926 ,-0.078674 ,0.68 ,
0.366097 ,-0.0778917 ,0.68 ,
0.36725 ,-0.0771234 ,0.68 ,
0.368384 ,-0.0763691 ,0.68 ,
0.3695 ,-0.0756285 ,0.68 ,
0.370598 ,-0.0749015 ,0.68 ,
0.371678 ,-0.0741878 ,0.68 ,
0.37274 ,-0.0734873 ,0.68 ,
0.373786 ,-0.0727998 ,0.68 ,
0.374814 ,-0.0721252 ,0.68 ,
0.375826 ,-0.0714633 ,0.68 ,
0.376822 ,-0.0708138 ,0.68 ,
0.377801 ,-0.0701767 ,0.68 ,
0.378764 ,-0.0695518 ,0.68 ,
0.379712 ,-0.0689389 ,0.68 ,
0.380644 ,-0.0683379 ,0.68 ,
0.381561 ,-0.0677486 ,0.68 ,
0.382463 ,-0.0671709 ,0.68 ,
0.38335 ,-0.0666046 ,0.68 ,
0.384223 ,-0.0660496 ,0.68 ,
0.385081 ,-0.0655057 ,0.68 ,
0.385926 ,-0.0649729 ,0.68 ,
0.386756 ,-0.0644509 ,0.68 ,
0.387573 ,-0.0639397 ,0.68 ,
0.388376 ,-0.0634392 ,0.68 ,
0.389166 ,-0.0629491 ,0.68 ,
0.389943 ,-0.0624694 ,0.68 ,
0.390707 ,-0.0619999 ,0.68 ,
0.391458 ,-0.0615406 ,0.68 ,
0.392197 ,-0.0610913 ,0.68 ,
0.392924 ,-0.0606519 ,0.68 ,
0.393638 ,-0.0602223 ,0.68 ,
0.394341 ,-0.0598024 ,0.68 ,
0.395031 ,-0.0593921 ,0.68 ,
0.39571 ,-0.0589913 ,0.68 ,
0.396378 ,-0.0585998 ,0.68 ,
0.397034 ,-0.0582177 ,0.68 ,
0.39768 ,-0.0578447 ,0.68 ,
0.398314 ,-0.0574808 ,0.68 ,
0.398937 ,-0.057126 ,0.68 ,
0.39955 ,-0.05678 ,0.68 ,
0.400153 ,-0.0564429 ,0.68 ,
0.400745 ,-0.0561145 ,0.68 ,
0.401327 ,-0.0557948 ,0.68 ,
0.401899 ,-0.0554836 ,0.68 ,
0.402461 ,-0.055181 ,0.68 ,
0.403013 ,-0.0548868 ,0.68 ,
0.403556 ,-0.0546009 ,0.68 ,
0.404089 ,-0.0543234 ,0.68 ,
0.404613 ,-0.054054 ,0.68 ,
0.405127 ,-0.0537928 ,0.68 ,
0.405633 ,-0.0535397 ,0.68 ,
0.406129 ,-0.0532946 ,0.68 ,
0.406617 ,-0.0530574 ,0.68 ,
0.407096 ,-0.0528282 ,0.68 ,
0.407567 ,-0.0526067 ,0.68 ,
0.408029 ,-0.0523931 ,0.68 ,
0.408482 ,-0.0521872 ,0.68 ,
0.408928 ,-0.051989 ,0.68 ,
0.409365 ,-0.0517984 ,0.68 ,
0.409794 ,-0.0516154 ,0.68 ,
0.410216 ,-0.0514399 ,0.68 ,
0.410629 ,-0.0512719 ,0.68 ,
0.411035 ,-0.0511113 ,0.68 ,
0.411434 ,-0.0509582 ,0.68 ,
0.411824 ,-0.0508125 ,0.68 ,
0.412208 ,-0.050674 ,0.68 ,
0.412584 ,-0.0505429 ,0.68 ,
0.412953 ,-0.050419 ,0.68 ,
0.413314 ,-0.0503024 ,0.68 ,
0.413669 ,-0.050193 ,0.68 ,
0.414017 ,-0.0500908 ,0.68 ,
0.414358 ,-0.0499957 ,0.68 ,
0.414692 ,-0.0499077 ,0.68 ,
0.415019 ,-0.0498269 ,0.68 ,
0.41534 ,-0.0497531 ,0.68 ,
0.415655 ,-0.0496864 ,0.68 ,
0.415963 ,-0.0496268 ,0.68 ,
0.416264 ,-0.0495742 ,0.68 ,
0.416559 ,-0.0495286 ,0.68 ,
0.416849 ,-0.04949 ,0.68 ,
0.417131 ,-0.0494585 ,0.68 ,
0.417408 ,-0.0494339 ,0.68 ,
0.417679 ,-0.0494163 ,0.68 ,
0.417944 ,-0.0494057 ,0.68 ,
0.418203 ,-0.0494021 ,0.68 ,
0.418456 ,-0.0494055 ,0.68 ,
0.418704 ,-0.0494159 ,0.68 ,
0.418946 ,-0.0494332 ,0.68 ,
0.419182 ,-0.0494575 ,0.68 ,
0.419412 ,-0.0494888 ,0.68 ,
0.419638 ,-0.0495272 ,0.68 ,
0.419857 ,-0.0495725 ,0.68 ,
0.420072 ,-0.0496249 ,0.68 ,
0.420281 ,-0.0496843 ,0.68 ,
0.420484 ,-0.0497507 ,0.68 ,
0.420683 ,-0.0498242 ,0.68 ,
0.420876 ,-0.0499048 ,0.68 ,
0.421064 ,-0.0499925 ,0.68 ,
0.421247 ,-0.0500874 ,0.68 ,
0.421425 ,-0.0501894 ,0.68 ,
0.421598 ,-0.0502985 ,0.68 ,
0.421766 ,-0.0504149 ,0.68 ,
0.42193 ,-0.0505385 ,0.68 ,
0.422088 ,-0.0506694 ,0.68 ,
0.422241 ,-0.0508076 ,0.68 ,
0.42239 ,-0.0509531 ,0.68 ,
0.422534 ,-0.051106 ,0.68 ,
0.422673 ,-0.0512662 ,0.68 ,
0.422808 ,-0.051434 ,0.68 ,
0.422937 ,-0.0516092 ,0.68 ,
0.423063 ,-0.051792 ,0.68 ,
0.423183 ,-0.0519823 ,0.68 ,
0.423299 ,-0.0521803 ,0.68 ,
0.423411 ,-0.0523859 ,0.68 ,
0.423518 ,-0.0525993 ,0.68 ,
0.423621 ,-0.0528204 ,0.68 ,
0.423719 ,-0.0530494 ,0.68 ,
0.423813 ,-0.0532863 ,0.68 ,
0.423902 ,-0.0535311 ,0.68 ,
0.423987 ,-0.053784 ,0.68 ,
0.424068 ,-0.0540449 ,0.68 ,
0.424144 ,-0.054314 ,0.68 ,
0.424216 ,-0.0545913 ,0.68 ,
0.424284 ,-0.0548768 ,0.68 ,
0.424347 ,-0.0551707 ,0.68 ,
0.424406 ,-0.0554731 ,0.68 ,
0.424461 ,-0.0557839 ,0.68 ,
0.424512 ,-0.0561034 ,0.68 ,
0.424558 ,-0.0564314 ,0.68 ,
0.4246 ,-0.0567683 ,0.68 ,
0.424638 ,-0.0571139 ,0.68 ,
0.424672 ,-0.0574685 ,0.68 ,
0.424702 ,-0.0578321 ,0.68 ,
0.424727 ,-0.0582047 ,0.68 ,
0.424748 ,-0.0585866 ,0.68 ,
0.424766 ,-0.0589777 ,0.68 ,
0.424778 ,-0.0593782 ,0.68 ,
0.424787 ,-0.0597882 ,0.68 ,
0.424792 ,-0.0602077 ,0.68 ,
0.424792 ,-0.060637 ,0.68 ,
0.424789 ,-0.061076 ,0.68 ,
0.424781 ,-0.061525 ,0.68 ,
0.424769 ,-0.061984 ,0.68 ,
0.424753 ,-0.0624531 ,0.68 ,
0.424733 ,-0.0629324 ,0.68 ,
0.424708 ,-0.0634222 ,0.68 ,
0.42468 ,-0.0639224 ,0.68 ,
0.424647 ,-0.0644332 ,0.68 ,
0.42461 ,-0.0649548 ,0.68 ,
0.424569 ,-0.0654872 ,0.68 ,
0.424523 ,-0.0660307 ,0.68 ,
0.424474 ,-0.0665853 ,0.68 ,
0.42442 ,-0.0671512 ,0.68 ,
0.424362 ,-0.0677285 ,0.68 ,
0.424299 ,-0.0683174 ,0.68 ,
0.424233 ,-0.0689181 ,0.68 ,
0.424162 ,-0.0695305 ,0.68 ,
0.424087 ,-0.070155 ,0.68 ,
0.424007 ,-0.0707917 ,0.68 ,
0.423923 ,-0.0714407 ,0.68 ,
0.423835 ,-0.0721023 ,0.68 ,
0.423742 ,-0.0727765 ,0.68 ,
0.423645 ,-0.0734635 ,0.68 ,
0.423544 ,-0.0741635 ,0.68 ,
0.423438 ,-0.0748767 ,0.68 ,
0.423327 ,-0.0756033 ,0.68 ,
0.423212 ,-0.0763434 ,0.68 ,
0.423093 ,-0.0770973 ,0.68 ,
0.422968 ,-0.0778651 ,0.68 ,
0.42284 ,-0.0786469 ,0.68 ,
0.422706 ,-0.0794431 ,0.68 ,
0.422568 ,-0.0802538 ,0.68 ,
0.422425 ,-0.0810792 ,0.68 ,
0.422278 ,-0.0819195 ,0.68 ,
0.422126 ,-0.082775 ,0.68 ,
0.421969 ,-0.0836457 ,0.68 ,
0.421807 ,-0.0845321 ,0.68 ,
0.42164 ,-0.0854342 ,0.68 ,
0.421468 ,-0.0863523 ,0.68 ,
0.421291 ,-0.0872867 ,0.68 ,
0.421109 ,-0.0882375 ,0.68 ,
0.420922 ,-0.089205 ,0.68 ,
0.42073 ,-0.0901895 ,0.68 ,
0.420533 ,-0.0911912 ,0.68 ,
0.420331 ,-0.0922103 ,0.68 ,
0.420123 ,-0.0932471 ,0.68 ,
0.41991 ,-0.0943019 ,0.68 ,
0.419692 ,-0.095375 ,0.68 ,
0.419468 ,-0.0964665 ,0.68 ,
0.419238 ,-0.0975768 ,0.68 ,
0.419004 ,-0.0987061 ,0.68 ,
0.418763 ,-0.0998548 ,0.68 ,
0.418517 ,-0.101023 ,0.68 ,
0.418265 ,-0.102211 ,0.68 ,
0.418008 ,-0.10342 ,0.68 ,
0.417744 ,-0.104649 ,0.68 ,
0.417475 ,-0.105898 ,0.68 ,
0.417199 ,-0.107169 ,0.68 ,
0.416918 ,-0.108461 ,0.68 ,
0.41663 ,-0.109776 ,0.68 ,
0.416337 ,-0.111112 ,0.68 ,
0.416037 ,-0.11247 ,0.68 ,
0.41573 ,-0.113852 ,0.68 ,
0.415418 ,-0.115256 ,0.68 ,
0.415098 ,-0.116684 ,0.68 ,
0.414772 ,-0.118136 ,0.68 ,
0.41444 ,-0.119612 ,0.68 ,
0.414101 ,-0.121113 ,0.68 ,
0.413754 ,-0.122638 ,0.68 ,
0.413401 ,-0.124189 ,0.68 ,
0.413041 ,-0.125765 ,0.68 ,
0.412675 ,-0.127366 ,0.68 ,
0.412303 ,-0.128988 ,0.68 ,
0.411925 ,-0.130629 ,0.68 ,
0.411543 ,-0.132286 ,0.68 ,
0.411158 ,-0.133957 ,0.68 ,
0.410769 ,-0.135639 ,0.68 ,
0.410378 ,-0.13733 ,0.68 ,
0.409986 ,-0.139028 ,0.68 ,
0.409592 ,-0.140729 ,0.68 ,
0.409198 ,-0.142432 ,0.68 ,
0.408805 ,-0.144135 ,0.68 ,
0.408412 ,-0.145836 ,0.68 ,
0.40802 ,-0.147532 ,0.68 ,
0.407631 ,-0.149221 ,0.68 ,
0.407244 ,-0.150902 ,0.68 ,
0.40686 ,-0.152573 ,0.68 ,
0.406479 ,-0.154231 ,0.68 ,
0.406103 ,-0.155875 ,0.68 ,
0.405731 ,-0.157503 ,0.68 ,
0.405365 ,-0.159113 ,0.68 ,
0.405004 ,-0.160704 ,0.68 ,
0.404648 ,-0.162274 ,0.68 ,
0.4043 ,-0.163822 ,0.68 ,
0.403958 ,-0.165346 ,0.68 ,
0.403623 ,-0.166845 ,0.68 ,
0.403295 ,-0.16832 ,0.68 ,
0.402974 ,-0.169772 ,0.68 ,
0.402659 ,-0.1712 ,0.68 ,
0.402351 ,-0.172605 ,0.68 ,
0.40205 ,-0.173988 ,0.68 ,
0.401755 ,-0.175348 ,0.68 ,
0.401467 ,-0.176686 ,0.68 ,
0.401185 ,-0.178003 ,0.68 ,
0.40091 ,-0.179298 ,0.68 ,
0.40064 ,-0.180573 ,0.68 ,
0.400377 ,-0.181826 ,0.68 ,
0.40012 ,-0.18306 ,0.68 ,
0.399869 ,-0.184273 ,0.68 ,
0.399624 ,-0.185467 ,0.68 ,
0.399385 ,-0.186641 ,0.68 ,
0.399151 ,-0.187796 ,0.68 ,
0.398924 ,-0.188933 ,0.68 ,
0.398702 ,-0.19005 ,0.68 ,
0.398486 ,-0.19115 ,0.68 ,
0.398275 ,-0.192231 ,0.68 ,
0.39807 ,-0.193295 ,0.68 ,
0.397871 ,-0.194341 ,0.68 ,
0.397677 ,-0.19537 ,0.68 ,
0.397488 ,-0.196382 ,0.68 ,
0.397305 ,-0.197378 ,0.68 ,
0.397127 ,-0.198357 ,0.68 ,
0.396954 ,-0.199319 ,0.68 ,
0.396787 ,-0.200266 ,0.68 ,
0.396625 ,-0.201197 ,0.68 ,
0.396468 ,-0.202113 ,0.68 ,
0.396316 ,-0.203013 ,0.68 ,
0.396169 ,-0.203898 ,0.68 ,
0.396027 ,-0.204769 ,0.68 ,
0.39589 ,-0.205625 ,0.68 ,
0.395759 ,-0.206466 ,0.68 ,
0.395632 ,-0.207294 ,0.68 ,
0.39551 ,-0.208107 ,0.68 ,
0.395393 ,-0.208907 ,0.68 ,
0.39528 ,-0.209693 ,0.68 ,
0.395173 ,-0.210466 ,0.68 ,
0.39507 ,-0.211225 ,0.68 ,
0.394972 ,-0.211972 ,0.68 ,
0.394879 ,-0.212706 ,0.68 ,
0.394791 ,-0.213427 ,0.68 ,
0.394707 ,-0.214136 ,0.68 ,
0.394628 ,-0.214832 ,0.68 ,
0.394554 ,-0.215517 ,0.68 ,
0.394484 ,-0.216189 ,0.68 ,
0.394419 ,-0.21685 ,0.68 ,
0.394358 ,-0.217499 ,0.68 ,
0.394302 ,-0.218137 ,0.68 ,
0.394251 ,-0.218764 ,0.68 ,
0.394204 ,-0.21938 ,0.68 ,
0.394162 ,-0.219984 ,0.68 ,
0.394124 ,-0.220578 ,0.68 ,
0.394091 ,-0.221161 ,0.68 ,
0.394062 ,-0.221734 ,0.68 ,
0.394038 ,-0.222296 ,0.68 ,
0.394018 ,-0.222849 ,0.68 ,
0.394003 ,-0.223391 ,0.68 ,
0.393992 ,-0.223923 ,0.68 ,
0.393986 ,-0.224445 ,0.68 ,
0.393985 ,-0.224958 ,0.68 ,
0.393987 ,-0.225461 ,0.68 ,
0.393995 ,-0.225955 ,0.68 ,
0.394007 ,-0.22644 ,0.68 ,
0.394023 ,-0.226915 ,0.68 ,
0.394044 ,-0.227381 ,0.68 ,
0.394069 ,-0.227839 ,0.68 ,
0.394099 ,-0.228287 ,0.68 ,
0.394133 ,-0.228727 ,0.68 ,
0.394172 ,-0.229158 ,0.68 ,
0.394215 ,-0.229581 ,0.68 ,
0.394263 ,-0.229995 ,0.68 ,
0.394316 ,-0.230402 ,0.68 ,
0.394373 ,-0.2308 ,0.68 ,
0.394435 ,-0.231189 ,0.68 ,
0.394501 ,-0.231571 ,0.68 ,
0.394572 ,-0.231945 ,0.68 ,
0.394648 ,-0.232312 ,0.68 ,
0.394728 ,-0.23267 ,0.68 ,
0.394813 ,-0.233021 ,0.68 ,
0.394902 ,-0.233365 ,0.68 ,
0.394997 ,-0.233701 ,0.68 ,
0.395096 ,-0.234029 ,0.68 ,
0.3952 ,-0.234351 ,0.68 ,
0.395308 ,-0.234665 ,0.68 ,
0.395422 ,-0.234972 ,0.68 ,
0.39554 ,-0.235272 ,0.68 ,
0.395663 ,-0.235566 ,0.68 ,
0.395791 ,-0.235852 ,0.68 ,
0.395924 ,-0.236131 ,0.68 ,
0.396062 ,-0.236404 ,0.68 ,
0.396205 ,-0.23667 ,0.68 ,
0.396354 ,-0.23693 ,0.68 ,
0.396507 ,-0.237183 ,0.68 ,
0.396665 ,-0.237429 ,0.68 ,
0.396829 ,-0.237669 ,0.68 ,
0.396997 ,-0.237903 ,0.68 ,
0.397171 ,-0.23813 ,0.68 ,
0.39735 ,-0.238351 ,0.68 ,
0.397535 ,-0.238566 ,0.68 ,
0.397725 ,-0.238775 ,0.68 ,
0.39792 ,-0.238978 ,0.68 ,
0.398121 ,-0.239175 ,0.68 ,
0.398328 ,-0.239366 ,0.68 ,
0.39854 ,-0.239551 ,0.68 ,
0.398757 ,-0.23973 ,0.68 ,
0.39898 ,-0.239903 ,0.68 ,
0.399209 ,-0.24007 ,0.68 ,
0.399444 ,-0.240232 ,0.68 ,
0.399685 ,-0.240388 ,0.68 ,
0.399932 ,-0.240538 ,0.68 ,
0.400184 ,-0.240683 ,0.68 ,
0.400443 ,-0.240822 ,0.68 ,
0.400708 ,-0.240955 ,0.68 ,
0.400978 ,-0.241083 ,0.68 ,
0.401256 ,-0.241205 ,0.68 ,
0.401539 ,-0.241322 ,0.68 ,
0.401829 ,-0.241434 ,0.68 ,
0.402125 ,-0.24154 ,0.68 ,
0.402428 ,-0.241641 ,0.68 ,
0.402738 ,-0.241736 ,0.68 ,
0.403054 ,-0.241826 ,0.68 ,
0.403377 ,-0.241911 ,0.68 ,
0.403707 ,-0.24199 ,0.68 ,
0.404043 ,-0.242065 ,0.68 ,
0.404387 ,-0.242134 ,0.68 ,
0.404738 ,-0.242197 ,0.68 ,
0.405096 ,-0.242256 ,0.68 ,
0.405461 ,-0.242309 ,0.68 ,
0.405834 ,-0.242357 ,0.68 ,
0.406214 ,-0.2424 ,0.68 ,
0.406601 ,-0.242438 ,0.68 ,
0.406997 ,-0.242471 ,0.68 ,
0.4074 ,-0.242498 ,0.68 ,
0.407811 ,-0.24252 ,0.68 ,
0.40823 ,-0.242537 ,0.68 ,
0.408657 ,-0.24255 ,0.68 ,
0.409092 ,-0.242556 ,0.68 ,
0.409535 ,-0.242558 ,0.68 ,
0.409987 ,-0.242555 ,0.68 ,
0.410447 ,-0.242546 ,0.68 ,
0.410916 ,-0.242533 ,0.68 ,
0.411394 ,-0.242514 ,0.68 ,
0.41188 ,-0.24249 ,0.68 ,
0.412376 ,-0.242461 ,0.68 ,
0.41288 ,-0.242427 ,0.68 ,
0.413394 ,-0.242388 ,0.68 ,
0.413917 ,-0.242343 ,0.68 ,
0.41445 ,-0.242294 ,0.68 ,
0.414992 ,-0.242239 ,0.68 ,
0.415544 ,-0.242179 ,0.68 ,
0.416106 ,-0.242114 ,0.68 ,
0.416678 ,-0.242043 ,0.68 ,
0.41726 ,-0.241967 ,0.68 ,
0.417852 ,-0.241886 ,0.68 ,
0.418455 ,-0.2418 ,0.68 ,
0.419068 ,-0.241708 ,0.68 ,
0.419693 ,-0.241611 ,0.68 ,
0.420328 ,-0.241509 ,0.68 ,
0.420974 ,-0.241401 ,0.68 ,
0.421632 ,-0.241288 ,0.68 ,
0.422301 ,-0.24117 ,0.68 ,
0.422981 ,-0.241045 ,0.68 ,
0.423674 ,-0.240916 ,0.68 ,
0.424378 ,-0.240781 ,0.68 ,
0.425094 ,-0.24064 ,0.68 ,
0.425823 ,-0.240494 ,0.68 ,
0.426564 ,-0.240342 ,0.68 ,
0.427318 ,-0.240184 ,0.68 ,
0.428084 ,-0.240021 ,0.68 ,
0.428864 ,-0.239852 ,0.68 ,
0.429657 ,-0.239677 ,0.68 ,
0.430463 ,-0.239496 ,0.68 ,
0.431283 ,-0.23931 ,0.68 ,
0.432117 ,-0.239117 ,0.68 ,
0.432965 ,-0.238918 ,0.68 ,
0.433827 ,-0.238714 ,0.68 ,
0.434703 ,-0.238503 ,0.68 ,
0.435594 ,-0.238286 ,0.68 ,
0.436501 ,-0.238063 ,0.68 ,
0.437422 ,-0.237834 ,0.68 ,
0.438359 ,-0.237598 ,0.68 ,
0.439311 ,-0.237356 ,0.68 ,
0.440279 ,-0.237108 ,0.68 ,
0.441263 ,-0.236853 ,0.68 ,
0.442264 ,-0.236592 ,0.68 ,
0.443281 ,-0.236324 ,0.68 ,
0.444315 ,-0.236049 ,0.68 ,
0.445366 ,-0.235767 ,0.68 ,
0.446434 ,-0.235479 ,0.68 ,
0.44752 ,-0.235184 ,0.68 ,
0.448624 ,-0.234882 ,0.68 ,
0.449746 ,-0.234572 ,0.68 ,
0.450887 ,-0.234256 ,0.68 ,
0.452046 ,-0.233932 ,0.68 ,
0.453224 ,-0.233602 ,0.68 ,
0.454422 ,-0.233263 ,0.68 ,
0.45564 ,-0.232918 ,0.68 ,
0.456877 ,-0.232564 ,0.68 ,
0.458134 ,-0.232204 ,0.68 ,
0.459412 ,-0.231835 ,0.68 ,
0.460711 ,-0.231459 ,0.68 ,
0.462031 ,-0.231074 ,0.68 ,
0.463373 ,-0.230682 ,0.68 ,
0.464737 ,-0.230282 ,0.68 ,
0.466122 ,-0.229873 ,0.68 ,
0.467531 ,-0.229456 ,0.68 ,
0.468962 ,-0.229031 ,0.68 ,
0.470417 ,-0.228597 ,0.68 ,
0.471895 ,-0.228155 ,0.68 ,
0.473397 ,-0.227703 ,0.68 ,
0.474923 ,-0.227243 ,0.68 ,
0.476475 ,-0.226775 ,0.68 ,
0.478049 ,-0.226297 ,0.68 ,
0.479644 ,-0.225812 ,0.68 ,
0.481257 ,-0.225321 ,0.68 ,
0.482886 ,-0.224824 ,0.68 ,
0.484527 ,-0.224322 ,0.68 ,
0.48618 ,-0.223816 ,0.68 ,
0.48784 ,-0.223307 ,0.68 ,
0.489507 ,-0.222796 ,0.68 ,
0.491177 ,-0.222283 ,0.68 ,
0.492848 ,-0.22177 ,0.68 ,
0.494519 ,-0.221257 ,0.68 ,
0.496187 ,-0.220745 ,0.68 ,
0.497851 ,-0.220234 ,0.68 ,
0.499507 ,-0.219725 ,0.68 ,
0.501155 ,-0.21922 ,0.68 ,
0.502792 ,-0.218718 ,0.68 ,
0.504417 ,-0.21822 ,0.68 ,
0.506027 ,-0.217727 ,0.68 ,
0.507622 ,-0.21724 ,0.68 ,
0.509198 ,-0.216759 ,0.68 ,
0.510756 ,-0.216285 ,0.68 ,
0.512293 ,-0.215818 ,0.68 ,
0.513807 ,-0.215359 ,0.68 ,
0.515298 ,-0.214908 ,0.68 ,
0.516764 ,-0.214465 ,0.68 ,
0.518207 ,-0.214032 ,0.68 ,
0.519626 ,-0.213606 ,0.68 ,
0.521022 ,-0.213189 ,0.68 ,
0.522395 ,-0.212779 ,0.68 ,
0.523745 ,-0.212378 ,0.68 ,
0.525073 ,-0.211985 ,0.68 ,
0.52638 ,-0.211599 ,0.68 ,
0.527664 ,-0.211222 ,0.68 ,
0.528928 ,-0.210851 ,0.68 ,
0.530171 ,-0.210489 ,0.68 ,
0.531393 ,-0.210134 ,0.68 ,
0.532595 ,-0.209786 ,0.68 ,
0.533777 ,-0.209445 ,0.68 ,
0.534939 ,-0.209112 ,0.68 ,
0.536082 ,-0.208786 ,0.68 ,
0.537206 ,-0.208466 ,0.68 ,
0.538311 ,-0.208154 ,0.68 ,
0.539397 ,-0.207849 ,0.68 ,
0.540465 ,-0.20755 ,0.68 ,
0.541516 ,-0.207258 ,0.68 ,
0.542548 ,-0.206973 ,0.68 ,
0.543563 ,-0.206694 ,0.68 ,
0.544561 ,-0.206422 ,0.68 ,
0.545542 ,-0.206156 ,0.68 ,
0.546506 ,-0.205896 ,0.68 ,
0.547453 ,-0.205643 ,0.68 ,
0.548385 ,-0.205396 ,0.68 ,
0.5493 ,-0.205155 ,0.68 ,
0.550199 ,-0.20492 ,0.68 ,
0.551083 ,-0.204692 ,0.68 ,
0.551952 ,-0.204469 ,0.68 ,
0.552806 ,-0.204252 ,0.68 ,
0.553644 ,-0.204041 ,0.68 ,
0.554468 ,-0.203836 ,0.68 ,
0.555278 ,-0.203637 ,0.68 ,
0.556073 ,-0.203443 ,0.68 ,
0.556854 ,-0.203255 ,0.68 ,
0.557621 ,-0.203073 ,0.68 ,
0.558374 ,-0.202897 ,0.68 ,
0.559114 ,-0.202725 ,0.68 ,
0.559841 ,-0.20256 ,0.68 ,
0.560555 ,-0.2024 ,0.68 ,
0.561255 ,-0.202245 ,0.68 ,
0.561943 ,-0.202095 ,0.68 ,
0.562618 ,-0.201951 ,0.68 ,
0.563281 ,-0.201813 ,0.68 ,
0.563931 ,-0.201679 ,0.68 ,
0.564569 ,-0.201551 ,0.68 ,
0.565196 ,-0.201428 ,0.68 ,
0.56581 ,-0.20131 ,0.68 ,
0.566413 ,-0.201197 ,0.68 ,
0.567005 ,-0.20109 ,0.68 ,
0.567585 ,-0.200987 ,0.68 ,
0.568153 ,-0.20089 ,0.68 ,
0.568711 ,-0.200797 ,0.68 ,
0.569258 ,-0.20071 ,0.68 ,
0.569794 ,-0.200628 ,0.68 ,
0.57032 ,-0.20055 ,0.68 ,
0.570835 ,-0.200478 ,0.68 ,
0.571339 ,-0.20041 ,0.68 ,
0.571833 ,-0.200347 ,0.68 ,
0.572317 ,-0.20029 ,0.68 ,
0.572792 ,-0.200237 ,0.68 ,
0.573256 ,-0.200189 ,0.68 ,
0.57371 ,-0.200146 ,0.68 ,
0.574155 ,-0.200107 ,0.68 ,
0.57459 ,-0.200074 ,0.68 ,
0.575016 ,-0.200045 ,0.68 ,
0.575432 ,-0.200022 ,0.68 ,
0.575839 ,-0.200003 ,0.68 ,
0.576237 ,-0.199989 ,0.68 ,
0.576626 ,-0.199979 ,0.68 ,
0.577006 ,-0.199975 ,0.68 ,
0.577378 ,-0.199975 ,0.68 ,
0.57774 ,-0.19998 ,0.68 ,
0.578094 ,-0.19999 ,0.68 ,
0.578439 ,-0.200005 ,0.68 ,
0.578776 ,-0.200024 ,0.68 ,
0.579104 ,-0.200049 ,0.68 ,
0.579424 ,-0.200078 ,0.68 ,
0.579736 ,-0.200112 ,0.68 ,
0.58004 ,-0.200151 ,0.68 ,
0.580335 ,-0.200195 ,0.68 ,
0.580623 ,-0.200243 ,0.68 ,
0.580902 ,-0.200297 ,0.68 ,
0.581174 ,-0.200355 ,0.68 ,
0.581438 ,-0.200418 ,0.68 ,
0.581694 ,-0.200486 ,0.68 ,
0.581943 ,-0.200559 ,0.68 ,
0.582184 ,-0.200637 ,0.68 ,
0.582417 ,-0.20072 ,0.68 ,
0.582643 ,-0.200809 ,0.68 ,
0.582861 ,-0.200902 ,0.68 ,
0.583073 ,-0.201 ,0.68 ,
0.583276 ,-0.201103 ,0.68 ,
0.583473 ,-0.201211 ,0.68 ,
0.583662 ,-0.201324 ,0.68 ,
0.583844 ,-0.201443 ,0.68 ,
0.584019 ,-0.201567 ,0.68 ,
0.584187 ,-0.201695 ,0.68 ,
0.584348 ,-0.20183 ,0.68 ,
0.584502 ,-0.201969 ,0.68 ,
0.584649 ,-0.202114 ,0.68 ,
0.584788 ,-0.202264 ,0.68 ,
0.584921 ,-0.202419 ,0.68 ,
0.585048 ,-0.20258 ,0.68 ,
0.585167 ,-0.202746 ,0.68 ,
0.58528 ,-0.202918 ,0.68 ,
0.585385 ,-0.203095 ,0.68 ,
0.585484 ,-0.203278 ,0.68 ,
0.585577 ,-0.203467 ,0.68 ,
0.585662 ,-0.203661 ,0.68 ,
0.585741 ,-0.203861 ,0.68 ,
0.585813 ,-0.204067 ,0.68 ,
0.585879 ,-0.204279 ,0.68 ,
0.585938 ,-0.204496 ,0.68 ,
0.585991 ,-0.204719 ,0.68 ,
0.586036 ,-0.204949 ,0.68 ,
0.586076 ,-0.205184 ,0.68 ,
0.586108 ,-0.205426 ,0.68 ,
0.586134 ,-0.205674 ,0.68 ,
0.586154 ,-0.205928 ,0.68 ,
0.586167 ,-0.206188 ,0.68 ,
0.586173 ,-0.206455 ,0.68 ,
0.586173 ,-0.206728 ,0.68 ,
0.586167 ,-0.207007 ,0.68 ,
0.586153 ,-0.207294 ,0.68 ,
0.586134 ,-0.207586 ,0.68 ,
0.586107 ,-0.207886 ,0.68 ,
0.586075 ,-0.208192 ,0.68 ,
0.586035 ,-0.208505 ,0.68 ,
0.585989 ,-0.208826 ,0.68 ,
0.585937 ,-0.209153 ,0.68 ,
0.585877 ,-0.209487 ,0.68 ,
0.585811 ,-0.209828 ,0.68 ,
0.585739 ,-0.210177 ,0.68 ,
0.58566 ,-0.210533 ,0.68 ,
0.585574 ,-0.210897 ,0.68 ,
0.585482 ,-0.211268 ,0.68 ,
0.585382 ,-0.211647 ,0.68 ,
0.585276 ,-0.212033 ,0.68 ,
0.585164 ,-0.212427 ,0.68 ,
0.585044 ,-0.212829 ,0.68 ,
0.584918 ,-0.21324 ,0.68 ,
0.584784 ,-0.213658 ,0.68 ,
0.584644 ,-0.214085 ,0.68 ,
0.584497 ,-0.21452 ,0.68 ,
0.584343 ,-0.214963 ,0.68 ,
0.584182 ,-0.215415 ,0.68 ,
0.584014 ,-0.215876 ,0.68 ,
0.583839 ,-0.216345 ,0.68 ,
0.583657 ,-0.216823 ,0.68 ,
0.583467 ,-0.217311 ,0.68 ,
0.58327 ,-0.217807 ,0.68 ,
0.583066 ,-0.218313 ,0.68 ,
0.582855 ,-0.218828 ,0.68 ,
0.582637 ,-0.219353 ,0.68 ,
0.58241 ,-0.219887 ,0.68 ,
0.582177 ,-0.220431 ,0.68 ,
0.581936 ,-0.220985 ,0.68 ,
0.581687 ,-0.22155 ,0.68 ,
0.58143 ,-0.222124 ,0.68 ,
0.581166 ,-0.222709 ,0.68 ,
0.580894 ,-0.223304 ,0.68 ,
0.580614 ,-0.22391 ,0.68 ,
0.580327 ,-0.224526 ,0.68 ,
0.580031 ,-0.225154 ,0.68 ,
0.579727 ,-0.225793 ,0.68 ,
0.579415 ,-0.226443 ,0.68 ,
0.579095 ,-0.227104 ,0.68 ,
0.578766 ,-0.227777 ,0.68 ,
0.578429 ,-0.228462 ,0.68 ,
0.578084 ,-0.229159 ,0.68 ,
0.57773 ,-0.229868 ,0.68 ,
0.577367 ,-0.230589 ,0.68 ,
0.576995 ,-0.231323 ,0.68 ,
0.576615 ,-0.232069 ,0.68 ,
0.576226 ,-0.232828 ,0.68 ,
0.575828 ,-0.233601 ,0.68 ,
0.57542 ,-0.234386 ,0.68 ,
0.575003 ,-0.235185 ,0.68 ,
0.574577 ,-0.235997 ,0.68 ,
0.574142 ,-0.236824 ,0.68 ,
0.573697 ,-0.237664 ,0.68 ,
0.573242 ,-0.238519 ,0.68 ,
0.572778 ,-0.239388 ,0.68 ,
0.572303 ,-0.240272 ,0.68 ,
0.571819 ,-0.24117 ,0.68 ,
0.571324 ,-0.242084 ,0.68 ,
0.57082 ,-0.243013 ,0.68 ,
0.570304 ,-0.243958 ,0.68 ,
0.569779 ,-0.244919 ,0.68 ,
0.569242 ,-0.245895 ,0.68 ,
0.568695 ,-0.246888 ,0.68 ,
0.568137 ,-0.247898 ,0.68 ,
0.567568 ,-0.248924 ,0.68 ,
0.566987 ,-0.249967 ,0.68 ,
0.566396 ,-0.251028 ,0.68 ,
0.565792 ,-0.252106 ,0.68 ,
0.565178 ,-0.253202 ,0.68 ,
0.564551 ,-0.254317 ,0.68 ,
0.563912 ,-0.255449 ,0.68 ,
0.563261 ,-0.256601 ,0.68 ,
0.562598 ,-0.257771 ,0.68 ,
0.561923 ,-0.258961 ,0.68 ,
0.561235 ,-0.26017 ,0.68 ,
0.560534 ,-0.261399 ,0.68 ,
0.55982 ,-0.262649 ,0.68 ,
0.559093 ,-0.263919 ,0.68 ,
0.558353 ,-0.265209 ,0.68 ,
0.557599 ,-0.266521 ,0.68 ,
0.556831 ,-0.267854 ,0.68 ,
0.55605 ,-0.269209 ,0.68 ,
0.555254 ,-0.270587 ,0.68 ,
0.554444 ,-0.271986 ,0.68 ,
0.553621 ,-0.273407 ,0.68 ,
0.552786 ,-0.274847 ,0.68 ,
0.55194 ,-0.276303 ,0.68 ,
0.551086 ,-0.277773 ,0.68 ,
0.550224 ,-0.279255 ,0.68 ,
0.549355 ,-0.280748 ,0.68 ,
0.548482 ,-0.282247 ,0.68 ,
0.547606 ,-0.283753 ,0.68 ,
0.546727 ,-0.285262 ,0.68 ,
0.545847 ,-0.286773 ,0.68 ,
0.544968 ,-0.288284 ,0.68 ,
0.54409 ,-0.289792 ,0.68 ,
0.543215 ,-0.291297 ,0.68 ,
0.542343 ,-0.292796 ,0.68 ,
0.541477 ,-0.294287 ,0.68 ,
0.540616 ,-0.295769 ,0.68 ,
0.539763 ,-0.297241 ,0.68 ,
0.538918 ,-0.2987 ,0.68 ,
0.538081 ,-0.300146 ,0.68 ,
0.537255 ,-0.301576 ,0.68 ,
0.53644 ,-0.302989 ,0.68 ,
0.535637 ,-0.304384 ,0.68 ,
0.534846 ,-0.305759 ,0.68 ,
0.534069 ,-0.307114 ,0.68 ,
0.533306 ,-0.308447 ,0.68 ,
0.532557 ,-0.30976 ,0.68 ,
0.531821 ,-0.311052 ,0.68 ,
0.531099 ,-0.312323 ,0.68 ,
0.530389 ,-0.313575 ,0.68 ,
0.529693 ,-0.314806 ,0.68 ,
0.529009 ,-0.316019 ,0.68 ,
0.528338 ,-0.317212 ,0.68 ,
0.52768 ,-0.318387 ,0.68 ,
0.527034 ,-0.319543 ,0.68 ,
0.5264 ,-0.320681 ,0.68 ,
0.525778 ,-0.321801 ,0.68 ,
0.525168 ,-0.322903 ,0.68 ,
0.524569 ,-0.323988 ,0.68 ,
0.523982 ,-0.325056 ,0.68 ,
0.523407 ,-0.326107 ,0.68 ,
0.522843 ,-0.327141 ,0.68 ,
0.522289 ,-0.32816 ,0.68 ,
0.521747 ,-0.329162 ,0.68 ,
0.521216 ,-0.330148 ,0.68 ,
0.520695 ,-0.331119 ,0.68 ,
0.520185 ,-0.332075 ,0.68 ,
0.519685 ,-0.333015 ,0.68 ,
0.519195 ,-0.333941 ,0.68 ,
0.518716 ,-0.334852 ,0.68 ,
0.518247 ,-0.335749 ,0.68 ,
0.517788 ,-0.336632 ,0.68 ,
0.517338 ,-0.3375 ,0.68 ,
0.516898 ,-0.338355 ,0.68 ,
0.516468 ,-0.339197 ,0.68 ,
0.516048 ,-0.340025 ,0.68 ,
0.515637 ,-0.34084 ,0.68 ,
0.515235 ,-0.341643 ,0.68 ,
0.514842 ,-0.342432 ,0.68 ,
0.514458 ,-0.34321 ,0.68 ,
0.514084 ,-0.343975 ,0.68 ,
0.513718 ,-0.344728 ,0.68 ,
0.513361 ,-0.345469 ,0.68 ,
0.513013 ,-0.346198 ,0.68 ,
0.512673 ,-0.346916 ,0.68 ,
0.512342 ,-0.347622 ,0.68 ,
0.51202 ,-0.348318 ,0.68 ,
0.511705 ,-0.349002 ,0.68 ,
0.5114 ,-0.349675 ,0.68 ,
0.511102 ,-0.350338 ,0.68 ,
0.510812 ,-0.350991 ,0.68 ,
0.510531 ,-0.351633 ,0.68 ,
0.510258 ,-0.352265 ,0.68 ,
0.509992 ,-0.352886 ,0.68 ,
0.509735 ,-0.353498 ,0.68 ,
0.509485 ,-0.354101 ,0.68 ,
0.509243 ,-0.354694 ,0.68 ,
0.509009 ,-0.355277 ,0.68 ,
0.508782 ,-0.355851 ,0.68 ,
0.508563 ,-0.356416 ,0.68 ,
0.508351 ,-0.356973 ,0.68 ,
0.508147 ,-0.35752 ,0.68 ,
0.50795 ,-0.358059 ,0.68 ,
0.507761 ,-0.358589 ,0.68 ,
0.507579 ,-0.35911 ,0.68 ,
0.507404 ,-0.359624 ,0.68 ,
0.507237 ,-0.360129 ,0.68 ,
0.507077 ,-0.360626 ,0.68 ,
0.506923 ,-0.361116 ,0.68 ,
0.506777 ,-0.361597 ,0.68 ,
0.506638 ,-0.362071 ,0.68 ,
0.506506 ,-0.362537 ,0.68 ,
0.506381 ,-0.362996 ,0.68 ,
0.506264 ,-0.363448 ,0.68 ,
0.506152 ,-0.363892 ,0.68 ,
0.506048 ,-0.364329 ,0.68 ,
0.505951 ,-0.36476 ,0.68 ,
0.505861 ,-0.365183 ,0.68 ,
0.505777 ,-0.3656 ,0.68 ,
0.505701 ,-0.36601 ,0.68 ,
0.505631 ,-0.366414 ,0.68 ,
0.505568 ,-0.366811 ,0.68 ,
0.505511 ,-0.367201 ,0.68 ,
0.505462 ,-0.367586 ,0.68 ,
0.505419 ,-0.367964 ,0.68 ,
0.505383 ,-0.368336 ,0.68 ,
0.505353 ,-0.368702 ,0.68 ,
0.505331 ,-0.369063 ,0.68 ,
0.505315 ,-0.369417 ,0.68 ,
0.505306 ,-0.369766 ,0.68 ,
0.505303 ,-0.370109 ,0.68 ,
0.505307 ,-0.370447 ,0.68 ,
0.505318 ,-0.370779 ,0.68 ,
0.505336 ,-0.371106 ,0.68 ,
0.50536 ,-0.371428 ,0.68 ,
0.505391 ,-0.371744 ,0.68 ,
0.505429 ,-0.372056 ,0.68 ,
0.505473 ,-0.372362 ,0.68 ,
0.505524 ,-0.372663 ,0.68 ,
0.505582 ,-0.37296 ,0.68 ,
0.505647 ,-0.373251 ,0.68 ,
0.505719 ,-0.373538 ,0.68 ,
0.505797 ,-0.37382 ,0.68 ,
0.505882 ,-0.374098 ,0.68 ,
0.505974 ,-0.374371 ,0.68 ,
0.506073 ,-0.37464 ,0.68 ,
0.506179 ,-0.374904 ,0.68 ,
0.506292 ,-0.375164 ,0.68 ,
0.506411 ,-0.375419 ,0.68 ,
0.506538 ,-0.375671 ,0.68 ,
0.506672 ,-0.375918 ,0.68 ,
0.506812 ,-0.376161 ,0.68 ,
0.50696 ,-0.376401 ,0.68 ,
0.507115 ,-0.376636 ,0.68 ,
0.507277 ,-0.376867 ,0.68 ,
0.507446 ,-0.377095 ,0.68 ,
0.507623 ,-0.377318 ,0.68 ,
0.507807 ,-0.377538 ,0.68 ,
0.507998 ,-0.377755 ,0.68 ,
0.508196 ,-0.377968 ,0.68 ,
0.508402 ,-0.378177 ,0.68 ,
0.508616 ,-0.378382 ,0.68 ,
0.508836 ,-0.378585 ,0.68 ,
0.509065 ,-0.378783 ,0.68 ,
0.509301 ,-0.378979 ,0.68 ,
0.509545 ,-0.379171 ,0.68 ,
0.509797 ,-0.37936 ,0.68 ,
0.510056 ,-0.379546 ,0.68 ,
0.510323 ,-0.379728 ,0.68 ,
0.510599 ,-0.379908 ,0.68 ,
0.510882 ,-0.380084 ,0.68 ,
0.511174 ,-0.380257 ,0.68 ,
0.511473 ,-0.380427 ,0.68 ,
0.511781 ,-0.380595 ,0.68 ,
0.512097 ,-0.380759 ,0.68 ,
0.512422 ,-0.380921 ,0.68 ,
0.512755 ,-0.38108 ,0.68 ,
0.513097 ,-0.381236 ,0.68 ,
0.513447 ,-0.381389 ,0.68 ,
0.513806 ,-0.381539 ,0.68 ,
0.514174 ,-0.381687 ,0.68 ,
0.514551 ,-0.381833 ,0.68 ,
0.514937 ,-0.381975 ,0.68 ,
0.515332 ,-0.382115 ,0.68 ,
0.515736 ,-0.382253 ,0.68 ,
0.516149 ,-0.382388 ,0.68 ,
0.516572 ,-0.382521 ,0.68 ,
0.517005 ,-0.382651 ,0.68 ,
0.517447 ,-0.382779 ,0.68 ,
0.517899 ,-0.382904 ,0.68 ,
0.51836 ,-0.383028 ,0.68 ,
0.518832 ,-0.383148 ,0.68 ,
0.519314 ,-0.383267 ,0.68 ,
0.519806 ,-0.383383 ,0.68 ,
0.520308 ,-0.383498 ,0.68 ,
0.520821 ,-0.38361 ,0.68 ,
0.521344 ,-0.383719 ,0.68 ,
0.521878 ,-0.383827 ,0.68 ,
0.522423 ,-0.383933 ,0.68 ,
0.522979 ,-0.384036 ,0.68 ,
0.523546 ,-0.384138 ,0.68 ,
0.524124 ,-0.384237 ,0.68 ,
0.524714 ,-0.384335 ,0.68 ,
0.525315 ,-0.38443 ,0.68 ,
0.525928 ,-0.384524 ,0.68 ,
0.526553 ,-0.384616 ,0.68 ,
0.52719 ,-0.384706 ,0.68 ,
0.527839 ,-0.384794 ,0.68 ,
0.528501 ,-0.38488 ,0.68 ,
0.529175 ,-0.384964 ,0.68 ,
0.529861 ,-0.385046 ,0.68 ,
0.530561 ,-0.385127 ,0.68 ,
0.531273 ,-0.385206 ,0.68 ,
0.531999 ,-0.385283 ,0.68 ,
0.532738 ,-0.385358 ,0.68 ,
0.533491 ,-0.385432 ,0.68 ,
0.534257 ,-0.385504 ,0.68 ,
0.535038 ,-0.385575 ,0.68 ,
0.535832 ,-0.385643 ,0.68 ,
0.536641 ,-0.38571 ,0.68 ,
0.537465 ,-0.385776 ,0.68 ,
0.538303 ,-0.38584 ,0.68 ,
0.539156 ,-0.385902 ,0.68 ,
0.540024 ,-0.385962 ,0.68 ,
0.540908 ,-0.386022 ,0.68 ,
0.541808 ,-0.386079 ,0.68 ,
0.542723 ,-0.386135 ,0.68 ,
0.543654 ,-0.38619 ,0.68 ,
0.544602 ,-0.386243 ,0.68 ,
0.545566 ,-0.386294 ,0.68 ,
0.546547 ,-0.386344 ,0.68 ,
0.547545 ,-0.386393 ,0.68 ,
0.54856 ,-0.38644 ,0.68 ,
0.549593 ,-0.386486 ,0.68 ,
0.550644 ,-0.38653 ,0.68 ,
0.551712 ,-0.386573 ,0.68 ,
0.552799 ,-0.386614 ,0.68 ,
0.553905 ,-0.386655 ,0.68 ,
0.55503 ,-0.386693 ,0.68 ,
0.556173 ,-0.386731 ,0.68 ,
0.557336 ,-0.386766 ,0.68 ,
0.558519 ,-0.386801 ,0.68 ,
0.559722 ,-0.386834 ,0.68 ,
0.560945 ,-0.386866 ,0.68 ,
0.562189 ,-0.386897 ,0.68 ,
0.563454 ,-0.386926 ,0.68 ,
0.56474 ,-0.386954 ,0.68 ,
0.566047 ,-0.386981 ,0.68 ,
0.567377 ,-0.387006 ,0.68 ,
0.568729 ,-0.38703 ,0.68 ,
0.570103 ,-0.387053 ,0.68 ,
0.571501 ,-0.387074 ,0.68 ,
0.572921 ,-0.387094 ,0.68 ,
0.574365 ,-0.387113 ,0.68 ,
0.575834 ,-0.387131 ,0.68 ,
0.577326 ,-0.387147 ,0.68 ,
0.578844 ,-0.387162 ,0.68 ,
0.580386 ,-0.387176 ,0.68 ,
0.581954 ,-0.387189 ,0.68 ,
0.583548 ,-0.3872 ,0.68 ,
0.585168 ,-0.38721 ,0.68 ,
0.586813 ,-0.387219 ,0.68 ,
0.588479 ,-0.387227 ,0.68 ,
0.590165 ,-0.387234 ,0.68 ,
0.591868 ,-0.38724 ,0.68 ,
0.593584 ,-0.387245 ,0.68 ,
0.595311 ,-0.38725 ,0.68 ,
0.597048 ,-0.387254 ,0.68 ,
0.59879 ,-0.387258 ,0.68 ,
0.600537 ,-0.387262 ,0.68 ,
0.602285 ,-0.387265 ,0.68 ,
0.604032 ,-0.387268 ,0.68 ,
0.605777 ,-0.387271 ,0.68 ,
0.607516 ,-0.387274 ,0.68 ,
0.609248 ,-0.387277 ,0.68 ,
0.610971 ,-0.387281 ,0.68 ,
0.612683 ,-0.387285 ,0.68 ,
0.614382 ,-0.387289 ,0.68 ,
0.616065 ,-0.387294 ,0.68 ,
0.617732 ,-0.387299 ,0.68 ,
0.61938 ,-0.387305 ,0.68 ,
0.621008 ,-0.387312 ,0.68 ,
0.622613 ,-0.38732 ,0.68 ,
0.624195 ,-0.387328 ,0.68 ,
0.625752 ,-0.387337 ,0.68 ,
0.627283 ,-0.387348 ,0.68 ,
0.628789 ,-0.387359 ,0.68 ,
0.63027 ,-0.387371 ,0.68 ,
0.631726 ,-0.387385 ,0.68 ,
0.633158 ,-0.387399 ,0.68 ,
0.634566 ,-0.387414 ,0.68 ,
0.63595 ,-0.38743 ,0.68 ,
0.637311 ,-0.387448 ,0.68 ,
0.63865 ,-0.387466 ,0.68 ,
0.639965 ,-0.387485 ,0.68 ,
0.641259 ,-0.387506 ,0.68 ,
0.642531 ,-0.387527 ,0.68 ,
0.643781 ,-0.387549 ,0.68 ,
0.64501 ,-0.387573 ,0.68 ,
0.646218 ,-0.387597 ,0.68 ,
0.647406 ,-0.387622 ,0.68 ,
0.648573 ,-0.387649 ,0.68 ,
0.64972 ,-0.387676 ,0.68 ,
0.650847 ,-0.387705 ,0.68 ,
0.651955 ,-0.387735 ,0.68 ,
0.653044 ,-0.387766 ,0.68 ,
0.654114 ,-0.387797 ,0.68 ,
0.655165 ,-0.38783 ,0.68 ,
0.656198 ,-0.387864 ,0.68 ,
0.657212 ,-0.3879 ,0.68 ,
0.658209 ,-0.387936 ,0.68 ,
0.659188 ,-0.387973 ,0.68 ,
0.66015 ,-0.388012 ,0.68 ,
0.661095 ,-0.388052 ,0.68 ,
0.662022 ,-0.388092 ,0.68 ,
0.662934 ,-0.388134 ,0.68 ,
0.663828 ,-0.388178 ,0.68 ,
0.664707 ,-0.388222 ,0.68 ,
0.665569 ,-0.388268 ,0.68 ,
0.666416 ,-0.388314 ,0.68 ,
0.667247 ,-0.388362 ,0.68 ,
0.668063 ,-0.388412 ,0.68 ,
0.668863 ,-0.388462 ,0.68 ,
0.669649 ,-0.388514 ,0.68 ,
0.67042 ,-0.388567 ,0.68 ,
0.671176 ,-0.388621 ,0.68 ,
0.671918 ,-0.388677 ,0.68 ,
0.672646 ,-0.388734 ,0.68 ,
0.67336 ,-0.388792 ,0.68 ,
0.67406 ,-0.388852 ,0.68 ,
0.674746 ,-0.388913 ,0.68 ,
0.675419 ,-0.388975 ,0.68 ,
0.676078 ,-0.389039 ,0.68 ,
0.676724 ,-0.389104 ,0.68 ,
0.677358 ,-0.38917 ,0.68 ,
0.677978 ,-0.389238 ,0.68 ,
0.678586 ,-0.389308 ,0.68 ,
0.679182 ,-0.389379 ,0.68 ,
0.679765 ,-0.389451 ,0.68 ,
0.680335 ,-0.389525 ,0.68 ,
0.680894 ,-0.3896 ,0.68 ,
0.681441 ,-0.389677 ,0.68 ,
0.681976 ,-0.389756 ,0.68 ,
0.682499 ,-0.389836 ,0.68 ,
0.683011 ,-0.389918 ,0.68 ,
0.683511 ,-0.390001 ,0.68 ,
0.684 ,-0.390086 ,0.68 ,
0.684478 ,-0.390173 ,0.68 ,
0.684945 ,-0.390261 ,0.68 ,
0.685401 ,-0.390351 ,0.68 ,
0.685846 ,-0.390443 ,0.68 ,
0.686281 ,-0.390537 ,0.68 ,
0.686704 ,-0.390632 ,0.68 ,
0.687118 ,-0.390729 ,0.68 ,
0.687521 ,-0.390828 ,0.68 ,
0.687913 ,-0.390929 ,0.68 ,
0.688296 ,-0.391031 ,0.68 ,
0.688668 ,-0.391136 ,0.68 ,
0.689031 ,-0.391243 ,0.68 ,
0.689383 ,-0.391351 ,0.68 ,
0.689726 ,-0.391462 ,0.68 ,
0.690059 ,-0.391574 ,0.68 ,
0.690382 ,-0.391689 ,0.68 ,
0.690696 ,-0.391805 ,0.68 ,
0.691001 ,-0.391924 ,0.68 ,
0.691295 ,-0.392045 ,0.68 ,
0.691581 ,-0.392168 ,0.68 ,
0.691857 ,-0.392293 ,0.68 ,
0.692124 ,-0.39242 ,0.68 ,
0.692382 ,-0.39255 ,0.68 ,
0.692631 ,-0.392682 ,0.68 ,
0.692871 ,-0.392816 ,0.68 ,
0.693102 ,-0.392952 ,0.68 ,
0.693324 ,-0.393091 ,0.68 ,
0.693538 ,-0.393233 ,0.68 ,
0.693742 ,-0.393377 ,0.68 ,
0.693938 ,-0.393523 ,0.68 ,
0.694125 ,-0.393672 ,0.68 ,
0.694304 ,-0.393823 ,0.68 ,
0.694474 ,-0.393977 ,0.68 ,
0.694635 ,-0.394134 ,0.68 ,
0.694788 ,-0.394293 ,0.68 ,
0.694932 ,-0.394455 ,0.68 ,
0.695068 ,-0.39462 ,0.68 ,
0.695196 ,-0.394788 ,0.68 ,
0.695315 ,-0.394958 ,0.68 ,
0.695426 ,-0.395132 ,0.68 ,
0.695529 ,-0.395308 ,0.68 ,
0.695623 ,-0.395487 ,0.68 ,
0.695709 ,-0.39567 ,0.68 ,
0.695787 ,-0.395855 ,0.68 ,
0.695857 ,-0.396043 ,0.68 ,
0.695918 ,-0.396235 ,0.68 ,
0.695972 ,-0.39643 ,0.68 ,
0.696017 ,-0.396628 ,0.68 ,
0.696054 ,-0.396829 ,0.68 ,
0.696083 ,-0.397034 ,0.68 ,
0.696103 ,-0.397242 ,0.68 ,
0.696116 ,-0.397454 ,0.68 ,
0.696121 ,-0.397669 ,0.68 ,
0.696117 ,-0.397888 ,0.68 ,
0.696105 ,-0.39811 ,0.68 ,
0.696085 ,-0.398336 ,0.68 ,
0.696057 ,-0.398566 ,0.68 ,
0.696021 ,-0.398799 ,0.68 ,
0.695977 ,-0.399036 ,0.68 ,
0.695924 ,-0.399278 ,0.68 ,
0.695863 ,-0.399523 ,0.68 ,
0.695795 ,-0.399772 ,0.68 ,
0.695718 ,-0.400026 ,0.68 ,
0.695632 ,-0.400283 ,0.68 ,
0.695539 ,-0.400545 ,0.68 ,
0.695437 ,-0.400811 ,0.68 ,
0.695327 ,-0.401081 ,0.68 ,
0.695208 ,-0.401356 ,0.68 ,
0.695082 ,-0.401635 ,0.68 ,
0.694947 ,-0.401919 ,0.68 ,
0.694803 ,-0.402208 ,0.68 ,
0.694651 ,-0.402501 ,0.68 ,
0.69449 ,-0.402799 ,0.68 ,
0.694321 ,-0.403101 ,0.68 ,
0.694144 ,-0.403409 ,0.68 ,
0.693957 ,-0.403722 ,0.68 ,
0.693763 ,-0.40404 ,0.68 ,
0.693559 ,-0.404363 ,0.68 ,
0.693346 ,-0.404691 ,0.68 ,
0.693125 ,-0.405025 ,0.68 ,
0.692895 ,-0.405363 ,0.68 ,
0.692656 ,-0.405708 ,0.68 ,
0.692408 ,-0.406058 ,0.68 ,
0.692151 ,-0.406414 ,0.68 ,
0.691885 ,-0.406775 ,0.68 ,
0.691609 ,-0.407142 ,0.68 ,
0.691325 ,-0.407516 ,0.68 ,
0.691031 ,-0.407895 ,0.68 ,
0.690727 ,-0.40828 ,0.68 ,
0.690415 ,-0.408672 ,0.68 ,
0.690092 ,-0.40907 ,0.68 ,
0.68976 ,-0.409474 ,0.68 ,
0.689418 ,-0.409885 ,0.68 ,
0.689067 ,-0.410303 ,0.68 ,
0.688706 ,-0.410727 ,0.68 ,
0.688334 ,-0.411158 ,0.68 ,
0.687953 ,-0.411596 ,0.68 ,
0.687561 ,-0.412041 ,0.68 ,
0.687159 ,-0.412493 ,0.68 ,
0.686747 ,-0.412953 ,0.68 ,
0.686324 ,-0.41342 ,0.68 ,
0.685891 ,-0.413894 ,0.68 ,
0.685447 ,-0.414376 ,0.68 ,
0.684992 ,-0.414866 ,0.68 ,
0.684526 ,-0.415364 ,0.68 ,
0.684049 ,-0.415869 ,0.68 ,
0.683561 ,-0.416383 ,0.68 ,
0.683062 ,-0.416905 ,0.68 ,
0.682551 ,-0.417436 ,0.68 ,
0.682029 ,-0.417974 ,0.68 ,
0.681496 ,-0.418522 ,0.68 ,
0.68095 ,-0.419078 ,0.68 ,
0.680393 ,-0.419644 ,0.68 ,
0.679823 ,-0.420218 ,0.68 ,
0.679241 ,-0.420802 ,0.68 ,
0.678647 ,-0.421395 ,0.68 ,
0.678041 ,-0.421997 ,0.68 ,
0.677421 ,-0.422609 ,0.68 ,
0.676789 ,-0.423231 ,0.68 ,
0.676144 ,-0.423863 ,0.68 ,
0.675486 ,-0.424505 ,0.68 ,
0.674815 ,-0.425158 ,0.68 ,
0.67413 ,-0.42582 ,0.68 ,
0.673431 ,-0.426494 ,0.68 ,
0.672719 ,-0.427178 ,0.68 ,
0.671992 ,-0.427873 ,0.68 ,
0.671252 ,-0.428579 ,0.68 ,
0.670497 ,-0.429297 ,0.68 ,
0.669728 ,-0.430026 ,0.68 ,
0.668943 ,-0.430767 ,0.68 ,
0.668144 ,-0.431519 ,0.68 ,
0.66733 ,-0.432284 ,0.68 ,
0.666501 ,-0.433061 ,0.68 ,
0.665656 ,-0.43385 ,0.68 ,
0.664795 ,-0.434652 ,0.68 ,
0.663918 ,-0.435467 ,0.68 ,
0.663025 ,-0.436295 ,0.68 ,
0.662115 ,-0.437136 ,0.68 ,
0.661189 ,-0.43799 ,0.68 ,
0.660246 ,-0.438858 ,0.68 ,
0.659286 ,-0.43974 ,0.68 ,
0.658309 ,-0.440636 ,0.68 ,
0.657314 ,-0.441547 ,0.68 ,
0.656301 ,-0.442472 ,0.68 ,
0.65527 ,-0.443412 ,0.68 ,
0.654221 ,-0.444366 ,0.68 ,
0.653153 ,-0.445337 ,0.68 ,
0.652066 ,-0.446322 ,0.68 ,
0.65096 ,-0.447323 ,0.68 ,
0.649835 ,-0.448341 ,0.68 ,
0.64869 ,-0.449374 ,0.68 ,
0.647525 ,-0.450425 ,0.68 ,
0.646339 ,-0.451491 ,0.68 ,
0.645134 ,-0.452575 ,0.68 ,
0.643908 ,-0.453675 ,0.68 ,
0.642666 ,-0.454789 ,0.68 ,
0.641408 ,-0.455916 ,0.68 ,
0.640137 ,-0.457053 ,0.68 ,
0.638856 ,-0.458199 ,0.68 ,
0.637565 ,-0.459353 ,0.68 ,
0.636266 ,-0.460512 ,0.68 ,
0.634963 ,-0.461675 ,0.68 ,
0.633656 ,-0.462841 ,0.68 ,
0.632347 ,-0.464009 ,0.68 ,
0.631038 ,-0.465175 ,0.68 ,
0.629731 ,-0.46634 ,0.68 ,
0.628428 ,-0.467502 ,0.68 ,
0.627129 ,-0.468659 ,0.68 ,
0.625837 ,-0.46981 ,0.68 ,
0.624553 ,-0.470953 ,0.68 ,
0.623278 ,-0.472089 ,0.68 ,
0.622015 ,-0.473215 ,0.68 ,
0.620763 ,-0.474329 ,0.68 ,
0.619526 ,-0.475432 ,0.68 ,
0.618303 ,-0.476522 ,0.68 ,
0.617097 ,-0.477598 ,0.68 ,
0.615909 ,-0.478658 ,0.68 ,
0.614739 ,-0.479702 ,0.68 ,
0.613588 ,-0.48073 ,0.68 ,
0.612456 ,-0.481741 ,0.68 ,
0.611343 ,-0.482736 ,0.68 ,
0.610248 ,-0.483716 ,0.68 ,
0.609171 ,-0.484679 ,0.68 ,
0.608112 ,-0.485628 ,0.68 ,
0.60707 ,-0.486561 ,0.68 ,
0.606046 ,-0.48748 ,0.68 ,
0.605038 ,-0.488384 ,0.68 ,
0.604047 ,-0.489274 ,0.68 ,
0.603073 ,-0.490149 ,0.68 ,
0.602115 ,-0.491011 ,0.68 ,
0.601173 ,-0.491858 ,0.68 ,
0.600246 ,-0.492692 ,0.68 ,
0.599335 ,-0.493513 ,0.68 ,
0.59844 ,-0.494321 ,0.68 ,
0.597559 ,-0.495116 ,0.68 ,
0.596694 ,-0.495898 ,0.68 ,
0.595842 ,-0.496668 ,0.68 ,
0.595006 ,-0.497425 ,0.68 ,
0.594183 ,-0.49817 ,0.68 ,
0.593375 ,-0.498903 ,0.68 ,
0.59258 ,-0.499625 ,0.68 ,
0.591799 ,-0.500335 ,0.68 ,
0.591032 ,-0.501033 ,0.68 ,
0.590277 ,-0.501721 ,0.68 ,
0.589536 ,-0.502397 ,0.68 ,
0.588807 ,-0.503062 ,0.68 ,
0.588092 ,-0.503717 ,0.68 ,
0.587388 ,-0.504361 ,0.68 ,
0.586697 ,-0.504994 ,0.68 ,
0.586018 ,-0.505618 ,0.68 ,
0.585351 ,-0.506231 ,0.68 ,
0.584696 ,-0.506835 ,0.68 ,
0.584052 ,-0.507428 ,0.68 ,
0.58342 ,-0.508012 ,0.68 ,
0.582799 ,-0.508587 ,0.68 ,
0.582189 ,-0.509152 ,0.68 ,
0.581591 ,-0.509708 ,0.68 ,
0.581003 ,-0.510255 ,0.68 ,
0.580426 ,-0.510793 ,0.68 ,
0.579859 ,-0.511322 ,0.68 ,
0.579303 ,-0.511843 ,0.68 ,
0.578757 ,-0.512355 ,0.68 ,
0.578221 ,-0.512859 ,0.68 ,
0.577695 ,-0.513354 ,0.68 ,
0.577179 ,-0.513841 ,0.68 ,
0.576673 ,-0.514321 ,0.68 ,
0.576177 ,-0.514792 ,0.68 ,
0.575689 ,-0.515256 ,0.68 ,
0.575212 ,-0.515712 ,0.68 ,
0.574743 ,-0.51616 ,0.68 ,
0.574284 ,-0.516601 ,0.68 ,
0.573834 ,-0.517034 ,0.68 ,
0.573392 ,-0.517461 ,0.68 ,
0.57296 ,-0.51788 ,0.68 ,
0.572536 ,-0.518292 ,0.68 ,
0.57212 ,-0.518698 ,0.68 ,
0.571714 ,-0.519096 ,0.68 ,
0.571315 ,-0.519488 ,0.68 ,
0.570925 ,-0.519873 ,0.68 ,
0.570543 ,-0.520252 ,0.68 ,
0.570169 ,-0.520624 ,0.68 ,
0.569803 ,-0.52099 ,0.68 ,
0.569445 ,-0.52135 ,0.68 ,
0.569094 ,-0.521704 ,0.68 ,
0.568752 ,-0.522051 ,0.68 ,
0.568417 ,-0.522393 ,0.68 ,
0.56809 ,-0.522729 ,0.68 ,
0.56777 ,-0.523059 ,0.68 ,
0.567457 ,-0.523383 ,0.68 ,
0.567152 ,-0.523702 ,0.68 ,
0.566854 ,-0.524015 ,0.68 ,
0.566563 ,-0.524322 ,0.68 ,
0.566279 ,-0.524624 ,0.68 ,
0.566002 ,-0.524921 ,0.68 ,
0.565733 ,-0.525213 ,0.68 ,
0.56547 ,-0.525499 ,0.68 ,
0.565214 ,-0.525781 ,0.68 ,
0.564964 ,-0.526057 ,0.68 ,
0.564721 ,-0.526329 ,0.68 ,
0.564485 ,-0.526595 ,0.68 ,
0.564256 ,-0.526857 ,0.68 ,
0.564033 ,-0.527114 ,0.68 ,
0.563816 ,-0.527366 ,0.68 ,
0.563606 ,-0.527613 ,0.68 ,
0.563402 ,-0.527856 ,0.68 ,
0.563205 ,-0.528095 ,0.68 ,
0.563013 ,-0.528329 ,0.68 ,
0.562828 ,-0.528559 ,0.68 ,
0.562649 ,-0.528784 ,0.68 ,
0.562476 ,-0.529005 ,0.68 ,
0.56231 ,-0.529222 ,0.68 ,
0.562149 ,-0.529434 ,0.68 ,
0.561994 ,-0.529643 ,0.68 ,
0.561845 ,-0.529847 ,0.68 ,
0.561702 ,-0.530048 ,0.68 ,
0.561565 ,-0.530244 ,0.68 ,
0.561434 ,-0.530437 ,0.68 ,
0.561308 ,-0.530626 ,0.68 ,
0.561189 ,-0.530811 ,0.68 ,
0.561075 ,-0.530992 ,0.68 ,
0.560966 ,-0.531169 ,0.68 ,
0.560864 ,-0.531343 ,0.68 ,
0.560767 ,-0.531513 ,0.68 ,
0.560676 ,-0.53168 ,0.68 ,
0.56059 ,-0.531843 ,0.68 ,
0.56051 ,-0.532002 ,0.68 ,
0.560435 ,-0.532158 ,0.68 ,
0.560366 ,-0.532311 ,0.68 ,
0.560303 ,-0.53246 ,0.68 ,
0.560245 ,-0.532605 ,0.68 ,
0.560193 ,-0.532748 ,0.68 ,
0.560146 ,-0.532887 ,0.68 ,
0.560104 ,-0.533023 ,0.68 ,
0.560068 ,-0.533156 ,0.68 ,
0.560038 ,-0.533285 ,0.68 ,
0.560012 ,-0.533412 ,0.68 ,
0.559993 ,-0.533535 ,0.68 ,
0.559979 ,-0.533655 ,0.68 ,
0.55997 ,-0.533772 ,0.68 ,
0.559966 ,-0.533887 ,0.68 ,
0.559968 ,-0.533998 ,0.68 ,
0.559976 ,-0.534106 ,0.68 ,
0.559989 ,-0.534211 ,0.68 ,
0.560007 ,-0.534313 ,0.68 ,
0.560031 ,-0.534413 ,0.68 ,
0.56006 ,-0.534509 ,0.68 ,
0.560095 ,-0.534603 ,0.68 ,
0.560135 ,-0.534694 ,0.68 ,
0.560181 ,-0.534782 ,0.68 ,
0.560232 ,-0.534867 ,0.68 ,
0.560289 ,-0.53495 ,0.68 ,
0.560351 ,-0.535029 ,0.68 ,
0.560418 ,-0.535107 ,0.68 ,
0.560492 ,-0.535181 ,0.68 ,
0.56057 ,-0.535253 ,0.68 ,
0.560655 ,-0.535322 ,0.68 ,
0.560745 ,-0.535388 ,0.68 ,
0.56084 ,-0.535452 ,0.68 ,
0.560941 ,-0.535513 ,0.68 ,
0.561048 ,-0.535572 ,0.68 ,
0.561161 ,-0.535628 ,0.68 ,
0.561279 ,-0.535681 ,0.68 ,
0.561403 ,-0.535732 ,0.68 ,
0.561533 ,-0.535781 ,0.68 ,
0.561669 ,-0.535826 ,0.68 ,
0.56181 ,-0.53587 ,0.68 ,
0.561958 ,-0.535911 ,0.68 ,
0.562111 ,-0.535949 ,0.68 ,
0.562271 ,-0.535985 ,0.68 ,
0.562436 ,-0.536018 ,0.68 ,
0.562607 ,-0.536049 ,0.68 ,
0.562785 ,-0.536078 ,0.68 ,
0.562969 ,-0.536104 ,0.68 ,
0.563158 ,-0.536127 ,0.68 ,
0.563354 ,-0.536148 ,0.68 ,
0.563557 ,-0.536167 ,0.68 ,
0.563765 ,-0.536183 ,0.68 ,
0.56398 ,-0.536197 ,0.68 ,
0.564202 ,-0.536209 ,0.68 ,
0.56443 ,-0.536218 ,0.68 ,
0.564664 ,-0.536224 ,0.68 ,
0.564905 ,-0.536229 ,0.68 ,
0.565153 ,-0.53623 ,0.68 ,
0.565408 ,-0.53623 ,0.68 ,
0.565669 ,-0.536227 ,0.68 ,
0.565937 ,-0.536221 ,0.68 ,
0.566212 ,-0.536213 ,0.68 ,
0.566494 ,-0.536203 ,0.68 ,
0.566784 ,-0.53619 ,0.68 ,
0.56708 ,-0.536175 ,0.68 ,
0.567383 ,-0.536158 ,0.68 ,
0.567694 ,-0.536138 ,0.68 ,
0.568012 ,-0.536115 ,0.68 ,
0.568338 ,-0.53609 ,0.68 ,
0.568671 ,-0.536063 ,0.68 ,
0.569012 ,-0.536033 ,0.68 ,
0.56936 ,-0.536001 ,0.68 ,
0.569716 ,-0.535967 ,0.68 ,
0.57008 ,-0.535929 ,0.68 ,
0.570453 ,-0.53589 ,0.68 ,
0.570833 ,-0.535848 ,0.68 ,
0.571221 ,-0.535803 ,0.68 ,
0.571617 ,-0.535756 ,0.68 ,
0.572022 ,-0.535706 ,0.68 ,
0.572436 ,-0.535654 ,0.68 ,
0.572857 ,-0.535599 ,0.68 ,
0.573288 ,-0.535542 ,0.68 ,
0.573727 ,-0.535482 ,0.68 ,
0.574175 ,-0.535419 ,0.68 ,
0.574633 ,-0.535354 ,0.68 ,
0.575099 ,-0.535286 ,0.68 ,
0.575574 ,-0.535216 ,0.68 ,
0.576059 ,-0.535143 ,0.68 ,
0.576553 ,-0.535067 ,0.68 ,
0.577057 ,-0.534988 ,0.68 ,
0.577571 ,-0.534907 ,0.68 ,
0.578094 ,-0.534823 ,0.68 ,
0.578628 ,-0.534736 ,0.68 ,
0.579171 ,-0.534647 ,0.68 ,
0.579725 ,-0.534554 ,0.68 ,
0.580289 ,-0.534459 ,0.68 ,
0.580864 ,-0.534361 ,0.68 ,
0.581449 ,-0.53426 ,0.68 ,
0.582045 ,-0.534157 ,0.68 ,
0.582652 ,-0.53405 ,0.68 ,
0.58327 ,-0.53394 ,0.68 ,
0.5839 ,-0.533828 ,0.68 ,
0.584541 ,-0.533712 ,0.68 ,
0.585193 ,-0.533593 ,0.68 ,
0.585857 ,-0.533471 ,0.68 ,
0.586533 ,-0.533346 ,0.68 ,
0.587222 ,-0.533218 ,0.68 ,
0.587922 ,-0.533087 ,0.68 ,
0.588635 ,-0.532953 ,0.68 ,
0.589359 ,-0.532815 ,0.68 ,
0.590094 ,-0.532675 ,0.68 ,
0.590838 ,-0.532533 ,0.68 ,
0.591591 ,-0.532388 ,0.68 ,
0.59235 ,-0.532241 ,0.68 ,
0.593115 ,-0.532093 ,0.68 ,
0.593884 ,-0.531943 ,0.68 ,
0.594657 ,-0.531792 ,0.68 ,
0.595432 ,-0.53164 ,0.68 ,
0.596208 ,-0.531488 ,0.68 ,
0.596985 ,-0.531335 ,0.68 ,
0.597761 ,-0.531182 ,0.68 ,
0.598535 ,-0.531029 ,0.68 ,
0.599307 ,-0.530876 ,0.68 ,
0.600075 ,-0.530724 ,0.68 ,
0.600839 ,-0.530573 ,0.68 ,
0.601597 ,-0.530422 ,0.68 ,
0.602349 ,-0.530272 ,0.68 ,
0.603094 ,-0.530124 ,0.68 ,
0.603832 ,-0.529977 ,0.68 ,
0.60456 ,-0.529832 ,0.68 ,
0.60528 ,-0.529689 ,0.68 ,
0.605989 ,-0.529547 ,0.68 ,
0.606688 ,-0.529408 ,0.68 ,
0.607376 ,-0.529271 ,0.68 ,
0.608053 ,-0.529136 ,0.68 ,
0.60872 ,-0.529003 ,0.68 ,
0.609375 ,-0.528872 ,0.68 ,
0.610021 ,-0.528743 ,0.68 ,
0.610657 ,-0.528617 ,0.68 ,
0.611282 ,-0.528492 ,0.68 ,
0.611898 ,-0.528369 ,0.68 ,
0.612504 ,-0.528248 ,0.68 ,
0.6131 ,-0.528129 ,0.68 ,
0.613688 ,-0.528012 ,0.68 ,
0.614265 ,-0.527897 ,0.68 ,
0.614834 ,-0.527784 ,0.68 ,
0.615394 ,-0.527672 ,0.68 ,
0.615945 ,-0.527562 ,0.68 ,
0.616488 ,-0.527454 ,0.68 ,
0.617022 ,-0.527347 ,0.68 ,
0.617547 ,-0.527243 ,0.68 ,
0.618065 ,-0.52714 ,0.68 ,
0.618574 ,-0.527038 ,0.68 ,
0.619075 ,-0.526938 ,0.68 ,
0.619569 ,-0.52684 ,0.68 ,
0.620054 ,-0.526743 ,0.68 ,
0.620532 ,-0.526648 ,0.68 ,
0.621003 ,-0.526554 ,0.68 ,
0.621466 ,-0.526461 ,0.68 ,
0.621922 ,-0.526371 ,0.68 ,
0.62237 ,-0.526281 ,0.68 ,
0.622812 ,-0.526193 ,0.68 ,
0.623246 ,-0.526106 ,0.68 ,
0.623674 ,-0.526021 ,0.68 ,
0.624095 ,-0.525937 ,0.68 ,
0.62451 ,-0.525854 ,0.68 ,
0.624918 ,-0.525773 ,0.68 ,
0.62532 ,-0.525693 ,0.68 ,
0.625715 ,-0.525614 ,0.68 ,
0.626104 ,-0.525537 ,0.68 ,
0.626487 ,-0.52546 ,0.68 ,
0.626864 ,-0.525385 ,0.68 ,
0.627235 ,-0.525311 ,0.68 ,
0.6276 ,-0.525238 ,0.68 ,
0.62796 ,-0.525167 ,0.68 ,
0.628314 ,-0.525096 ,0.68 ,
0.628662 ,-0.525027 ,0.68 ,
0.629005 ,-0.524958 ,0.68 ,
0.629342 ,-0.524891 ,0.68 ,
0.629674 ,-0.524825 ,0.68 ,
0.630001 ,-0.52476 ,0.68 ,
0.630323 ,-0.524695 ,0.68 ,
0.63064 ,-0.524632 ,0.68 ,
0.630951 ,-0.52457 ,0.68 ,
0.631258 ,-0.524509 ,0.68 ,
0.63156 ,-0.524449 ,0.68 ,
0.631858 ,-0.524389 ,0.68 ,
0.63215 ,-0.524331 ,0.68 ,
0.632438 ,-0.524274 ,0.68 ,
0.632722 ,-0.524217 ,0.68 ,
0.633001 ,-0.524161 ,0.68 ,
0.633276 ,-0.524107 ,0.68 ,
0.633546 ,-0.524053 ,0.68 ,
0.633812 ,-0.524 ,0.68 ,
0.634074 ,-0.523947 ,0.68 ,
0.634332 ,-0.523896 ,0.68 ,
0.634586 ,-0.523845 ,0.68 ,
0.634836 ,-0.523796 ,0.68 ,
0.635081 ,-0.523747 ,0.68 ,
0.635324 ,-0.523698 ,0.68 ,
0.635562 ,-0.523651 ,0.68 ,
0.635796 ,-0.523604 ,0.68 ,
0.636027 ,-0.523558 ,0.68 ,
0.636254 ,-0.523513 ,0.68 ,
0.636478 ,-0.523468 ,0.68 ,
0.636698 ,-0.523424 ,0.68 ,
0.636915 ,-0.523381 ,0.68 ,
0.637128 ,-0.523339 ,0.68 ,
0.637338 ,-0.523297 ,0.68 ,
0.637544 ,-0.523255 ,0.68 ,
0.637748 ,-0.523215 ,0.68 ,
0.637948 ,-0.523175 ,0.68 ,
0.638145 ,-0.523136 ,0.68 ,
0.638339 ,-0.523097 ,0.68 ,
0.63853 ,-0.523059 ,0.68 ,
0.638718 ,-0.523022 ,0.68 ,
0.638902 ,-0.522985 ,0.68 ,
0.639085 ,-0.522948 ,0.68 ,
0.639264 ,-0.522913 ,0.68 ,
0.63944 ,-0.522877 ,0.68 ,
0.639614 ,-0.522843 ,0.68 ,
0.639784 ,-0.522809 ,0.68 ,
0.639953 ,-0.522775 ,0.68 ,
0.640118 ,-0.522742 ,0.68 ,
0.640281 ,-0.52271 ,0.68 ,
0.640442 ,-0.522678 ,0.68 ,
0.640599 ,-0.522646 ,0.68 ,
0.640755 ,-0.522615 ,0.68 ,
0.640908 ,-0.522585 ,0.68 ,
0.641058 ,-0.522555 ,0.68 ,
0.641206 ,-0.522525 ,0.68 ,
0.641352 ,-0.522496 ,0.68 ,
0.641496 ,-0.522468 ,0.68 ,
0.641637 ,-0.522439 ,0.68 ,
0.641776 ,-0.522412 ,0.68 ,
0.641913 ,-0.522384 ,0.68 ,
0.642048 ,-0.522357 ,0.68 ,
0.642181 ,-0.522331 ,0.68 ,
0.642311 ,-0.522305 ,0.68 ,
0.64244 ,-0.522279 ,0.68 ,
0.642566 ,-0.522254 ,0.68 ,
0.642691 ,-0.522229 ,0.68 ,
0.642813 ,-0.522205 ,0.68 ,
0.642934 ,-0.522181 ,0.68 ,
0.643053 ,-0.522157 ,0.68 ,
0.643169 ,-0.522134 ,0.68 ,
0.643284 ,-0.522111 ,0.68 ,
0.643398 ,-0.522088 ,0.68 ,
0.643509 ,-0.522066 ,0.68 ,
0.643619 ,-0.522044 ,0.68 ,
0.643727 ,-0.522023 ,0.68 ,
0.643833 ,-0.522002 ,0.68 ,
0.643938 ,-0.521981 ,0.68 ,
0.644041 ,-0.52196 ,0.68 ,
0.644142 ,-0.52194 ,0.68 ,
0.644242 ,-0.52192 ,0.68 ,
0.64434 ,-0.5219 ,0.68 ,
0.644437 ,-0.521881 ,0.68 ,
0.644532 ,-0.521862 ,0.68 ,
0.644625 ,-0.521844 ,0.68 ,
0.644718 ,-0.521825 ,0.68 ,
0.644808 ,-0.521807 ,0.68 ,
0.644898 ,-0.521789 ,0.68 ,
0.644986 ,-0.521772 ,0.68 ,
0.645072 ,-0.521755 ,0.68 ,
0.645157 ,-0.521738 ,0.68 ,
0.645241 ,-0.521721 ,0.68 ,
0.645324 ,-0.521704 ,0.68 ,
0.645405 ,-0.521688 ,0.68 ,
0.645485 ,-0.521672 ,0.68 ,
0.645563 ,-0.521657 ,0.68 ,
0.645641 ,-0.521641 ,0.68 ,
0.645717 ,-0.521626 ,0.68 ,
0.645792 ,-0.521611 ,0.68 ,
0.645866 ,-0.521596 ,0.68 ,
0.645939 ,-0.521582 ,0.68 ,
0.64601 ,-0.521567 ,0.68 ,
0.646081 ,-0.521553 ,0.68 ,
0.64615 ,-0.52154 ,0.68 ,
0.646218 ,-0.521526 ,0.68 ,
0.646285 ,-0.521513 ,0.68 ,
0.646351 ,-0.521499 ,0.68 ,
0.646417 ,-0.521486 ,0.68 ,
0.646481 ,-0.521474 ,0.68 ,
0.646544 ,-0.521461 ,0.68 ,
0.646606 ,-0.521449 ,0.68 ,
0.646667 ,-0.521437 ,0.68 ,
0.646727 ,-0.521425 ,0.68 ,
0.646786 ,-0.521413 ,0.68 ,
0.646844 ,-0.521401 ,0.68 ,
0.646902 ,-0.52139 ,0.68 ,
0.646958 ,-0.521378 ,0.68 ,
0.647014 ,-0.521367 ,0.68 ,
0.647068 ,-0.521356 ,0.68 ,
0.647122 ,-0.521346 ,0.68 ,
0.647175 ,-0.521335 ,0.68 ,
0.647227 ,-0.521325 ,0.68 ,
0.647279 ,-0.521315 ,0.68 ,
0.647329 ,-0.521304 ,0.68 ,
0.647379 ,-0.521295 ,0.68 ,
0.647428 ,-0.521285 ,0.68 ,
0.647476 ,-0.521275 ,0.68 ,
0.647523 ,-0.521266 ,0.68 ,
0.64757 ,-0.521256 ,0.68 ,
0.647616 ,-0.521247 ,0.68 ,
0.647661 ,-0.521238 ,0.68 ,
0.647706 ,-0.521229 ,0.68 ,
0.647749 ,-0.521221 ,0.68 ,
0.647793 ,-0.521212 ,0.68 ,
0.647835 ,-0.521204 ,0.68 ,
0.647877 ,-0.521195 ,0.68 ,
0.647918 ,-0.521187 ,0.68 ,
0.647958 ,-0.521179 ,0.68 ,
0.647998 ,-0.521171 ,0.68 ,
0.648037 ,-0.521163 ,0.68 ,
0.648076 ,-0.521156 ,0.68 ,
0.648114 ,-0.521148 ,0.68 ,
0.648151 ,-0.521141 ,0.68 ,
0.648188 ,-0.521133 ,0.68 ,
0.648224 ,-0.521126 ,0.68 ,
0.64826 ,-0.521119 ,0.68 ,
0.648295 ,-0.521112 ,0.68 ,
0.64833 ,-0.521105 ,0.68 ,
0.648364 ,-0.521098 ,0.68 ,
0.648397 ,-0.521091 ,0.68 ,
0.64843 ,-0.521085 ,0.68 ,
0.648463 ,-0.521078 ,0.68 ,
0.648495 ,-0.521072 ,0.68 ,
0.648526 ,-0.521066 ,0.68 ,
0.648557 ,-0.52106 ,0.68 ,
0.648587 ,-0.521054 ,0.68 ,
0.648617 ,-0.521048 ,0.68 ,
0.648647 ,-0.521042 ,0.68 ,
0.648676 ,-0.521036 ,0.68 ,
0.648704 ,-0.52103 ,0.68 ,
0.648733 ,-0.521025 ,0.68 ,
0.64876 ,-0.521019 ,0.68 ,
0.648788 ,-0.521014 ,0.68 ,
0.648814 ,-0.521008 ,0.68 ,
0.648841 ,-0.521003 ,0.68 ,
0.648867 ,-0.520998 ,0.68 ,
0.648892 ,-0.520993 ,0.68 ,
0.648917 ,-0.520988 ,0.68 ,
0.648942 ,-0.520983 ,0.68 ,
0.648967 ,-0.520978 ,0.68 ,
0.648991 ,-0.520973 ,0.68 ,
0.649014 ,-0.520968 ,0.68 ,
0.649038 ,-0.520964 ,0.68 ,
0.64906 ,-0.520959 ,0.68 ,
0.649083 ,-0.520955 ,0.68 ,
0.649105 ,-0.52095 ,0.68 ,
0.649127 ,-0.520946 ,0.68 ,
0.649149 ,-0.520942 ,0.68 ,
0.64917 ,-0.520937 ,0.68 ,
0.64919 ,-0.520933 ,0.68 ,
0.649211 ,-0.520929 ,0.68 ,
0.649231 ,-0.520925 ,0.68 ,
0.649251 ,-0.520921 ,0.68 ,
