0.000163627 ,0.00934666 ,-0 ,
0.000161126 ,0.00920379 ,-0 ,
0.000158799 ,0.0090709 ,-0 ,
0.000156645 ,0.00894783 ,-0 ,
0.000154659 ,0.00883441 ,-0 ,
0.00015284 ,0.00873047 ,-0 ,
0.000151183 ,0.00863585 ,-0 ,
0.000149687 ,0.00855037 ,-0 ,
0.000148348 ,0.00847388 ,-0 ,
0.000147163 ,0.00840623 ,-0 ,
0.000146131 ,0.00834725 ,-0 ,
0.000145247 ,0.0082968 ,-0 ,
0.000144511 ,0.00825472 ,-0 ,
0.000143918 ,0.00822086 ,-0 ,
0.000170541 ,0.0097416 ,-0 ,
0.000171095 ,0.00977324 ,-0 ,
0.000171692 ,0.00980734 ,-0 ,
0.000172331 ,0.00984388 ,-0 ,
0.000173014 ,0.0098829 ,-0 ,
0.000173741 ,0.00992438 ,-0 ,
0.000174511 ,0.00996836 ,-0 ,
0.000175324 ,0.0100148 ,-0 ,
0.000176182 ,0.0100638 ,-0 ,
0.000177083 ,0.0101153 ,-0 ,
0.000178029 ,0.0101693 ,-0 ,
0.00017902 ,0.0102259 ,-0 ,
0.000180055 ,0.0102851 ,-0 ,
0.000181135 ,0.0103468 ,-0 ,
0.000182261 ,0.0104111 ,-0 ,
0.000183433 ,0.010478 ,-0 ,
0.00018465 ,0.0105475 ,-0 ,
0.000185914 ,0.0106197 ,-0 ,
0.000187224 ,0.0106946 ,-0 ,
0.000188581 ,0.0107721 ,-0 ,
0.000189986 ,0.0108523 ,-0 ,
0.000191438 ,0.0109353 ,-0 ,
0.000192937 ,0.0110209 ,-0 ,
0.000194486 ,0.0111094 ,-0 ,
0.000196083 ,0.0112006 ,-0 ,
0.000197729 ,0.0112946 ,-0 ,
0.000199424 ,0.0113915 ,-0 ,
0.00020117 ,0.0114912 ,-0 ,
0.000202966 ,0.0115938 ,-0 ,
0.000204812 ,0.0116992 ,-0 ,
0.00020671 ,0.0118077 ,-0 ,
0.00020866 ,0.011919 ,-0 ,
0.000210662 ,0.0120334 ,-0 ,
0.000212717 ,0.0121508 ,-0 ,
0.000214825 ,0.0122712 ,-0 ,
0.000216987 ,0.0123947 ,-0 ,
0.000219203 ,0.0125213 ,-0 ,
0.000221475 ,0.012651 ,-0 ,
0.000223801 ,0.0127839 ,-0 ,
0.000226184 ,0.01292 ,-0 ,
0.000228623 ,0.0130594 ,-0 ,
0.00023112 ,0.013202 ,-0 ,
0.000233674 ,0.0133479 ,-0 ,
0.000236287 ,0.0134972 ,-0 ,
0.00023896 ,0.0136498 ,-0 ,
0.000241692 ,0.0138059 ,-0 ,
0.000244484 ,0.0139654 ,-0 ,
0.000247338 ,0.0141284 ,-0 ,
0.000250254 ,0.0142949 ,-0 ,
0.000253232 ,0.0144651 ,-0 ,
0.000256274 ,0.0146388 ,-0 ,
0.00025938 ,0.0148163 ,-0 ,
0.000262551 ,0.0149974 ,-0 ,
0.000265788 ,0.0151823 ,-0 ,
0.000269091 ,0.015371 ,-0 ,
0.000272462 ,0.0155635 ,-0 ,
0.000275901 ,0.01576 ,-0 ,
0.000279409 ,0.0159604 ,-0 ,
0.000282987 ,0.0161647 ,-0 ,
0.000286636 ,0.0163732 ,-0 ,
0.000290357 ,0.0165857 ,-0 ,
0.000294151 ,0.0168024 ,-0 ,
0.000298018 ,0.0170233 ,-0 ,
0.000301959 ,0.0172485 ,-0 ,
0.000305977 ,0.017478 ,-0 ,
0.000310071 ,0.0177118 ,-0 ,
0.000314243 ,0.0179501 ,-0 ,
0.000318493 ,0.0181929 ,-0 ,
0.000322823 ,0.0184402 ,-0 ,
0.000327234 ,0.0186922 ,-0 ,
0.000331727 ,0.0189489 ,-0 ,
0.000336304 ,0.0192103 ,-0 ,
0.000340964 ,0.0194765 ,-0 ,
0.00034571 ,0.0197476 ,-0 ,
0.000350542 ,0.0200236 ,-0 ,
0.000355462 ,0.0203046 ,-0 ,
0.000360471 ,0.0205908 ,-0 ,
0.000365571 ,0.0208821 ,-0 ,
0.000370762 ,0.0211786 ,-0 ,
0.000376046 ,0.0214804 ,-0 ,
0.000381424 ,0.0217876 ,-0 ,
0.000386897 ,0.0221003 ,-0 ,
0.000392468 ,0.0224185 ,-0 ,
0.000398137 ,0.0227423 ,-0 ,
0.000403905 ,0.0230718 ,-0 ,
0.000409775 ,0.0234071 ,-0 ,
0.000415747 ,0.0237482 ,-0 ,
0.000421823 ,0.0240953 ,-0 ,
0.000428006 ,0.0244484 ,-0 ,
0.000434295 ,0.0248077 ,-0 ,
0.000440693 ,0.0251732 ,-0 ,
0.000447201 ,0.0255449 ,-0 ,
0.000453822 ,0.0259231 ,-0 ,
0.000460556 ,0.0263078 ,-0 ,
0.000467405 ,0.026699 ,-0 ,
0.000474372 ,0.027097 ,-0 ,
0.000481457 ,0.0275017 ,-0 ,
0.000488663 ,0.0279133 ,-0 ,
0.000495992 ,0.0283319 ,-0 ,
0.000503444 ,0.0287576 ,-0 ,
0.000511023 ,0.0291905 ,-0 ,
0.000518729 ,0.0296308 ,-0 ,
0.000526566 ,0.0300784 ,-0 ,
0.000534534 ,0.0305336 ,-0 ,
0.000542637 ,0.0309964 ,-0 ,
0.000550875 ,0.031467 ,-0 ,
0.000559251 ,0.0319454 ,-0 ,
0.000567768 ,0.0324319 ,-0 ,
0.000576426 ,0.0329265 ,-0 ,
0.000585229 ,0.0334293 ,-0 ,
0.000594178 ,0.0339405 ,-0 ,
0.000603277 ,0.0344602 ,-0 ,
0.000612526 ,0.0349886 ,-0 ,
0.000621929 ,0.0355257 ,-0 ,
0.000631487 ,0.0360717 ,-0 ,
0.000641204 ,0.0366267 ,-0 ,
0.000651082 ,0.0371909 ,-0 ,
0.000661122 ,0.0377645 ,-0 ,
0.000671328 ,0.0383475 ,-0 ,
0.000681702 ,0.03894 ,-0 ,
0.000692247 ,0.0395424 ,-0 ,
0.000702965 ,0.0401546 ,-0 ,
0.00071386 ,0.0407769 ,-0 ,
0.000724933 ,0.0414095 ,-0 ,
0.000736187 ,0.0420523 ,-0 ,
0.000747627 ,0.0427058 ,-0 ,
0.000759253 ,0.0433699 ,-0 ,
0.000771069 ,0.0440449 ,-0 ,
0.000783079 ,0.0447309 ,-0 ,
0.000795285 ,0.0454281 ,-0 ,
0.00080769 ,0.0461367 ,-0 ,
0.000820297 ,0.0468568 ,-0 ,
0.00083311 ,0.0475887 ,-0 ,
0.000846131 ,0.0483325 ,-0 ,
0.000859364 ,0.0490884 ,-0 ,
0.000872813 ,0.0498566 ,-0 ,
0.00088648 ,0.0506373 ,-0 ,
0.000900369 ,0.0514307 ,-0 ,
0.000914484 ,0.052237 ,-0 ,
0.000928828 ,0.0530563 ,-0 ,
0.000943404 ,0.0538889 ,-0 ,
0.000958217 ,0.0547351 ,-0 ,
0.000973269 ,0.0555949 ,-0 ,
0.000988566 ,0.0564687 ,-0 ,
0.00100411 ,0.0573566 ,-0 ,
0.00101991 ,0.0582588 ,-0 ,
0.00103596 ,0.0591757 ,-0 ,
0.00105227 ,0.0601074 ,-0 ,
0.00106884 ,0.0610541 ,-0 ,
0.00108568 ,0.0620161 ,-0 ,
0.0011028 ,0.0629937 ,-0 ,
0.00112019 ,0.063987 ,-0 ,
0.00113786 ,0.0649964 ,-0 ,
0.00115581 ,0.0660221 ,-0 ,
0.00117406 ,0.0670642 ,-0 ,
0.0011926 ,0.0681232 ,-0 ,
0.00121143 ,0.0691993 ,-0 ,
0.00123057 ,0.0702926 ,-0 ,
0.00125002 ,0.0714036 ,-0 ,
0.00126979 ,0.0725325 ,-0 ,
0.00128987 ,0.0736795 ,-0 ,
0.00131027 ,0.074845 ,-0 ,
0.001331 ,0.0760292 ,-0 ,
0.00135207 ,0.0772325 ,-0 ,
0.00137347 ,0.0784551 ,-0 ,
0.00139522 ,0.0796974 ,-0 ,
0.00141732 ,0.0809596 ,-0 ,
0.00143977 ,0.0822421 ,-0 ,
0.00146258 ,0.0835452 ,-0 ,
0.00148576 ,0.0848692 ,-0 ,
0.00150931 ,0.0862145 ,-0 ,
0.00153324 ,0.0875814 ,-0 ,
0.00155755 ,0.0889702 ,-0 ,
0.00158226 ,0.0903813 ,-0 ,
0.00160736 ,0.0918151 ,-0 ,
0.00163286 ,0.0932718 ,-0 ,
0.00165877 ,0.0947519 ,-0 ,
0.0016851 ,0.0962557 ,-0 ,
0.00171185 ,0.0977837 ,-0 ,
0.00173902 ,0.0993361 ,-0 ,
0.00176664 ,0.100913 ,-0 ,
0.00179469 ,0.102516 ,-0 ,
0.0018232 ,0.104144 ,-0 ,
0.00185216 ,0.105799 ,-0 ,
0.00188158 ,0.107479 ,-0 ,
0.00191148 ,0.109187 ,-0 ,
0.00194186 ,0.110922 ,-0 ,
0.00197272 ,0.112685 ,-0 ,
0.00200407 ,0.114476 ,-0 ,
0.00203593 ,0.116296 ,-0 ,
0.0020683 ,0.118145 ,-0 ,
0.00210119 ,0.120024 ,-0 ,
0.0021346 ,0.121932 ,-0 ,
0.00216855 ,0.123871 ,-0 ,
0.00220304 ,0.125841 ,-0 ,
0.00223808 ,0.127843 ,-0 ,
0.00227368 ,0.129877 ,-0 ,
0.00230985 ,0.131943 ,-0 ,
0.0023466 ,0.134042 ,-0 ,
0.00238394 ,0.136175 ,-0 ,
0.00242188 ,0.138342 ,-0 ,
0.00246042 ,0.140543 ,-0 ,
0.00249958 ,0.14278 ,-0 ,
0.00253936 ,0.145053 ,-0 ,
0.00257978 ,0.147362 ,-0 ,
0.00262085 ,0.149707 ,-0 ,
0.00266257 ,0.152091 ,-0 ,
0.00270496 ,0.154512 ,-0 ,
0.00274803 ,0.156972 ,-0 ,
0.00279178 ,0.159472 ,-0 ,
0.00283624 ,0.162011 ,-0 ,
0.0028814 ,0.164591 ,-0 ,
0.00292729 ,0.167212 ,-0 ,
0.00297391 ,0.169875 ,-0 ,
0.00302127 ,0.17258 ,-0 ,
0.00306939 ,0.175329 ,-0 ,
0.00311828 ,0.178065 ,-0 ,
0.00316793 ,0.180518 ,-0 ,
0.00321836 ,0.182659 ,-0 ,
0.00326959 ,0.184497 ,-0 ,
0.00332163 ,0.186039 ,-0 ,
0.00337451 ,0.187291 ,-0 ,
0.00342823 ,0.188261 ,-0 ,
0.00348281 ,0.188955 ,-0 ,
0.00353827 ,0.18938 ,-0 ,
0.00359463 ,0.189544 ,-0 ,
0.0036519 ,0.189452 ,-0 ,
0.00371009 ,0.189111 ,-0 ,
0.00376923 ,0.188527 ,-0 ,
0.00382932 ,0.187708 ,-0 ,
0.00389038 ,0.186658 ,-0 ,
0.00395242 ,0.185384 ,-0 ,
0.00401546 ,0.183892 ,-0 ,
0.00407951 ,0.182188 ,-0 ,
0.00414459 ,0.180278 ,-0 ,
0.00421071 ,0.178167 ,-0 ,
0.00427788 ,0.175861 ,-0 ,
0.00434611 ,0.173366 ,-0 ,
0.00441542 ,0.170687 ,-0 ,
0.00448582 ,0.167829 ,-0 ,
0.00455733 ,0.16483 ,-0 ,
0.00462998 ,0.161852 ,-0 ,
0.00470378 ,0.158915 ,-0 ,
0.00477877 ,0.156017 ,-0 ,
0.00485495 ,0.153159 ,-0 ,
0.00493235 ,0.150339 ,-0 ,
0.00501098 ,0.147556 ,-0 ,
0.00509087 ,0.144811 ,-0 ,
0.00517203 ,0.142102 ,-0 ,
0.00525449 ,0.139428 ,-0 ,
0.00533826 ,0.136789 ,-0 ,
0.00542338 ,0.134185 ,-0 ,
0.00550985 ,0.131614 ,-0 ,
0.0055977 ,0.129076 ,-0 ,
0.00568695 ,0.12657 ,-0 ,
0.00577762 ,0.124097 ,-0 ,
0.00586975 ,0.121654 ,-0 ,
0.00596334 ,0.119242 ,-0 ,
0.00605843 ,0.116859 ,-0 ,
0.00615503 ,0.114506 ,-0 ,
0.00625318 ,0.112182 ,-0 ,
0.00635289 ,0.109885 ,-0 ,
0.0064542 ,0.107616 ,-0 ,
0.00655712 ,0.105375 ,-0 ,
0.00666168 ,0.103159 ,-0 ,
0.00676791 ,0.100969 ,-0 ,
0.00687584 ,0.0988051 ,-0 ,
0.00698549 ,0.0966655 ,-0 ,
0.00709688 ,0.0945501 ,-0 ,
0.00721006 ,0.0924584 ,-0 ,
0.00732504 ,0.0903899 ,-0 ,
0.00744186 ,0.088344 ,-0 ,
0.00756054 ,0.0863202 ,-0 ,
0.00768111 ,0.0843181 ,-0 ,
0.00780361 ,0.0823371 ,-0 ,
0.00792806 ,0.0803767 ,-0 ,
0.0080545 ,0.0784364 ,-0 ,
0.00818295 ,0.0765158 ,-0 ,
0.00831346 ,0.0746143 ,-0 ,
0.00844604 ,0.0727316 ,-0 ,
0.00858075 ,0.070867 ,-0 ,
0.0087176 ,0.0690202 ,-0 ,
0.00885663 ,0.0671907 ,-0 ,
0.00899789 ,0.0653781 ,-0 ,
0.00914139 ,0.0635818 ,-0 ,
0.00928719 ,0.0618014 ,-0 ,
0.00943531 ,0.0600365 ,-0 ,
0.0095858 ,0.0582867 ,-0 ,
0.00973868 ,0.0565514 ,-0 ,
0.00989401 ,0.0548304 ,-0 ,
0.0100518 ,0.053123 ,-0 ,
0.0102121 ,0.051429 ,-0 ,
0.010375 ,0.0497478 ,-0 ,
0.0105405 ,0.0480791 ,-0 ,
0.0107086 ,0.0464225 ,-0 ,
0.0108794 ,0.0447775 ,-0 ,
0.0110529 ,0.0431437 ,-0 ,
0.0112292 ,0.0415207 ,-0 ,
0.0114083 ,0.0399081 ,-0 ,
0.0115903 ,0.0383055 ,-0 ,
0.0117752 ,0.0367125 ,-0 ,
0.011963 ,0.0351287 ,-0 ,
0.0121538 ,0.0335537 ,-0 ,
0.0123476 ,0.0319871 ,-0 ,
0.0125446 ,0.0304286 ,-0 ,
0.0127447 ,0.0288776 ,-0 ,
0.012948 ,0.0273339 ,-0 ,
0.0131545 ,0.025797 ,-0 ,
0.0133643 ,0.0242666 ,-0 ,
0.0135775 ,0.0227423 ,-0 ,
0.0137941 ,0.0212237 ,-0 ,
0.0140141 ,0.0197104 ,-0 ,
0.0142376 ,0.018202 ,-0 ,
0.0144647 ,0.0166982 ,-0 ,
0.0146954 ,0.0151986 ,-0 ,
0.0149298 ,0.0137028 ,-0 ,
0.015168 ,0.0122104 ,-0 ,
0.0154099 ,0.0107211 ,-0 ,
0.0156557 ,0.00923444 ,-0 ,
0.0159054 ,0.00775012 ,-0 ,
0.0161591 ,0.00626775 ,-0 ,
0.0164169 ,0.00478695 ,-0 ,
0.0166788 ,0.00330735 ,-0 ,
0.0169448 ,0.00182858 ,-0 ,
0.0172151 ,0.000350276 ,-0 ,
0.0174897 ,-0.00112794 ,-0 ,
0.0177687 ,-0.00260644 ,-0 ,
0.0180521 ,-0.00408559 ,-0 ,
0.0183401 ,-0.00556576 ,-0 ,
0.0186326 ,-0.00704732 ,-0 ,
0.0189298 ,-0.00853064 ,-0 ,
0.0192318 ,-0.0100161 ,-0 ,
0.0195385 ,-0.0115041 ,-0 ,
0.0198502 ,-0.0129949 ,-0 ,
0.0201668 ,-0.014489 ,-0 ,
0.0204885 ,-0.0159867 ,-0 ,
0.0208153 ,-0.0174885 ,-0 ,
0.0211474 ,-0.0189946 ,-0 ,
0.0214847 ,-0.0205054 ,-0 ,
0.0218274 ,-0.0220214 ,-0 ,
0.0221756 ,-0.0235429 ,-0 ,
0.0225293 ,-0.0250703 ,-0 ,
0.0228887 ,-0.026604 ,-0 ,
0.0232538 ,-0.0281443 ,-0 ,
0.0236247 ,-0.0296917 ,-0 ,
0.0240016 ,-0.0312465 ,-0 ,
0.0243844 ,-0.0328092 ,-0 ,
0.0247734 ,-0.03438 ,-0 ,
0.0251686 ,-0.0359595 ,-0 ,
0.02557 ,-0.037548 ,-0 ,
0.0259779 ,-0.0391458 ,-0 ,
0.0263923 ,-0.0407535 ,-0 ,
0.0268133 ,-0.0423714 ,-0 ,
0.027241 ,-0.0439999 ,-0 ,
0.0276755 ,-0.0456394 ,-0 ,
0.028117 ,-0.0472903 ,-0 ,
0.0285655 ,-0.0489531 ,-0 ,
0.0290212 ,-0.0506281 ,-0 ,
0.0294841 ,-0.0523159 ,-0 ,
0.0299544 ,-0.0540167 ,-0 ,
0.0304322 ,-0.055731 ,-0 ,
0.0309177 ,-0.0574593 ,-0 ,
0.0314109 ,-0.059202 ,-0 ,
0.0319119 ,-0.0609595 ,-0 ,
0.032421 ,-0.0627323 ,-0 ,
0.0329381 ,-0.0645208 ,-0 ,
0.0334636 ,-0.0663255 ,-0 ,
0.0339974 ,-0.0681467 ,-0 ,
0.0345397 ,-0.069985 ,-0 ,
0.0350906 ,-0.0718409 ,-0 ,
0.0356504 ,-0.0737147 ,-0 ,
0.0362191 ,-0.075607 ,-0 ,
0.0367968 ,-0.0775183 ,-0 ,
0.0373838 ,-0.0794489 ,-0 ,
0.0379801 ,-0.0813995 ,-0 ,
0.038586 ,-0.0833704 ,-0 ,
0.0392015 ,-0.0853622 ,-0 ,
0.0398268 ,-0.0873754 ,-0 ,
0.0404621 ,-0.0894105 ,-0 ,
0.0411075 ,-0.091468 ,-0 ,
0.0417633 ,-0.0935483 ,-0 ,
0.0424295 ,-0.0956521 ,-0 ,
0.0431063 ,-0.0977799 ,-0 ,
0.0437939 ,-0.0999321 ,-0 ,
0.0444925 ,-0.102109 ,-0 ,
0.0452022 ,-0.104312 ,-0 ,
0.0459233 ,-0.106541 ,-0 ,
0.0466558 ,-0.108797 ,-0 ,
0.0474001 ,-0.11108 ,-0 ,
0.0481562 ,-0.11339 ,-0 ,
0.0489244 ,-0.11573 ,-0 ,
0.0497048 ,-0.118098 ,-0 ,
0.0504977 ,-0.120495 ,-0 ,
0.0513032 ,-0.122923 ,-0 ,
0.0521216 ,-0.125382 ,-0 ,
0.052953 ,-0.127872 ,-0 ,
0.0537977 ,-0.130394 ,-0 ,
0.0546558 ,-0.132949 ,-0 ,
0.0555277 ,-0.135537 ,-0 ,
0.0564135 ,-0.138159 ,-0 ,
0.0573134 ,-0.140815 ,-0 ,
0.0582276 ,-0.143507 ,-0 ,
0.0591564 ,-0.146235 ,-0 ,
0.0601001 ,-0.148999 ,-0 ,
0.0610588 ,-0.151801 ,-0 ,
0.0620328 ,-0.154641 ,-0 ,
0.0630223 ,-0.157519 ,-0 ,
0.0640276 ,-0.160437 ,-0 ,
0.065049 ,-0.163395 ,-0 ,
0.0660866 ,-0.166394 ,-0 ,
0.0671408 ,-0.169435 ,-0 ,
0.0682118 ,-0.172518 ,-0 ,
0.0692999 ,-0.175644 ,-0 ,
0.0704054 ,-0.178815 ,-0 ,
0.0715285 ,-0.18203 ,-0 ,
0.0726695 ,-0.185291 ,-0 ,
0.0738287 ,-0.188598 ,-0 ,
0.0750064 ,-0.191952 ,-0 ,
0.0762029 ,-0.195354 ,-0 ,
0.0774184 ,-0.198806 ,-0 ,
0.0786534 ,-0.202307 ,-0 ,
0.0799081 ,-0.205859 ,-0 ,
0.0811827 ,-0.209462 ,-0 ,
0.0824778 ,-0.213118 ,-0 ,
0.0837934 ,-0.216827 ,-0 ,
0.0851301 ,-0.220591 ,-0 ,
0.086488 ,-0.224409 ,-0 ,
0.0878677 ,-0.228284 ,-0 ,
0.0892693 ,-0.232216 ,-0 ,
0.0906933 ,-0.236207 ,-0 ,
0.0921401 ,-0.240256 ,-0 ,
0.0936099 ,-0.244366 ,-0 ,
0.0951031 ,-0.248537 ,-0 ,
0.0966202 ,-0.25277 ,-0 ,
0.0981614 ,-0.257066 ,-0 ,
0.0997273 ,-0.261427 ,-0 ,
0.101318 ,-0.265853 ,-0 ,
0.102934 ,-0.270346 ,-0 ,
0.104576 ,-0.274906 ,-0 ,
0.106244 ,-0.279536 ,-0 ,
0.107939 ,-0.284235 ,-0 ,
0.109661 ,-0.289006 ,-0 ,
0.11141 ,-0.293849 ,-0 ,
0.113188 ,-0.298765 ,-0 ,
0.114993 ,-0.303757 ,-0 ,
0.116827 ,-0.308824 ,-0 ,
0.118691 ,-0.313969 ,-0 ,
0.120584 ,-0.319192 ,-0 ,
0.122508 ,-0.324496 ,-0 ,
0.124462 ,-0.329881 ,-0 ,
0.126448 ,-0.335348 ,-0 ,
0.128465 ,-0.340899 ,-0 ,
0.130514 ,-0.346536 ,-0 ,
0.132596 ,-0.352259 ,-0 ,
0.134711 ,-0.358071 ,-0 ,
0.13686 ,-0.363972 ,-0 ,
0.139002 ,-0.369848 ,-0 ,
0.140944 ,-0.375143 ,-0 ,
0.142666 ,-0.379801 ,-0 ,
0.144174 ,-0.383835 ,-0 ,
0.145471 ,-0.387262 ,-0 ,
0.146565 ,-0.390096 ,-0 ,
0.147458 ,-0.392351 ,-0 ,
0.148158 ,-0.394042 ,-0 ,
0.148668 ,-0.395183 ,-0 ,
0.148994 ,-0.395787 ,-0 ,
0.149139 ,-0.395868 ,-0 ,
0.14911 ,-0.395439 ,-0 ,
0.14891 ,-0.394515 ,-0 ,
0.148545 ,-0.393106 ,-0 ,
0.148018 ,-0.391227 ,-0 ,
0.147334 ,-0.38889 ,-0 ,
0.146497 ,-0.386108 ,-0 ,
0.145512 ,-0.382891 ,-0 ,
0.144383 ,-0.379253 ,-0 ,
0.143114 ,-0.375206 ,-0 ,
0.141708 ,-0.37076 ,-0 ,
0.140171 ,-0.365927 ,-0 ,
0.138506 ,-0.360719 ,-0 ,
0.136717 ,-0.355147 ,-0 ,
0.134831 ,-0.349288 ,-0 ,
0.132964 ,-0.343475 ,-0 ,
0.131131 ,-0.337747 ,-0 ,
0.12933 ,-0.332104 ,-0 ,
0.127562 ,-0.326545 ,-0 ,
0.125825 ,-0.321067 ,-0 ,
0.124121 ,-0.315669 ,-0 ,
0.122447 ,-0.310351 ,-0 ,
0.120804 ,-0.30511 ,-0 ,
0.119191 ,-0.299946 ,-0 ,
0.117608 ,-0.294857 ,-0 ,
0.116054 ,-0.289841 ,-0 ,
0.11453 ,-0.284898 ,-0 ,
0.113034 ,-0.280027 ,-0 ,
0.111567 ,-0.275226 ,-0 ,
0.110127 ,-0.270494 ,-0 ,
0.108715 ,-0.265829 ,-0 ,
0.10733 ,-0.261231 ,-0 ,
0.105973 ,-0.256699 ,-0 ,
0.104641 ,-0.25223 ,-0 ,
0.103336 ,-0.247825 ,-0 ,
0.102057 ,-0.243482 ,-0 ,
0.100803 ,-0.2392 ,-0 ,
0.0995751 ,-0.234978 ,-0 ,
0.0983717 ,-0.230815 ,-0 ,
0.0971929 ,-0.22671 ,-0 ,
0.0960384 ,-0.222661 ,-0 ,
0.094908 ,-0.218668 ,-0 ,
0.0938014 ,-0.21473 ,-0 ,
0.0927183 ,-0.210846 ,-0 ,
0.0916584 ,-0.207015 ,-0 ,
0.0906215 ,-0.203235 ,-0 ,
0.0896072 ,-0.199506 ,-0 ,
0.0886154 ,-0.195827 ,-0 ,
0.0876458 ,-0.192198 ,-0 ,
0.0866982 ,-0.188616 ,-0 ,
0.0857723 ,-0.185082 ,-0 ,
0.0848678 ,-0.181594 ,-0 ,
0.0839847 ,-0.178151 ,-0 ,
0.0831225 ,-0.174754 ,-0 ,
0.0822812 ,-0.1714 ,-0 ,
0.0814605 ,-0.168088 ,-0 ,
0.0806602 ,-0.164819 ,-0 ,
0.0798801 ,-0.161592 ,-0 ,
0.07912 ,-0.158404 ,-0 ,
0.0783797 ,-0.155257 ,-0 ,
0.077659 ,-0.152148 ,-0 ,
0.0769578 ,-0.149077 ,-0 ,
0.0762759 ,-0.146044 ,-0 ,
0.0756131 ,-0.143048 ,-0 ,
0.0749692 ,-0.140087 ,-0 ,
0.0743441 ,-0.137161 ,-0 ,
0.0737377 ,-0.13427 ,-0 ,
0.0731497 ,-0.131412 ,-0 ,
0.07258 ,-0.128587 ,-0 ,
0.0720285 ,-0.125794 ,-0 ,
0.0714951 ,-0.123033 ,-0 ,
0.0709795 ,-0.120303 ,-0 ,
0.0704817 ,-0.117603 ,-0 ,
0.0700016 ,-0.114932 ,-0 ,
0.0695391 ,-0.11229 ,-0 ,
0.0690939 ,-0.109676 ,-0 ,
0.0686661 ,-0.10709 ,-0 ,
0.0682554 ,-0.10453 ,-0 ,
0.0678619 ,-0.101997 ,-0 ,
0.0674853 ,-0.0994893 ,-0 ,
0.0671256 ,-0.0970064 ,-0 ,
0.0667828 ,-0.0945479 ,-0 ,
0.0664567 ,-0.092113 ,-0 ,
0.0661472 ,-0.0897012 ,-0 ,
0.0658544 ,-0.0873119 ,-0 ,
0.065578 ,-0.0849444 ,-0 ,
0.065318 ,-0.0825982 ,-0 ,
0.0650744 ,-0.0802727 ,-0 ,
0.0648471 ,-0.0779673 ,-0 ,
0.064636 ,-0.0756815 ,-0 ,
0.0644411 ,-0.0734146 ,-0 ,
0.0642624 ,-0.0711661 ,-0 ,
0.0640998 ,-0.0689354 ,-0 ,
0.0639532 ,-0.066722 ,-0 ,
0.0638226 ,-0.0645253 ,-0 ,
0.0637081 ,-0.0623448 ,-0 ,
0.0636095 ,-0.0601799 ,-0 ,
0.0635268 ,-0.05803 ,-0 ,
0.06346 ,-0.0558947 ,-0 ,
0.0634091 ,-0.0537734 ,-0 ,
0.0633742 ,-0.0516656 ,-0 ,
0.063355 ,-0.0495707 ,-0 ,
0.0633518 ,-0.0474882 ,-0 ,
0.0633644 ,-0.0454177 ,-0 ,
0.0633929 ,-0.0433585 ,-0 ,
0.0634373 ,-0.0413102 ,-0 ,
0.0634976 ,-0.0392722 ,-0 ,
0.0635738 ,-0.037244 ,-0 ,
0.0636659 ,-0.0352252 ,-0 ,
0.0637739 ,-0.0332152 ,-0 ,
0.0638979 ,-0.0312136 ,-0 ,
0.064038 ,-0.0292197 ,-0 ,
0.064194 ,-0.0272332 ,-0 ,
0.0643662 ,-0.0252535 ,-0 ,
0.0645544 ,-0.0232801 ,-0 ,
0.0647589 ,-0.0213126 ,-0 ,
0.0649795 ,-0.0193504 ,-0 ,
0.0652165 ,-0.017393 ,-0 ,
0.0654698 ,-0.01544 ,-0 ,
0.0657394 ,-0.0134909 ,-0 ,
0.0660256 ,-0.0115452 ,-0 ,
0.0663283 ,-0.00960232 ,-0 ,
0.0666476 ,-0.00766188 ,-0 ,
0.0669835 ,-0.00572336 ,-0 ,
0.0673363 ,-0.00378628 ,-0 ,
0.067706 ,-0.00185015 ,-0 ,
0.0680925 ,8.55146e-05 ,-0 ,
0.0684962 ,0.0020212 ,-0 ,
0.068917 ,0.00395739 ,-0 ,
0.0693551 ,0.00589457 ,-0 ,
0.0698105 ,0.00783322 ,-0 ,
0.0702835 ,0.00977383 ,-0 ,
0.070774 ,0.0117169 ,-0 ,
0.0712823 ,0.0136629 ,-0 ,
0.0718084 ,0.0156123 ,-0 ,
0.0723525 ,0.0175656 ,-0 ,
0.0729147 ,0.0195233 ,-0 ,
0.0734952 ,0.0214859 ,-0 ,
0.0740941 ,0.0234539 ,-0 ,
0.0747116 ,0.0254277 ,-0 ,
0.0753478 ,0.027408 ,-0 ,
0.0760028 ,0.029395 ,-0 ,
0.0766769 ,0.0313895 ,-0 ,
0.0773702 ,0.0333918 ,-0 ,
0.0780829 ,0.0354024 ,-0 ,
0.0788151 ,0.037422 ,-0 ,
0.0795671 ,0.0394509 ,-0 ,
0.080339 ,0.0414896 ,-0 ,
0.081131 ,0.0435388 ,-0 ,
0.0819434 ,0.0455989 ,-0 ,
0.0827763 ,0.0476704 ,-0 ,
0.0836299 ,0.0497538 ,-0 ,
0.0845044 ,0.0518497 ,-0 ,
0.0854002 ,0.0539585 ,-0 ,
0.0863173 ,0.0560809 ,-0 ,
0.087256 ,0.0582173 ,-0 ,
0.0882166 ,0.0603683 ,-0 ,
0.0891993 ,0.0625344 ,-0 ,
0.0902044 ,0.0647162 ,-0 ,
0.091232 ,0.0669142 ,-0 ,
0.0922825 ,0.069129 ,-0 ,
0.0933561 ,0.071361 ,-0 ,
0.094453 ,0.0736109 ,-0 ,
0.0955737 ,0.0758793 ,-0 ,
0.0967183 ,0.0781667 ,-0 ,
0.0978871 ,0.0804736 ,-0 ,
0.0990804 ,0.0828007 ,-0 ,
0.100299 ,0.0851485 ,-0 ,
0.101542 ,0.0875177 ,-0 ,
0.102811 ,0.0899087 ,-0 ,
0.104105 ,0.0923223 ,-0 ,
0.105425 ,0.094759 ,-0 ,
0.106772 ,0.0972195 ,-0 ,
0.108146 ,0.0997043 ,-0 ,
0.109547 ,0.102214 ,-0 ,
0.110975 ,0.104749 ,-0 ,
0.112431 ,0.107311 ,-0 ,
0.113915 ,0.109899 ,-0 ,
0.115428 ,0.112515 ,-0 ,
0.11697 ,0.11516 ,-0 ,
0.11854 ,0.117833 ,-0 ,
0.120141 ,0.120535 ,-0 ,
0.121772 ,0.123268 ,-0 ,
0.123433 ,0.126031 ,-0 ,
0.125125 ,0.128827 ,-0 ,
0.126849 ,0.131654 ,-0 ,
0.128604 ,0.134514 ,-0 ,
0.130391 ,0.137408 ,-0 ,
0.132211 ,0.140337 ,-0 ,
0.134065 ,0.1433 ,-0 ,
0.135951 ,0.1463 ,-0 ,
0.137872 ,0.149336 ,-0 ,
0.139828 ,0.15241 ,-0 ,
0.141818 ,0.155521 ,-0 ,
0.143844 ,0.158672 ,-0 ,
0.145906 ,0.161863 ,-0 ,
0.148004 ,0.165094 ,-0 ,
0.15014 ,0.168366 ,-0 ,
0.152313 ,0.17168 ,-0 ,
0.154524 ,0.175038 ,-0 ,
0.156774 ,0.178439 ,-0 ,
0.159064 ,0.181885 ,-0 ,
0.161393 ,0.185377 ,-0 ,
0.163762 ,0.188915 ,-0 ,
0.166173 ,0.1925 ,-0 ,
0.168625 ,0.196133 ,-0 ,
0.17112 ,0.199816 ,-0 ,
0.173657 ,0.203549 ,-0 ,
0.176238 ,0.207332 ,-0 ,
0.178863 ,0.211168 ,-0 ,
0.181533 ,0.215056 ,-0 ,
0.184248 ,0.218999 ,-0 ,
0.187009 ,0.222996 ,-0 ,
0.189817 ,0.227049 ,-0 ,
0.192673 ,0.231159 ,-0 ,
0.195577 ,0.235327 ,-0 ,
0.19853 ,0.239553 ,-0 ,
0.201533 ,0.24384 ,-0 ,
0.204586 ,0.248188 ,-0 ,
0.20769 ,0.252598 ,-0 ,
0.210847 ,0.257071 ,-0 ,
0.214056 ,0.261609 ,-0 ,
0.217319 ,0.266212 ,-0 ,
0.220636 ,0.270882 ,-0 ,
0.224009 ,0.275619 ,-0 ,
0.227438 ,0.280426 ,-0 ,
0.230923 ,0.285303 ,-0 ,
0.234467 ,0.290251 ,-0 ,
0.238069 ,0.295272 ,-0 ,
0.241731 ,0.300367 ,-0 ,
0.24538 ,0.305438 ,-0 ,
0.248667 ,0.310011 ,-0 ,
0.251556 ,0.314039 ,-0 ,
0.254057 ,0.317534 ,-0 ,
0.256178 ,0.320508 ,-0 ,
0.257929 ,0.322974 ,-0 ,
0.25932 ,0.324945 ,-0 ,
0.260359 ,0.326433 ,-0 ,
0.261055 ,0.327449 ,-0 ,
0.261417 ,0.328006 ,-0 ,
0.261453 ,0.328115 ,-0 ,
0.261171 ,0.327787 ,-0 ,
0.260581 ,0.327034 ,-0 ,
0.259689 ,0.325867 ,-0 ,
0.258505 ,0.324296 ,-0 ,
0.257035 ,0.322333 ,-0 ,
0.255289 ,0.319987 ,-0 ,
0.253273 ,0.31727 ,-0 ,
0.250995 ,0.314191 ,-0 ,
0.248462 ,0.310761 ,-0 ,
0.245682 ,0.306989 ,-0 ,
0.242662 ,0.302885 ,-0 ,
0.239408 ,0.298459 ,-0 ,
0.235929 ,0.29372 ,-0 ,
0.232273 ,0.288736 ,-0 ,
0.228648 ,0.283787 ,-0 ,
0.225081 ,0.27891 ,-0 ,
0.22157 ,0.274102 ,-0 ,
0.218114 ,0.269363 ,-0 ,
0.214713 ,0.264692 ,-0 ,
0.211366 ,0.260086 ,-0 ,
0.208072 ,0.255546 ,-0 ,
0.20483 ,0.25107 ,-0 ,
0.201639 ,0.246657 ,-0 ,
0.198499 ,0.242306 ,-0 ,
0.195408 ,0.238015 ,-0 ,
0.192367 ,0.233784 ,-0 ,
0.189373 ,0.229612 ,-0 ,
0.186428 ,0.225497 ,-0 ,
0.183528 ,0.221438 ,-0 ,
0.180675 ,0.217435 ,-0 ,
0.177867 ,0.213486 ,-0 ,
0.175104 ,0.209591 ,-0 ,
0.172384 ,0.205749 ,-0 ,
0.169707 ,0.201958 ,-0 ,
0.167074 ,0.198217 ,-0 ,
0.164482 ,0.194526 ,-0 ,
0.161931 ,0.190884 ,-0 ,
0.15942 ,0.18729 ,-0 ,
0.15695 ,0.183742 ,-0 ,
0.154519 ,0.180241 ,-0 ,
0.152127 ,0.176785 ,-0 ,
0.149772 ,0.173373 ,-0 ,
0.147456 ,0.170004 ,-0 ,
0.145176 ,0.166678 ,-0 ,
0.142932 ,0.163394 ,-0 ,
0.140725 ,0.160151 ,-0 ,
0.138552 ,0.156948 ,-0 ,
0.136415 ,0.153784 ,-0 ,
0.134311 ,0.150658 ,-0 ,
0.132241 ,0.147571 ,-0 ,
0.130205 ,0.14452 ,-0 ,
0.128201 ,0.141506 ,-0 ,
0.126229 ,0.138527 ,-0 ,
0.124288 ,0.135582 ,-0 ,
0.122379 ,0.132672 ,-0 ,
0.120501 ,0.129795 ,-0 ,
0.118652 ,0.12695 ,-0 ,
0.116834 ,0.124137 ,-0 ,
0.115044 ,0.121356 ,-0 ,
0.113284 ,0.118604 ,-0 ,
0.111551 ,0.115883 ,-0 ,
0.109847 ,0.11319 ,-0 ,
0.10817 ,0.110526 ,-0 ,
0.106521 ,0.10789 ,-0 ,
0.104898 ,0.10528 ,-0 ,
0.103301 ,0.102697 ,-0 ,
0.10173 ,0.100139 ,-0 ,
0.100185 ,0.0976071 ,-0 ,
0.0986648 ,0.0950992 ,-0 ,
0.0971693 ,0.0926151 ,-0 ,
0.0956981 ,0.0901543 ,-0 ,
0.094251 ,0.087716 ,-0 ,
0.0928274 ,0.0852996 ,-0 ,
0.0914271 ,0.0829047 ,-0 ,
0.0900496 ,0.0805305 ,-0 ,
0.0886948 ,0.0781765 ,-0 ,
0.0873622 ,0.0758421 ,-0 ,
0.0860514 ,0.0735266 ,-0 ,
0.0847622 ,0.0712296 ,-0 ,
0.0834943 ,0.0689504 ,-0 ,
0.0822472 ,0.0666885 ,-0 ,
0.0810208 ,0.0644433 ,-0 ,
0.0798147 ,0.0622143 ,-0 ,
0.0786285 ,0.0600008 ,-0 ,
0.0774621 ,0.0578024 ,-0 ,
0.076315 ,0.0556184 ,-0 ,
0.0751871 ,0.0534484 ,-0 ,
0.074078 ,0.0512917 ,-0 ,
0.0729875 ,0.0491479 ,-0 ,
0.0719153 ,0.0470164 ,-0 ,
0.070861 ,0.0448967 ,-0 ,
0.0698246 ,0.0427883 ,-0 ,
0.0688056 ,0.0406905 ,-0 ,
0.0678039 ,0.038603 ,-0 ,
0.0668191 ,0.0365251 ,-0 ,
0.0658511 ,0.0344564 ,-0 ,
0.0648996 ,0.0323963 ,-0 ,
0.0639643 ,0.0303443 ,-0 ,
0.0630451 ,0.0282999 ,-0 ,
0.0621417 ,0.0262626 ,-0 ,
0.0612538 ,0.0242319 ,-0 ,
0.0603813 ,0.0222073 ,-0 ,
0.0595239 ,0.0201882 ,-0 ,
0.0586814 ,0.0181742 ,-0 ,
0.0578537 ,0.0161647 ,-0 ,
0.0570404 ,0.0141593 ,-0 ,
0.0562414 ,0.0121574 ,-0 ,
0.0554565 ,0.0101586 ,-0 ,
0.0546855 ,0.00816235 ,-0 ,
0.0539282 ,0.00616812 ,-0 ,
0.0531844 ,0.00417544 ,-0 ,
0.0524539 ,0.00218381 ,-0 ,
0.0517366 ,0.000192727 ,-0 ,
0.0510323 ,-0.00179831 ,-0 ,
0.0503407 ,-0.00378979 ,-0 ,
0.0496617 ,-0.00578222 ,-0 ,
0.0489952 ,-0.0077761 ,-0 ,
0.048341 ,-0.00977192 ,-0 ,
0.0476988 ,-0.0117702 ,-0 ,
0.0470687 ,-0.0137714 ,-0 ,
0.0464503 ,-0.0157761 ,-0 ,
0.0458435 ,-0.0177847 ,-0 ,
0.0452483 ,-0.0197978 ,-0 ,
0.0446644 ,-0.0218158 ,-0 ,
0.0440916 ,-0.0238393 ,-0 ,
0.04353 ,-0.0258687 ,-0 ,
0.0429792 ,-0.0279047 ,-0 ,
0.0424392 ,-0.0299476 ,-0 ,
0.0419098 ,-0.031998 ,-0 ,
0.041391 ,-0.0340564 ,-0 ,
0.0408825 ,-0.0361234 ,-0 ,
0.0403842 ,-0.0381994 ,-0 ,
0.0398961 ,-0.040285 ,-0 ,
0.0394179 ,-0.0423806 ,-0 ,
0.0389497 ,-0.0444869 ,-0 ,
0.0384912 ,-0.0466043 ,-0 ,
0.0380423 ,-0.0487334 ,-0 ,
0.037603 ,-0.0508747 ,-0 ,
0.0371731 ,-0.0530287 ,-0 ,
0.0367525 ,-0.055196 ,-0 ,
0.0363412 ,-0.0573772 ,-0 ,
0.0359389 ,-0.0595727 ,-0 ,
0.0355456 ,-0.0617831 ,-0 ,
0.0351613 ,-0.064009 ,-0 ,
0.0347857 ,-0.0662509 ,-0 ,
0.0344189 ,-0.0685094 ,-0 ,
0.0340607 ,-0.0707851 ,-0 ,
0.0337111 ,-0.0730785 ,-0 ,
0.0333699 ,-0.0753902 ,-0 ,
0.033037 ,-0.0777208 ,-0 ,
0.0327124 ,-0.0800709 ,-0 ,
0.0323961 ,-0.082441 ,-0 ,
0.0320878 ,-0.0848317 ,-0 ,
0.0317876 ,-0.0872437 ,-0 ,
0.0314953 ,-0.0896776 ,-0 ,
0.031211 ,-0.0921339 ,-0 ,
0.0309345 ,-0.0946133 ,-0 ,
0.0306657 ,-0.0971163 ,-0 ,
0.0304046 ,-0.0996437 ,-0 ,
0.0301511 ,-0.102196 ,-0 ,
0.0299052 ,-0.104774 ,-0 ,
0.0296668 ,-0.107378 ,-0 ,
0.0294358 ,-0.110009 ,-0 ,
0.0292122 ,-0.112668 ,-0 ,
0.0289959 ,-0.115355 ,-0 ,
0.0287868 ,-0.118071 ,-0 ,
0.028585 ,-0.120816 ,-0 ,
0.0283904 ,-0.123591 ,-0 ,
0.0282029 ,-0.126398 ,-0 ,
0.0280224 ,-0.129236 ,-0 ,
0.027849 ,-0.132107 ,-0 ,
0.0276825 ,-0.13501 ,-0 ,
0.027523 ,-0.137948 ,-0 ,
0.0273704 ,-0.14092 ,-0 ,
0.0272246 ,-0.143927 ,-0 ,
0.0270857 ,-0.14697 ,-0 ,
0.0269535 ,-0.150051 ,-0 ,
0.0268281 ,-0.153168 ,-0 ,
0.0267094 ,-0.156324 ,-0 ,
0.0265975 ,-0.15952 ,-0 ,
0.0264922 ,-0.162755 ,-0 ,
0.0263935 ,-0.166031 ,-0 ,
0.0263014 ,-0.169348 ,-0 ,
0.026216 ,-0.172708 ,-0 ,
0.0261371 ,-0.176112 ,-0 ,
0.0260647 ,-0.179559 ,-0 ,
0.0259989 ,-0.183051 ,-0 ,
0.0259396 ,-0.186589 ,-0 ,
0.0258869 ,-0.190174 ,-0 ,
0.0258406 ,-0.193807 ,-0 ,
0.0258007 ,-0.197488 ,-0 ,
0.0257674 ,-0.201218 ,-0 ,
0.0257405 ,-0.204999 ,-0 ,
0.02572 ,-0.208831 ,-0 ,
0.025706 ,-0.212716 ,-0 ,
0.0256985 ,-0.216654 ,-0 ,
0.0256974 ,-0.220646 ,-0 ,
0.0257027 ,-0.224693 ,-0 ,
0.0257144 ,-0.228797 ,-0 ,
0.0257327 ,-0.232958 ,-0 ,
0.0257573 ,-0.237177 ,-0 ,
0.0257884 ,-0.241456 ,-0 ,
0.025826 ,-0.245795 ,-0 ,
0.0258701 ,-0.250196 ,-0 ,
0.0259206 ,-0.254659 ,-0 ,
0.0259776 ,-0.259186 ,-0 ,
0.0260412 ,-0.263778 ,-0 ,
0.0261113 ,-0.268436 ,-0 ,
0.0261879 ,-0.273162 ,-0 ,
0.0262711 ,-0.277955 ,-0 ,
0.0263608 ,-0.282819 ,-0 ,
0.0264572 ,-0.287753 ,-0 ,
0.0265602 ,-0.292759 ,-0 ,
0.0266699 ,-0.297839 ,-0 ,
0.0267862 ,-0.302993 ,-0 ,
0.0269093 ,-0.308223 ,-0 ,
0.0270391 ,-0.313531 ,-0 ,
0.0271756 ,-0.318917 ,-0 ,
0.027319 ,-0.324382 ,-0 ,
0.0274693 ,-0.329929 ,-0 ,
0.0276264 ,-0.335559 ,-0 ,
0.0277904 ,-0.341273 ,-0 ,
0.0279615 ,-0.347072 ,-0 ,
0.0281395 ,-0.352958 ,-0 ,
0.0283245 ,-0.358932 ,-0 ,
0.0285167 ,-0.364996 ,-0 ,
0.028716 ,-0.371152 ,-0 ,
0.0289226 ,-0.377401 ,-0 ,
0.0291363 ,-0.383744 ,-0 ,
0.0293529 ,-0.390059 ,-0 ,
0.0295514 ,-0.395761 ,-0 ,
0.0297294 ,-0.400786 ,-0 ,
0.0298876 ,-0.405152 ,-0 ,
0.0300267 ,-0.408875 ,-0 ,
0.030147 ,-0.411969 ,-0 ,
0.0302493 ,-0.414451 ,-0 ,
0.0303341 ,-0.416335 ,-0 ,
0.0304018 ,-0.417636 ,-0 ,
0.0304531 ,-0.41837 ,-0 ,
0.0304885 ,-0.418549 ,-0 ,
0.0305084 ,-0.41819 ,-0 ,
0.0305135 ,-0.417304 ,-0 ,
0.0305041 ,-0.415907 ,-0 ,
0.0304808 ,-0.414012 ,-0 ,
0.0304441 ,-0.411632 ,-0 ,
0.0303944 ,-0.40878 ,-0 ,
0.0303323 ,-0.405469 ,-0 ,
0.0302581 ,-0.401712 ,-0 ,
0.0301724 ,-0.397522 ,-0 ,
0.0300756 ,-0.39291 ,-0 ,
0.0299681 ,-0.387888 ,-0 ,
0.0298503 ,-0.38247 ,-0 ,
0.0297228 ,-0.376665 ,-0 ,
0.0295885 ,-0.370559 ,-0 ,
0.0294599 ,-0.3645 ,-0 ,
0.0293388 ,-0.358532 ,-0 ,
0.0292249 ,-0.352655 ,-0 ,
0.0291185 ,-0.346865 ,-0 ,
0.0290193 ,-0.341163 ,-0 ,
0.0289274 ,-0.335545 ,-0 ,
0.0288427 ,-0.330012 ,-0 ,
0.0287653 ,-0.324562 ,-0 ,
0.028695 ,-0.319193 ,-0 ,
0.028632 ,-0.313903 ,-0 ,
0.0285761 ,-0.308693 ,-0 ,
0.0285275 ,-0.30356 ,-0 ,
0.0284859 ,-0.298502 ,-0 ,
0.0284515 ,-0.29352 ,-0 ,
0.0284242 ,-0.288611 ,-0 ,
0.0284041 ,-0.283774 ,-0 ,
0.028391 ,-0.279009 ,-0 ,
0.0283851 ,-0.274313 ,-0 ,
0.0283863 ,-0.269686 ,-0 ,
0.0283946 ,-0.265127 ,-0 ,
0.0284101 ,-0.260634 ,-0 ,
0.0284326 ,-0.256206 ,-0 ,
0.0284623 ,-0.251842 ,-0 ,
0.0284991 ,-0.247542 ,-0 ,
0.0285431 ,-0.243303 ,-0 ,
0.0285942 ,-0.239126 ,-0 ,
0.0286524 ,-0.235008 ,-0 ,
0.0287179 ,-0.230949 ,-0 ,
0.0287905 ,-0.226949 ,-0 ,
0.0288704 ,-0.223004 ,-0 ,
0.0289575 ,-0.219116 ,-0 ,
0.0290519 ,-0.215283 ,-0 ,
0.0291535 ,-0.211504 ,-0 ,
0.0292625 ,-0.207777 ,-0 ,
0.0293787 ,-0.204103 ,-0 ,
0.0295024 ,-0.200479 ,-0 ,
0.0296334 ,-0.196906 ,-0 ,
0.0297719 ,-0.193383 ,-0 ,
0.0299178 ,-0.189907 ,-0 ,
0.0300712 ,-0.18648 ,-0 ,
0.0302322 ,-0.183099 ,-0 ,
0.0304007 ,-0.179764 ,-0 ,
0.0305769 ,-0.176473 ,-0 ,
0.0307607 ,-0.173227 ,-0 ,
0.0309523 ,-0.170025 ,-0 ,
0.0311515 ,-0.166865 ,-0 ,
0.0313586 ,-0.163747 ,-0 ,
0.0315736 ,-0.16067 ,-0 ,
0.0317965 ,-0.157633 ,-0 ,
0.0320273 ,-0.154635 ,-0 ,
0.0322662 ,-0.151677 ,-0 ,
0.0325131 ,-0.148756 ,-0 ,
0.0327682 ,-0.145873 ,-0 ,
0.0330315 ,-0.143026 ,-0 ,
0.0333031 ,-0.140215 ,-0 ,
0.033583 ,-0.137439 ,-0 ,
0.0338714 ,-0.134697 ,-0 ,
0.0341682 ,-0.13199 ,-0 ,
0.0344736 ,-0.129315 ,-0 ,
0.0347877 ,-0.126673 ,-0 ,
0.0351104 ,-0.124062 ,-0 ,
0.035442 ,-0.121483 ,-0 ,
0.0357824 ,-0.118934 ,-0 ,
0.0361318 ,-0.116414 ,-0 ,
0.0364903 ,-0.113924 ,-0 ,
0.0368579 ,-0.111463 ,-0 ,
0.0372347 ,-0.109029 ,-0 ,
0.0376209 ,-0.106623 ,-0 ,
0.0380165 ,-0.104243 ,-0 ,
0.0384216 ,-0.10189 ,-0 ,
0.0388364 ,-0.0995616 ,-0 ,
0.0392608 ,-0.0972585 ,-0 ,
0.0396952 ,-0.0949799 ,-0 ,
0.0401394 ,-0.092725 ,-0 ,
0.0405938 ,-0.0904933 ,-0 ,
0.0410583 ,-0.0882843 ,-0 ,
0.0415331 ,-0.0860974 ,-0 ,
0.0420182 ,-0.0839321 ,-0 ,
0.042514 ,-0.0817878 ,-0 ,
0.0430203 ,-0.079664 ,-0 ,
0.0435375 ,-0.0775602 ,-0 ,
0.0440656 ,-0.0754758 ,-0 ,
0.0446047 ,-0.0734103 ,-0 ,
0.045155 ,-0.0713631 ,-0 ,
0.0457166 ,-0.0693339 ,-0 ,
0.0462896 ,-0.067322 ,-0 ,
0.0468743 ,-0.065327 ,-0 ,
0.0474707 ,-0.0633484 ,-0 ,
0.048079 ,-0.0613856 ,-0 ,
0.0486993 ,-0.0594382 ,-0 ,
0.0493318 ,-0.0575057 ,-0 ,
0.0499768 ,-0.0555876 ,-0 ,
0.0506342 ,-0.0536835 ,-0 ,
0.0513043 ,-0.0517928 ,-0 ,
0.0519873 ,-0.049915 ,-0 ,
0.0526832 ,-0.0480498 ,-0 ,
0.0533924 ,-0.0461966 ,-0 ,
0.054115 ,-0.0443549 ,-0 ,
0.0548511 ,-0.0425244 ,-0 ,
0.055601 ,-0.0407046 ,-0 ,
0.0563648 ,-0.0388949 ,-0 ,
0.0571427 ,-0.037095 ,-0 ,
0.057935 ,-0.0353044 ,-0 ,
0.0587417 ,-0.0335226 ,-0 ,
0.0595632 ,-0.0317492 ,-0 ,
0.0603996 ,-0.0299838 ,-0 ,
0.0612511 ,-0.0282259 ,-0 ,
0.062118 ,-0.0264751 ,-0 ,
0.0630005 ,-0.0247309 ,-0 ,
0.0638987 ,-0.0229929 ,-0 ,
0.0648129 ,-0.0212606 ,-0 ,
0.0657434 ,-0.0195337 ,-0 ,
0.0666903 ,-0.0178117 ,-0 ,
0.067654 ,-0.0160942 ,-0 ,
0.0686346 ,-0.0143806 ,-0 ,
0.0696324 ,-0.0126707 ,-0 ,
0.0706476 ,-0.010964 ,-0 ,
0.0716806 ,-0.00926002 ,-0 ,
0.0727315 ,-0.00755835 ,-0 ,
0.0738006 ,-0.00585859 ,-0 ,
0.0748882 ,-0.00416029 ,-0 ,
0.0759946 ,-0.00246305 ,-0 ,
0.07712 ,-0.000766418 ,-0 ,
0.0782647 ,0.000930015 ,-0 ,
0.079429 ,0.00262668 ,-0 ,
0.0806133 ,0.004324 ,-0 ,
0.0818177 ,0.00602239 ,-0 ,
0.0830426 ,0.00772229 ,-0 ,
0.0842884 ,0.00942413 ,-0 ,
0.0855552 ,0.0111283 ,-0 ,
0.0868435 ,0.0128353 ,-0 ,
0.0881535 ,0.0145455 ,-0 ,
0.0894857 ,0.0162593 ,-0 ,
0.0908402 ,0.0179772 ,-0 ,
0.0922175 ,0.0196996 ,-0 ,
0.0936179 ,0.0214269 ,-0 ,
0.0950417 ,0.0231596 ,-0 ,
0.0964894 ,0.0248981 ,-0 ,
0.0979612 ,0.0266428 ,-0 ,
0.0994576 ,0.0283942 ,-0 ,
0.100979 ,0.0301527 ,-0 ,
0.102525 ,0.0319187 ,-0 ,
0.104098 ,0.0336928 ,-0 ,
0.105696 ,0.0354752 ,-0 ,
0.107321 ,0.0372666 ,-0 ,
0.108973 ,0.0390673 ,-0 ,
0.110652 ,0.0408777 ,-0 ,
0.112358 ,0.0426984 ,-0 ,
0.114093 ,0.0445298 ,-0 ,
0.115857 ,0.0463724 ,-0 ,
0.117649 ,0.0482265 ,-0 ,
0.119471 ,0.0500927 ,-0 ,
0.121323 ,0.0519715 ,-0 ,
0.123205 ,0.0538633 ,-0 ,
0.125118 ,0.0557686 ,-0 ,
0.127063 ,0.0576878 ,-0 ,
0.129039 ,0.0596215 ,-0 ,
0.131048 ,0.0615701 ,-0 ,
0.133089 ,0.0635341 ,-0 ,
0.135164 ,0.0655141 ,-0 ,
0.137273 ,0.0675104 ,-0 ,
0.139416 ,0.0695237 ,-0 ,
0.141594 ,0.0715543 ,-0 ,
0.143807 ,0.0736029 ,-0 ,
0.146057 ,0.0756699 ,-0 ,
0.148343 ,0.0777559 ,-0 ,
0.150666 ,0.0798613 ,-0 ,
0.153027 ,0.0819867 ,-0 ,
0.155426 ,0.0841327 ,-0 ,
0.157864 ,0.0862997 ,-0 ,
0.160342 ,0.0884884 ,-0 ,
0.16286 ,0.0906992 ,-0 ,
0.165419 ,0.0929327 ,-0 ,
0.168019 ,0.0951895 ,-0 ,
0.170661 ,0.0974701 ,-0 ,
0.173346 ,0.0997751 ,-0 ,
0.176075 ,0.102105 ,-0 ,
0.178847 ,0.104461 ,-0 ,
0.181664 ,0.106843 ,-0 ,
0.184527 ,0.109251 ,-0 ,
0.187436 ,0.111687 ,-0 ,
0.190392 ,0.114151 ,-0 ,
0.193396 ,0.116643 ,-0 ,
0.196448 ,0.119165 ,-0 ,
0.199549 ,0.121716 ,-0 ,
0.202701 ,0.124298 ,-0 ,
0.205903 ,0.126911 ,-0 ,
0.209156 ,0.129556 ,-0 ,
0.212463 ,0.132234 ,-0 ,
0.215822 ,0.134944 ,-0 ,
0.219235 ,0.137688 ,-0 ,
0.222703 ,0.140467 ,-0 ,
0.226227 ,0.143281 ,-0 ,
0.229808 ,0.146131 ,-0 ,
0.233446 ,0.149017 ,-0 ,
0.237143 ,0.151941 ,-0 ,
0.240899 ,0.154902 ,-0 ,
0.244716 ,0.157903 ,-0 ,
0.248594 ,0.160943 ,-0 ,
0.252534 ,0.164023 ,-0 ,
0.256537 ,0.167145 ,-0 ,
0.260605 ,0.170308 ,-0 ,
0.264737 ,0.173514 ,-0 ,
0.268937 ,0.176764 ,-0 ,
0.273203 ,0.180057 ,-0 ,
0.277538 ,0.183396 ,-0 ,
0.281942 ,0.186781 ,-0 ,
0.286418 ,0.190212 ,-0 ,
0.290964 ,0.193692 ,-0 ,
0.295584 ,0.197219 ,-0 ,
0.300278 ,0.200796 ,-0 ,
0.305047 ,0.204424 ,-0 ,
0.309892 ,0.208102 ,-0 ,
0.314815 ,0.211833 ,-0 ,
0.319817 ,0.215617 ,-0 ,
0.324799 ,0.219381 ,-0 ,
0.329289 ,0.222777 ,-0 ,
0.333237 ,0.22577 ,-0 ,
0.336657 ,0.228368 ,-0 ,
0.339561 ,0.230581 ,-0 ,
0.341961 ,0.232418 ,-0 ,
0.34387 ,0.233889 ,-0 ,
0.3453 ,0.235002 ,-0 ,
0.346264 ,0.235765 ,-0 ,
0.346772 ,0.236189 ,-0 ,
0.346836 ,0.236281 ,-0 ,
0.346469 ,0.23605 ,-0 ,
0.34568 ,0.235504 ,-0 ,
0.344482 ,0.234651 ,-0 ,
0.342885 ,0.233499 ,-0 ,
0.340899 ,0.232056 ,-0 ,
0.338536 ,0.23033 ,-0 ,
0.335805 ,0.228329 ,-0 ,
0.332717 ,0.22606 ,-0 ,
0.329282 ,0.22353 ,-0 ,
0.32551 ,0.220747 ,-0 ,
0.321411 ,0.217718 ,-0 ,
0.316993 ,0.21445 ,-0 ,
0.312267 ,0.21095 ,-0 ,
0.3073 ,0.207267 ,-0 ,
0.302374 ,0.20361 ,-0 ,
0.297523 ,0.200004 ,-0 ,
0.292747 ,0.196447 ,-0 ,
0.288044 ,0.19294 ,-0 ,
0.283413 ,0.189481 ,-0 ,
0.278853 ,0.18607 ,-0 ,
0.274363 ,0.182705 ,-0 ,
0.269942 ,0.179386 ,-0 ,
0.265588 ,0.176112 ,-0 ,
0.261301 ,0.172882 ,-0 ,
0.257079 ,0.169696 ,-0 ,
0.252922 ,0.166552 ,-0 ,
0.248828 ,0.163449 ,-0 ,
0.244796 ,0.160388 ,-0 ,
0.240826 ,0.157366 ,-0 ,
0.236916 ,0.154385 ,-0 ,
0.233066 ,0.151441 ,-0 ,
0.229273 ,0.148536 ,-0 ,
0.225539 ,0.145668 ,-0 ,
0.22186 ,0.142836 ,-0 ,
0.218238 ,0.140041 ,-0 ,
0.21467 ,0.13728 ,-0 ,
0.211155 ,0.134553 ,-0 ,
0.207694 ,0.131861 ,-0 ,
0.204285 ,0.129201 ,-0 ,
0.200926 ,0.126574 ,-0 ,
0.197619 ,0.123978 ,-0 ,
0.19436 ,0.121414 ,-0 ,
0.191151 ,0.11888 ,-0 ,
0.187989 ,0.116375 ,-0 ,
0.184874 ,0.1139 ,-0 ,
0.181806 ,0.111453 ,-0 ,
0.178783 ,0.109035 ,-0 ,
0.175805 ,0.106643 ,-0 ,
0.172871 ,0.104278 ,-0 ,
0.169981 ,0.10194 ,-0 ,
0.167132 ,0.0996266 ,-0 ,
0.164326 ,0.0973385 ,-0 ,
0.161561 ,0.0950747 ,-0 ,
0.158837 ,0.0928348 ,-0 ,
0.156152 ,0.0906181 ,-0 ,
0.153506 ,0.0884241 ,-0 ,
0.150899 ,0.0862522 ,-0 ,
0.14833 ,0.084102 ,-0 ,
0.145797 ,0.0819728 ,-0 ,
0.143302 ,0.0798641 ,-0 ,
0.140842 ,0.0777755 ,-0 ,
0.138417 ,0.0757063 ,-0 ,
0.136028 ,0.0736561 ,-0 ,
0.133672 ,0.0716243 ,-0 ,
0.13135 ,0.0696105 ,-0 ,
0.12906 ,0.0676141 ,-0 ,
0.126803 ,0.0656346 ,-0 ,
0.124578 ,0.0636716 ,-0 ,
0.122384 ,0.0617246 ,-0 ,
0.12022 ,0.0597929 ,-0 ,
0.118087 ,0.0578763 ,-0 ,
0.115984 ,0.0559742 ,-0 ,
0.113909 ,0.0540861 ,-0 ,
0.111863 ,0.0522115 ,-0 ,
0.109845 ,0.05035 ,-0 ,
0.107854 ,0.0485011 ,-0 ,
0.105891 ,0.0466643 ,-0 ,
0.103954 ,0.0448393 ,-0 ,
0.102043 ,0.0430255 ,-0 ,
0.100157 ,0.0412224 ,-0 ,
0.0982971 ,0.0394297 ,-0 ,
0.0964615 ,0.0376469 ,-0 ,
0.09465 ,0.0358734 ,-0 ,
0.0928622 ,0.034109 ,-0 ,
0.0910977 ,0.0323531 ,-0 ,
0.0893561 ,0.0306053 ,-0 ,
0.0876368 ,0.0288652 ,-0 ,
0.0859395 ,0.0271323 ,-0 ,
0.0842637 ,0.0254062 ,-0 ,
0.082609 ,0.0236865 ,-0 ,
0.080975 ,0.0219727 ,-0 ,
0.0793613 ,0.0202644 ,-0 ,
0.0777675 ,0.0185611 ,-0 ,
0.0761932 ,0.0168626 ,-0 ,
0.074638 ,0.0151682 ,-0 ,
0.0731015 ,0.0134777 ,-0 ,
0.0715833 ,0.0117905 ,-0 ,
0.070083 ,0.0101063 ,-0 ,
0.0686003 ,0.00842456 ,-0 ,
0.0671348 ,0.00674497 ,-0 ,
0.0656861 ,0.00506707 ,-0 ,
0.0642539 ,0.00339044 ,-0 ,
0.0628378 ,0.00171466 ,-0 ,
0.0614374 ,3.93127e-05 ,-0 ,
0.0600524 ,-0.00163603 ,-0 ,
0.0586825 ,-0.00331178 ,-0 ,
0.0573273 ,-0.00498836 ,-0 ,
0.0559864 ,-0.00666619 ,-0 ,
0.0546596 ,-0.0083457 ,-0 ,
0.0533465 ,-0.0100273 ,-0 ,
0.0520467 ,-0.0117114 ,-0 ,
0.05076 ,-0.0133984 ,-0 ,
0.049486 ,-0.0150888 ,-0 ,
0.0482244 ,-0.016783 ,-0 ,
0.0469749 ,-0.0184814 ,-0 ,
0.0457372 ,-0.0201844 ,-0 ,
0.0445109 ,-0.0218924 ,-0 ,
0.0432958 ,-0.023606 ,-0 ,
0.0420916 ,-0.0253255 ,-0 ,
0.0408979 ,-0.0270513 ,-0 ,
0.0397144 ,-0.0287838 ,-0 ,
0.038541 ,-0.0305236 ,-0 ,
0.0373771 ,-0.0322711 ,-0 ,
0.0362227 ,-0.0340266 ,-0 ,
0.0350773 ,-0.0357906 ,-0 ,
0.0339407 ,-0.0375636 ,-0 ,
0.0328126 ,-0.039346 ,-0 ,
0.0316928 ,-0.0411383 ,-0 ,
0.0305809 ,-0.0429409 ,-0 ,
0.0294767 ,-0.0447542 ,-0 ,
0.0283798 ,-0.0465788 ,-0 ,
0.0272901 ,-0.048415 ,-0 ,
0.0262072 ,-0.0502633 ,-0 ,
0.0251309 ,-0.0521242 ,-0 ,
0.0240609 ,-0.0539982 ,-0 ,
0.022997 ,-0.0558857 ,-0 ,
0.0219388 ,-0.0577872 ,-0 ,
0.0208861 ,-0.0597032 ,-0 ,
0.0198386 ,-0.0616341 ,-0 ,
0.0187961 ,-0.0635805 ,-0 ,
0.0177584 ,-0.0655428 ,-0 ,
0.0167251 ,-0.0675215 ,-0 ,
0.015696 ,-0.0695171 ,-0 ,
0.0146708 ,-0.0715301 ,-0 ,
0.0136493 ,-0.0735611 ,-0 ,
0.0126313 ,-0.0756104 ,-0 ,
0.0116164 ,-0.0776787 ,-0 ,
0.0106044 ,-0.0797665 ,-0 ,
0.00959511 ,-0.0818743 ,-0 ,
0.00858823 ,-0.0840025 ,-0 ,
0.0075835 ,-0.0861518 ,-0 ,
0.00658068 ,-0.0883227 ,-0 ,
0.00557952 ,-0.0905157 ,-0 ,
0.00457976 ,-0.0927313 ,-0 ,
0.00358116 ,-0.0949702 ,-0 ,
0.00258347 ,-0.0972329 ,-0 ,
0.00158643 ,-0.0995199 ,-0 ,
0.000589797 ,-0.101832 ,-0 ,
-0.000406679 ,-0.104169 ,-0 ,
-0.00140325 ,-0.106533 ,-0 ,
-0.00240016 ,-0.108923 ,-0 ,
-0.00339766 ,-0.111341 ,-0 ,
-0.00439601 ,-0.113786 ,-0 ,
-0.00539545 ,-0.11626 ,-0 ,
-0.00639623 ,-0.118763 ,-0 ,
-0.00739861 ,-0.121296 ,-0 ,
-0.00840282 ,-0.123859 ,-0 ,
-0.00940914 ,-0.126453 ,-0 ,
-0.0104178 ,-0.129079 ,-0 ,
-0.0114291 ,-0.131737 ,-0 ,
-0.0124432 ,-0.134428 ,-0 ,
-0.0134604 ,-0.137153 ,-0 ,
-0.014481 ,-0.139912 ,-0 ,
-0.0155052 ,-0.142707 ,-0 ,
-0.0165333 ,-0.145537 ,-0 ,
-0.0175655 ,-0.148403 ,-0 ,
-0.0186021 ,-0.151307 ,-0 ,
-0.0196433 ,-0.154248 ,-0 ,
-0.0206895 ,-0.157228 ,-0 ,
-0.0217409 ,-0.160248 ,-0 ,
-0.0227976 ,-0.163308 ,-0 ,
-0.0238601 ,-0.166408 ,-0 ,
-0.0249285 ,-0.16955 ,-0 ,
-0.0260032 ,-0.172735 ,-0 ,
-0.0270844 ,-0.175963 ,-0 ,
-0.0281724 ,-0.179235 ,-0 ,
-0.0292674 ,-0.182552 ,-0 ,
-0.0303697 ,-0.185915 ,-0 ,
-0.0314796 ,-0.189324 ,-0 ,
-0.0325974 ,-0.192781 ,-0 ,
-0.0337234 ,-0.196285 ,-0 ,
-0.0348578 ,-0.19984 ,-0 ,
-0.0360009 ,-0.203444 ,-0 ,
-0.037153 ,-0.207099 ,-0 ,
-0.0383144 ,-0.210806 ,-0 ,
-0.0394854 ,-0.214566 ,-0 ,
-0.0406663 ,-0.218379 ,-0 ,
-0.0418574 ,-0.222247 ,-0 ,
-0.0430589 ,-0.226171 ,-0 ,
-0.0442712 ,-0.230152 ,-0 ,
-0.0454946 ,-0.23419 ,-0 ,
-0.0467294 ,-0.238287 ,-0 ,
-0.0479759 ,-0.242443 ,-0 ,
-0.0492344 ,-0.24666 ,-0 ,
-0.0505052 ,-0.250939 ,-0 ,
-0.0517886 ,-0.255281 ,-0 ,
-0.0530851 ,-0.259687 ,-0 ,
-0.0543948 ,-0.264158 ,-0 ,
-0.0557181 ,-0.268695 ,-0 ,
-0.0570553 ,-0.273299 ,-0 ,
-0.0584069 ,-0.277972 ,-0 ,
-0.059773 ,-0.282714 ,-0 ,
-0.0611542 ,-0.287528 ,-0 ,
-0.0625506 ,-0.292413 ,-0 ,
-0.0639627 ,-0.297371 ,-0 ,
-0.0653908 ,-0.302404 ,-0 ,
-0.0668353 ,-0.307513 ,-0 ,
-0.0682965 ,-0.312699 ,-0 ,
-0.0697748 ,-0.317963 ,-0 ,
-0.0712705 ,-0.323306 ,-0 ,
-0.0727841 ,-0.328731 ,-0 ,
-0.074316 ,-0.334238 ,-0 ,
-0.0758664 ,-0.339829 ,-0 ,
-0.0774358 ,-0.345504 ,-0 ,
-0.0790246 ,-0.351267 ,-0 ,
-0.0806332 ,-0.357117 ,-0 ,
-0.082262 ,-0.363057 ,-0 ,
-0.0839114 ,-0.369087 ,-0 ,
-0.0855818 ,-0.375211 ,-0 ,
-0.0872412 ,-0.381308 ,-0 ,
-0.0887365 ,-0.386813 ,-0 ,
-0.0900516 ,-0.391667 ,-0 ,
-0.0911908 ,-0.395885 ,-0 ,
-0.092158 ,-0.399482 ,-0 ,
-0.0929575 ,-0.402474 ,-0 ,
-0.0935933 ,-0.404875 ,-0 ,
-0.0940691 ,-0.4067 ,-0 ,
-0.094389 ,-0.407963 ,-0 ,
-0.0945568 ,-0.408679 ,-0 ,
-0.0945761 ,-0.408861 ,-0 ,
-0.0944508 ,-0.408523 ,-0 ,
-0.0941844 ,-0.407679 ,-0 ,
-0.0937806 ,-0.406342 ,-0 ,
-0.0932428 ,-0.404524 ,-0 ,
-0.0925745 ,-0.40224 ,-0 ,
-0.0917792 ,-0.399501 ,-0 ,
-0.0908602 ,-0.396319 ,-0 ,
-0.0898209 ,-0.392708 ,-0 ,
-0.0886644 ,-0.38868 ,-0 ,
-0.0873939 ,-0.384245 ,-0 ,
-0.0860128 ,-0.379416 ,-0 ,
-0.084524 ,-0.374205 ,-0 ,
-0.0829306 ,-0.368622 ,-0 ,
-0.0812543 ,-0.362749 ,-0 ,
-0.0795866 ,-0.356922 ,-0 ,
-0.0779389 ,-0.351185 ,-0 ,
-0.0763106 ,-0.345537 ,-0 ,
-0.0747014 ,-0.339974 ,-0 ,
-0.073111 ,-0.334497 ,-0 ,
-0.0715389 ,-0.329104 ,-0 ,
-0.0699846 ,-0.323793 ,-0 ,
-0.0684479 ,-0.318563 ,-0 ,
-0.0669283 ,-0.313413 ,-0 ,
-0.0654255 ,-0.308341 ,-0 ,
-0.0639391 ,-0.303347 ,-0 ,
-0.0624686 ,-0.298428 ,-0 ,
-0.0610138 ,-0.293585 ,-0 ,
-0.0595743 ,-0.288815 ,-0 ,
-0.0581497 ,-0.284117 ,-0 ,
-0.0567397 ,-0.27949 ,-0 ,
-0.0553438 ,-0.274934 ,-0 ,
-0.0539618 ,-0.270446 ,-0 ,
-0.0525933 ,-0.266026 ,-0 ,
-0.051238 ,-0.261673 ,-0 ,
-0.0498955 ,-0.257385 ,-0 ,
-0.0485655 ,-0.253162 ,-0 ,
-0.0472477 ,-0.249002 ,-0 ,
-0.0459416 ,-0.244904 ,-0 ,
-0.0446471 ,-0.240868 ,-0 ,
-0.0433638 ,-0.236892 ,-0 ,
-0.0420913 ,-0.232976 ,-0 ,
-0.0408293 ,-0.229118 ,-0 ,
-0.0395776 ,-0.225317 ,-0 ,
-0.0383357 ,-0.221573 ,-0 ,
-0.0371035 ,-0.217884 ,-0 ,
-0.0358806 ,-0.21425 ,-0 ,
-0.0346666 ,-0.210669 ,-0 ,
-0.0334613 ,-0.207141 ,-0 ,
-0.0322644 ,-0.203666 ,-0 ,
-0.0310755 ,-0.200241 ,-0 ,
-0.0298944 ,-0.196866 ,-0 ,
-0.0287208 ,-0.193541 ,-0 ,
-0.0275544 ,-0.190264 ,-0 ,
-0.0263949 ,-0.187034 ,-0 ,
-0.025242 ,-0.183852 ,-0 ,
-0.0240954 ,-0.180716 ,-0 ,
-0.0229548 ,-0.177624 ,-0 ,
-0.02182 ,-0.174578 ,-0 ,
-0.0206906 ,-0.171575 ,-0 ,
-0.0195664 ,-0.168615 ,-0 ,
-0.0184471 ,-0.165697 ,-0 ,
-0.0173324 ,-0.162821 ,-0 ,
-0.0162221 ,-0.159986 ,-0 ,
-0.0151158 ,-0.157191 ,-0 ,
-0.0140132 ,-0.154435 ,-0 ,
-0.0129142 ,-0.151717 ,-0 ,
-0.0118184 ,-0.149038 ,-0 ,
-0.0107256 ,-0.146396 ,-0 ,
-0.00963543 ,-0.143791 ,-0 ,
-0.00854768 ,-0.141222 ,-0 ,
-0.00746206 ,-0.138688 ,-0 ,
-0.00637829 ,-0.136189 ,-0 ,
-0.00529612 ,-0.133724 ,-0 ,
-0.00421527 ,-0.131293 ,-0 ,
-0.00313547 ,-0.128894 ,-0 ,
-0.00205644 ,-0.126528 ,-0 ,
-0.000977926 ,-0.124193 ,-0 ,
0.000100354 ,-0.12189 ,-0 ,
0.00117867 ,-0.119617 ,-0 ,
0.00225728 ,-0.117374 ,-0 ,
0.00333647 ,-0.11516 ,-0 ,
0.0044165 ,-0.112975 ,-0 ,
0.00549765 ,-0.110819 ,-0 ,
0.00658018 ,-0.10869 ,-0 ,
0.00766436 ,-0.106589 ,-0 ,
0.00875048 ,-0.104514 ,-0 ,
0.00983879 ,-0.102466 ,-0 ,
0.0109296 ,-0.100443 ,-0 ,
0.0120231 ,-0.098445 ,-0 ,
0.0131196 ,-0.0964719 ,-0 ,
0.0142195 ,-0.0945231 ,-0 ,
0.0153229 ,-0.0925978 ,-0 ,
0.0164301 ,-0.0906958 ,-0 ,
0.0175415 ,-0.0888165 ,-0 ,
0.0186573 ,-0.0869595 ,-0 ,
0.0197778 ,-0.0851242 ,-0 ,
0.0209032 ,-0.0833103 ,-0 ,
0.0220338 ,-0.0815173 ,-0 ,
0.02317 ,-0.0797446 ,-0 ,
0.024312 ,-0.077992 ,-0 ,
0.0254601 ,-0.0762589 ,-0 ,
0.0266146 ,-0.0745448 ,-0 ,
0.0277758 ,-0.0728495 ,-0 ,
0.0289439 ,-0.0711724 ,-0 ,
0.0301193 ,-0.0695132 ,-0 ,
0.0313022 ,-0.0678713 ,-0 ,
0.032493 ,-0.0662465 ,-0 ,
0.0336919 ,-0.0646383 ,-0 ,
0.0348993 ,-0.0630462 ,-0 ,
0.0361154 ,-0.06147 ,-0 ,
0.0373405 ,-0.0599091 ,-0 ,
0.0385751 ,-0.0583633 ,-0 ,
0.0398193 ,-0.0568321 ,-0 ,
0.0410734 ,-0.0553151 ,-0 ,
0.0423379 ,-0.053812 ,-0 ,
0.043613 ,-0.0523224 ,-0 ,
0.044899 ,-0.0508459 ,-0 ,
0.0461963 ,-0.0493821 ,-0 ,
0.0475051 ,-0.0479307 ,-0 ,
0.0488259 ,-0.0464913 ,-0 ,
0.0501589 ,-0.0450636 ,-0 ,
0.0515044 ,-0.0436471 ,-0 ,
0.0528629 ,-0.0422416 ,-0 ,
0.0542346 ,-0.0408467 ,-0 ,
0.0556199 ,-0.039462 ,-0 ,
0.0570192 ,-0.0380872 ,-0 ,
0.0584327 ,-0.0367219 ,-0 ,
0.0598609 ,-0.0353659 ,-0 ,
0.061304 ,-0.0340187 ,-0 ,
0.0627626 ,-0.03268 ,-0 ,
0.0642368 ,-0.0313495 ,-0 ,
0.0657272 ,-0.0300269 ,-0 ,
0.067234 ,-0.0287118 ,-0 ,
0.0687577 ,-0.0274039 ,-0 ,
0.0702986 ,-0.0261029 ,-0 ,
0.0718572 ,-0.0248084 ,-0 ,
0.0734337 ,-0.0235201 ,-0 ,
0.0750286 ,-0.0222378 ,-0 ,
0.0766423 ,-0.020961 ,-0 ,
0.0782753 ,-0.0196894 ,-0 ,
0.0799278 ,-0.0184228 ,-0 ,
0.0816004 ,-0.0171608 ,-0 ,
0.0832934 ,-0.0159032 ,-0 ,
0.0850073 ,-0.0146495 ,-0 ,
0.0867425 ,-0.0133994 ,-0 ,
0.0884994 ,-0.0121528 ,-0 ,
0.0902785 ,-0.0109092 ,-0 ,
0.0920802 ,-0.00966831 ,-0 ,
0.093905 ,-0.00842987 ,-0 ,
0.0957533 ,-0.00719354 ,-0 ,
0.0976256 ,-0.00595902 ,-0 ,
0.0995223 ,-0.004726 ,-0 ,
0.101444 ,-0.00349417 ,-0 ,
0.103391 ,-0.00226322 ,-0 ,
0.105364 ,-0.00103284 ,-0 ,
0.107364 ,0.000197278 ,-0 ,
0.10939 ,0.00142744 ,-0 ,
0.111444 ,0.00265795 ,-0 ,
0.113525 ,0.00388912 ,-0 ,
0.115635 ,0.00512127 ,-0 ,
0.117774 ,0.00635468 ,-0 ,
0.119943 ,0.00758969 ,-0 ,
0.122141 ,0.00882659 ,-0 ,
0.124371 ,0.0100657 ,-0 ,
0.126631 ,0.0113073 ,-0 ,
0.128923 ,0.0125518 ,-0 ,
0.131247 ,0.0137994 ,-0 ,
0.133605 ,0.0150504 ,-0 ,
0.135995 ,0.0163052 ,-0 ,
0.13842 ,0.0175641 ,-0 ,
0.14088 ,0.0188274 ,-0 ,
0.143375 ,0.0200953 ,-0 ,
0.145905 ,0.0213684 ,-0 ,
0.148472 ,0.0226467 ,-0 ,
0.151077 ,0.0239308 ,-0 ,
0.153719 ,0.0252208 ,-0 ,
0.1564 ,0.0265171 ,-0 ,
0.15912 ,0.0278201 ,-0 ,
0.16188 ,0.02913 ,-0 ,
0.16468 ,0.0304472 ,-0 ,
0.167522 ,0.031772 ,-0 ,
0.170405 ,0.0331048 ,-0 ,
0.173332 ,0.0344459 ,-0 ,
0.176301 ,0.0357956 ,-0 ,
0.179315 ,0.0371543 ,-0 ,
0.182374 ,0.0385222 ,-0 ,
0.185479 ,0.0398998 ,-0 ,
0.188629 ,0.0412874 ,-0 ,
0.191828 ,0.0426854 ,-0 ,
0.195074 ,0.044094 ,-0 ,
0.198369 ,0.0455136 ,-0 ,
0.201714 ,0.0469447 ,-0 ,
0.205109 ,0.0483875 ,-0 ,
0.208556 ,0.0498424 ,-0 ,
0.212055 ,0.0513098 ,-0 ,
0.215607 ,0.05279 ,-0 ,
0.219213 ,0.0542835 ,-0 ,
0.222874 ,0.0557905 ,-0 ,
0.226591 ,0.0573116 ,-0 ,
0.230364 ,0.0588469 ,-0 ,
0.234196 ,0.060397 ,-0 ,
0.238086 ,0.0619622 ,-0 ,
0.242035 ,0.063543 ,-0 ,
0.246046 ,0.0651396 ,-0 ,
0.250117 ,0.0667526 ,-0 ,
0.254252 ,0.0683822 ,-0 ,
0.25845 ,0.070029 ,-0 ,
0.262713 ,0.0716934 ,-0 ,
0.267042 ,0.0733756 ,-0 ,
0.271437 ,0.0750763 ,-0 ,
0.275901 ,0.0767957 ,-0 ,
0.280434 ,0.0785344 ,-0 ,
0.285037 ,0.0802928 ,-0 ,
0.289711 ,0.0820712 ,-0 ,
0.294458 ,0.0838702 ,-0 ,
0.299279 ,0.0856902 ,-0 ,
0.304175 ,0.0875317 ,-0 ,
0.309147 ,0.089395 ,-0 ,
0.314196 ,0.0912808 ,-0 ,
0.319324 ,0.0931894 ,-0 ,
0.324532 ,0.0951214 ,-0 ,
0.329821 ,0.0970771 ,-0 ,
0.335193 ,0.0990572 ,-0 ,
0.340649 ,0.101062 ,-0 ,
0.34619 ,0.103092 ,-0 ,
0.351818 ,0.105148 ,-0 ,
0.357534 ,0.107231 ,-0 ,
0.36334 ,0.10934 ,-0 ,
0.369236 ,0.111476 ,-0 ,
0.375108 ,0.1136 ,-0 ,
0.380401 ,0.115518 ,-0 ,
0.385058 ,0.11721 ,-0 ,
0.389092 ,0.118682 ,-0 ,
0.39252 ,0.119938 ,-0 ,
0.395356 ,0.120984 ,-0 ,
0.397615 ,0.121824 ,-0 ,
0.39931 ,0.122465 ,-0 ,
0.400456 ,0.12291 ,-0 ,
0.401067 ,0.123164 ,-0 ,
0.401156 ,0.123233 ,-0 ,
0.400736 ,0.123121 ,-0 ,
0.399822 ,0.122832 ,-0 ,
0.398425 ,0.122371 ,-0 ,
0.396558 ,0.121743 ,-0 ,
0.394235 ,0.120951 ,-0 ,
0.391467 ,0.120001 ,-0 ,
0.388267 ,0.118896 ,-0 ,
0.384647 ,0.117641 ,-0 ,
0.380618 ,0.116239 ,-0 ,
0.376191 ,0.114695 ,-0 ,
0.37138 ,0.113013 ,-0 ,
0.366194 ,0.111196 ,-0 ,
0.360645 ,0.109249 ,-0 ,
0.354811 ,0.107199 ,-0 ,
0.349024 ,0.105161 ,-0 ,
0.343324 ,0.103149 ,-0 ,
0.33771 ,0.101163 ,-0 ,
0.332181 ,0.0992025 ,-0 ,
0.326734 ,0.0972667 ,-0 ,
0.32137 ,0.0953553 ,-0 ,
0.316086 ,0.0934677 ,-0 ,
0.310882 ,0.0916036 ,-0 ,
0.305755 ,0.0897624 ,-0 ,
0.300705 ,0.0879436 ,-0 ,
0.29573 ,0.0861469 ,-0 ,
0.290829 ,0.0843718 ,-0 ,
0.286001 ,0.0826177 ,-0 ,
0.281245 ,0.0808844 ,-0 ,
0.276559 ,0.0791714 ,-0 ,
0.271943 ,0.0774781 ,-0 ,
0.267394 ,0.0758043 ,-0 ,
0.262913 ,0.0741494 ,-0 ,
0.258497 ,0.0725131 ,-0 ,
0.254147 ,0.070895 ,-0 ,
0.249859 ,0.0692946 ,-0 ,
0.245635 ,0.0677116 ,-0 ,
0.241472 ,0.0661455 ,-0 ,
0.237369 ,0.064596 ,-0 ,
0.233326 ,0.0630627 ,-0 ,
0.229342 ,0.0615451 ,-0 ,
0.225415 ,0.060043 ,-0 ,
0.221544 ,0.0585559 ,-0 ,
0.217729 ,0.0570835 ,-0 ,
0.213968 ,0.0556253 ,-0 ,
0.210261 ,0.0541811 ,-0 ,
0.206607 ,0.0527505 ,-0 ,
0.203004 ,0.0513331 ,-0 ,
0.199453 ,0.0499285 ,-0 ,
0.195951 ,0.0485364 ,-0 ,
0.192498 ,0.0471565 ,-0 ,
0.189094 ,0.0457884 ,-0 ,
0.185737 ,0.0444317 ,-0 ,
0.182426 ,0.0430862 ,-0 ,
0.179161 ,0.0417514 ,-0 ,
0.175941 ,0.0404271 ,-0 ,
0.172766 ,0.039113 ,-0 ,
0.169633 ,0.0378086 ,-0 ,
0.166543 ,0.0365137 ,-0 ,
0.163495 ,0.0352279 ,-0 ,
0.160487 ,0.033951 ,-0 ,
0.15752 ,0.0326826 ,-0 ,
0.154592 ,0.0314223 ,-0 ,
0.151703 ,0.0301699 ,-0 ,
0.148852 ,0.0289251 ,-0 ,
0.146039 ,0.0276875 ,-0 ,
0.143262 ,0.0264568 ,-0 ,
0.14052 ,0.0252327 ,-0 ,
0.137814 ,0.024015 ,-0 ,
0.135143 ,0.0228033 ,-0 ,
0.132505 ,0.0215973 ,-0 ,
0.129901 ,0.0203967 ,-0 ,
0.127329 ,0.0192012 ,-0 ,
0.124789 ,0.0180105 ,-0 ,
0.12228 ,0.0168243 ,-0 ,
0.119802 ,0.0156423 ,-0 ,
0.117354 ,0.0144643 ,-0 ,
0.114936 ,0.0132898 ,-0 ,
0.112546 ,0.0121187 ,-0 ,
0.110184 ,0.0109506 ,-0 ,
0.10785 ,0.00978525 ,-0 ,
0.105543 ,0.00862235 ,-0 ,
0.103263 ,0.00746161 ,-0 ,
0.101008 ,0.00630273 ,-0 ,
0.0987788 ,0.00514543 ,-0 ,
0.0965742 ,0.00398941 ,-0 ,
0.0943938 ,0.00283438 ,-0 ,
0.092237 ,0.00168007 ,-0 ,
0.0901034 ,0.000526166 ,-0 ,
0.0879924 ,-0.000627606 ,-0 ,
0.0859034 ,-0.00178154 ,-0 ,
0.0838359 ,-0.00293592 ,-0 ,
0.0817894 ,-0.00409104 ,-0 ,
0.0797635 ,-0.00524719 ,-0 ,
0.0777575 ,-0.00640466 ,-0 ,
0.075771 ,-0.00756373 ,-0 ,
0.0738036 ,-0.00872471 ,-0 ,
0.0718546 ,-0.00988787 ,-0 ,
0.0699236 ,-0.0110535 ,-0 ,
0.0680101 ,-0.0122219 ,-0 ,
0.0661137 ,-0.0133934 ,-0 ,
0.0642339 ,-0.0145682 ,-0 ,
0.0623701 ,-0.0157467 ,-0 ,
0.060522 ,-0.0169292 ,-0 ,
0.0586891 ,-0.0181158 ,-0 ,
0.0568709 ,-0.0193071 ,-0 ,
0.0550669 ,-0.0205031 ,-0 ,
0.0532767 ,-0.0217043 ,-0 ,
0.0514999 ,-0.022911 ,-0 ,
0.049736 ,-0.0241234 ,-0 ,
0.0479846 ,-0.0253418 ,-0 ,
0.0462452 ,-0.0265666 ,-0 ,
0.0445174 ,-0.027798 ,-0 ,
0.0428008 ,-0.0290364 ,-0 ,
0.0410949 ,-0.0302821 ,-0 ,
0.0393993 ,-0.0315353 ,-0 ,
0.0377135 ,-0.0327965 ,-0 ,
0.0360373 ,-0.0340659 ,-0 ,
0.03437 ,-0.0353438 ,-0 ,
0.0327114 ,-0.0366306 ,-0 ,
0.031061 ,-0.0379266 ,-0 ,
0.0294184 ,-0.039232 ,-0 ,
0.0277832 ,-0.0405473 ,-0 ,
0.0261549 ,-0.0418728 ,-0 ,
0.0245333 ,-0.0432087 ,-0 ,
0.0229177 ,-0.0445555 ,-0 ,
0.0213079 ,-0.0459134 ,-0 ,
0.0197035 ,-0.0472828 ,-0 ,
0.018104 ,-0.0486641 ,-0 ,
0.0165091 ,-0.0500576 ,-0 ,
0.0149183 ,-0.0514636 ,-0 ,
0.0133312 ,-0.0528825 ,-0 ,
0.0117475 ,-0.0543146 ,-0 ,
0.0101668 ,-0.0557604 ,-0 ,
0.00858862 ,-0.0572201 ,-0 ,
0.0070126 ,-0.0586942 ,-0 ,
0.00543835 ,-0.060183 ,-0 ,
0.00386548 ,-0.0616868 ,-0 ,
0.00229358 ,-0.0632061 ,-0 ,
0.000722274 ,-0.0647412 ,-0 ,
-0.000848841 ,-0.0662926 ,-0 ,
-0.00242016 ,-0.0678606 ,-0 ,
-0.00399207 ,-0.0694455 ,-0 ,
-0.00556496 ,-0.0710479 ,-0 ,
-0.00713924 ,-0.0726681 ,-0 ,
-0.0087153 ,-0.0743064 ,-0 ,
-0.0102935 ,-0.0759634 ,-0 ,
-0.0118743 ,-0.0776394 ,-0 ,
-0.0134581 ,-0.0793349 ,-0 ,
-0.0150452 ,-0.0810502 ,-0 ,
-0.016636 ,-0.0827858 ,-0 ,
-0.0182311 ,-0.0845422 ,-0 ,
-0.0198306 ,-0.0863198 ,-0 ,
-0.0214352 ,-0.0881189 ,-0 ,
-0.0230451 ,-0.0899402 ,-0 ,
-0.0246607 ,-0.091784 ,-0 ,
-0.0262825 ,-0.0936507 ,-0 ,
-0.0279109 ,-0.095541 ,-0 ,
-0.0295463 ,-0.0974551 ,-0 ,
-0.031189 ,-0.0993937 ,-0 ,
-0.0328396 ,-0.101357 ,-0 ,
-0.0344983 ,-0.103346 ,-0 ,
-0.0361657 ,-0.105361 ,-0 ,
-0.0378422 ,-0.107402 ,-0 ,
-0.0395281 ,-0.10947 ,-0 ,
-0.0412239 ,-0.111565 ,-0 ,
-0.04293 ,-0.113689 ,-0 ,
-0.0446468 ,-0.115841 ,-0 ,
-0.0463748 ,-0.118022 ,-0 ,
-0.0481144 ,-0.120232 ,-0 ,
-0.0498661 ,-0.122473 ,-0 ,
-0.0516302 ,-0.124744 ,-0 ,
-0.0534073 ,-0.127047 ,-0 ,
-0.0551977 ,-0.129381 ,-0 ,
-0.0570019 ,-0.131748 ,-0 ,
-0.0588204 ,-0.134147 ,-0 ,
-0.0606536 ,-0.136581 ,-0 ,
-0.062502 ,-0.139048 ,-0 ,
-0.0643661 ,-0.141551 ,-0 ,
-0.0662462 ,-0.144089 ,-0 ,
-0.0681429 ,-0.146663 ,-0 ,
-0.0700567 ,-0.149273 ,-0 ,
-0.071988 ,-0.151921 ,-0 ,
-0.0739374 ,-0.154608 ,-0 ,
-0.0759052 ,-0.157332 ,-0 ,
-0.0778921 ,-0.160097 ,-0 ,
-0.0798984 ,-0.162901 ,-0 ,
-0.0819247 ,-0.165746 ,-0 ,
-0.0839716 ,-0.168633 ,-0 ,
-0.0860395 ,-0.171562 ,-0 ,
-0.0881289 ,-0.174534 ,-0 ,
-0.0902403 ,-0.177549 ,-0 ,
-0.0923744 ,-0.18061 ,-0 ,
-0.0945316 ,-0.183715 ,-0 ,
-0.0967124 ,-0.186866 ,-0 ,
-0.0989174 ,-0.190064 ,-0 ,
-0.101147 ,-0.19331 ,-0 ,
-0.103402 ,-0.196604 ,-0 ,
-0.105683 ,-0.199948 ,-0 ,
-0.107991 ,-0.203341 ,-0 ,
-0.110325 ,-0.206786 ,-0 ,
-0.112688 ,-0.210282 ,-0 ,
-0.115078 ,-0.213831 ,-0 ,
-0.117497 ,-0.217433 ,-0 ,
-0.119946 ,-0.22109 ,-0 ,
-0.122424 ,-0.224803 ,-0 ,
-0.124934 ,-0.228571 ,-0 ,
-0.127474 ,-0.232397 ,-0 ,
-0.130047 ,-0.236281 ,-0 ,
-0.132652 ,-0.240225 ,-0 ,
-0.13529 ,-0.244228 ,-0 ,
-0.137962 ,-0.248293 ,-0 ,
-0.140669 ,-0.25242 ,-0 ,
-0.14341 ,-0.25661 ,-0 ,
-0.146188 ,-0.260864 ,-0 ,
-0.149003 ,-0.265184 ,-0 ,
-0.151854 ,-0.26957 ,-0 ,
-0.154744 ,-0.274023 ,-0 ,
-0.157672 ,-0.278546 ,-0 ,
-0.16064 ,-0.283138 ,-0 ,
-0.163648 ,-0.287801 ,-0 ,
-0.166698 ,-0.292536 ,-0 ,
-0.169788 ,-0.297344 ,-0 ,
-0.172922 ,-0.302227 ,-0 ,
-0.176098 ,-0.307185 ,-0 ,
-0.179319 ,-0.312221 ,-0 ,
-0.182585 ,-0.317334 ,-0 ,
-0.185896 ,-0.322527 ,-0 ,
-0.189254 ,-0.327801 ,-0 ,
-0.19266 ,-0.333157 ,-0 ,
-0.196047 ,-0.338492 ,-0 ,
-0.199102 ,-0.343309 ,-0 ,
-0.201793 ,-0.347557 ,-0 ,
-0.204128 ,-0.35125 ,-0 ,
-0.206115 ,-0.354401 ,-0 ,
-0.207763 ,-0.357023 ,-0 ,
-0.20908 ,-0.359129 ,-0 ,
-0.210074 ,-0.360732 ,-0 ,
-0.210753 ,-0.361844 ,-0 ,
-0.211125 ,-0.362478 ,-0 ,
-0.211197 ,-0.362647 ,-0 ,
-0.210978 ,-0.362361 ,-0 ,
-0.210474 ,-0.361633 ,-0 ,
-0.209693 ,-0.360475 ,-0 ,
-0.208642 ,-0.358897 ,-0 ,
-0.207328 ,-0.356912 ,-0 ,
-0.205759 ,-0.35453 ,-0 ,
-0.203941 ,-0.351763 ,-0 ,
-0.201881 ,-0.34862 ,-0 ,
-0.199586 ,-0.345113 ,-0 ,
-0.197061 ,-0.341252 ,-0 ,
-0.194315 ,-0.337047 ,-0 ,
-0.191353 ,-0.332508 ,-0 ,
-0.188181 ,-0.327646 ,-0 ,
-0.184844 ,-0.32253 ,-0 ,
-0.181529 ,-0.317457 ,-0 ,
-0.178259 ,-0.312463 ,-0 ,
-0.175034 ,-0.307547 ,-0 ,
-0.171853 ,-0.302709 ,-0 ,
-0.168715 ,-0.297946 ,-0 ,
-0.16562 ,-0.293258 ,-0 ,
-0.162565 ,-0.288644 ,-0 ,
-0.159552 ,-0.284102 ,-0 ,
-0.156578 ,-0.279631 ,-0 ,
-0.153644 ,-0.27523 ,-0 ,
-0.150748 ,-0.270898 ,-0 ,
-0.14789 ,-0.266633 ,-0 ,
-0.145069 ,-0.262436 ,-0 ,
-0.142284 ,-0.258304 ,-0 ,
-0.139535 ,-0.254237 ,-0 ,
-0.13682 ,-0.250234 ,-0 ,
-0.13414 ,-0.246294 ,-0 ,
-0.131494 ,-0.242415 ,-0 ,
-0.128881 ,-0.238596 ,-0 ,
-0.126299 ,-0.234838 ,-0 ,
-0.12375 ,-0.231138 ,-0 ,
-0.121231 ,-0.227497 ,-0 ,
-0.118743 ,-0.223912 ,-0 ,
-0.116284 ,-0.220383 ,-0 ,
-0.113855 ,-0.21691 ,-0 ,
-0.111454 ,-0.213491 ,-0 ,
-0.109081 ,-0.210125 ,-0 ,
-0.106735 ,-0.206813 ,-0 ,
-0.104417 ,-0.203551 ,-0 ,
-0.102124 ,-0.200341 ,-0 ,
-0.0998565 ,-0.197181 ,-0 ,
-0.0976143 ,-0.194071 ,-0 ,
-0.0953965 ,-0.191009 ,-0 ,
-0.0932026 ,-0.187995 ,-0 ,
-0.091032 ,-0.185028 ,-0 ,
-0.0888842 ,-0.182107 ,-0 ,
-0.0867587 ,-0.179232 ,-0 ,
-0.0846548 ,-0.176402 ,-0 ,
-0.0825722 ,-0.173616 ,-0 ,
-0.0805103 ,-0.170873 ,-0 ,
-0.0784685 ,-0.168174 ,-0 ,
-0.0764463 ,-0.165516 ,-0 ,
-0.0744433 ,-0.1629 ,-0 ,
-0.072459 ,-0.160325 ,-0 ,
-0.0704927 ,-0.15779 ,-0 ,
-0.0685441 ,-0.155294 ,-0 ,
-0.0666127 ,-0.152838 ,-0 ,
-0.064698 ,-0.150419 ,-0 ,
-0.0627994 ,-0.148039 ,-0 ,
-0.0609166 ,-0.145695 ,-0 ,
-0.059049 ,-0.143388 ,-0 ,
-0.0571962 ,-0.141117 ,-0 ,
-0.0553577 ,-0.138881 ,-0 ,
-0.053533 ,-0.13668 ,-0 ,
-0.0517218 ,-0.134513 ,-0 ,
-0.0499235 ,-0.13238 ,-0 ,
-0.0481377 ,-0.13028 ,-0 ,
-0.0463639 ,-0.128213 ,-0 ,
-0.0446018 ,-0.126178 ,-0 ,
-0.0428508 ,-0.124174 ,-0 ,
-0.0411105 ,-0.122202 ,-0 ,
-0.0393805 ,-0.12026 ,-0 ,
-0.0376604 ,-0.118348 ,-0 ,
-0.0359497 ,-0.116466 ,-0 ,
-0.034248 ,-0.114613 ,-0 ,
-0.0325549 ,-0.112789 ,-0 ,
-0.0308699 ,-0.110993 ,-0 ,
-0.0291926 ,-0.109225 ,-0 ,
-0.0275226 ,-0.107484 ,-0 ,
-0.0258596 ,-0.105771 ,-0 ,
-0.0242029 ,-0.104083 ,-0 ,
-0.0225524 ,-0.102422 ,-0 ,
-0.0209074 ,-0.100786 ,-0 ,
-0.0192677 ,-0.0991761 ,-0 ,
-0.0176329 ,-0.0975907 ,-0 ,
-0.0160024 ,-0.0960297 ,-0 ,
-0.0143759 ,-0.0944927 ,-0 ,
-0.012753 ,-0.0929794 ,-0 ,
-0.0111333 ,-0.0914895 ,-0 ,
-0.00951639 ,-0.0900224 ,-0 ,
-0.00790184 ,-0.0885779 ,-0 ,
-0.00628926 ,-0.0871556 ,-0 ,
-0.00467824 ,-0.0857551 ,-0 ,
-0.00306839 ,-0.0843761 ,-0 ,
-0.0014593 ,-0.0830183 ,-0 ,
0.00014944 ,-0.0816812 ,-0 ,
0.00175822 ,-0.0803647 ,-0 ,
0.00336746 ,-0.0790682 ,-0 ,
0.00497754 ,-0.0777916 ,-0 ,
0.00658889 ,-0.0765344 ,-0 ,
0.00820189 ,-0.0752965 ,-0 ,
0.00981696 ,-0.0740774 ,-0 ,
0.0114345 ,-0.0728769 ,-0 ,
0.0130549 ,-0.0716946 ,-0 ,
0.0146786 ,-0.0705303 ,-0 ,
0.016306 ,-0.0693836 ,-0 ,
0.0179374 ,-0.0682544 ,-0 ,
0.0195734 ,-0.0671422 ,-0 ,
0.0212143 ,-0.0660469 ,-0 ,
0.0228605 ,-0.0649681 ,-0 ,
0.0245124 ,-0.0639057 ,-0 ,
0.0261705 ,-0.0628592 ,-0 ,
0.0278352 ,-0.0618285 ,-0 ,
0.0295068 ,-0.0608132 ,-0 ,
0.0311858 ,-0.0598132 ,-0 ,
0.0328727 ,-0.0588282 ,-0 ,
0.0345678 ,-0.057858 ,-0 ,
0.0362715 ,-0.0569022 ,-0 ,
0.0379844 ,-0.0559607 ,-0 ,
0.0397068 ,-0.0550332 ,-0 ,
0.0414391 ,-0.0541195 ,-0 ,
0.0431818 ,-0.0532194 ,-0 ,
0.0449354 ,-0.0523326 ,-0 ,
0.0467002 ,-0.051459 ,-0 ,
0.0484767 ,-0.0505982 ,-0 ,
0.0502654 ,-0.0497501 ,-0 ,
0.0520667 ,-0.0489145 ,-0 ,
0.053881 ,-0.0480911 ,-0 ,
0.0557088 ,-0.0472798 ,-0 ,
0.0575506 ,-0.0464803 ,-0 ,
0.0594068 ,-0.0456925 ,-0 ,
0.0612779 ,-0.0449161 ,-0 ,
0.0631644 ,-0.044151 ,-0 ,
0.0650667 ,-0.043397 ,-0 ,
0.0669853 ,-0.0426538 ,-0 ,
0.0689207 ,-0.0419214 ,-0 ,
0.0708733 ,-0.0411994 ,-0 ,
0.0728437 ,-0.0404878 ,-0 ,
0.0748324 ,-0.0397863 ,-0 ,
0.0768398 ,-0.0390948 ,-0 ,
0.0788665 ,-0.038413 ,-0 ,
0.0809129 ,-0.037741 ,-0 ,
0.0829796 ,-0.0370783 ,-0 ,
0.0850672 ,-0.036425 ,-0 ,
0.087176 ,-0.0357808 ,-0 ,
0.0893066 ,-0.0351456 ,-0 ,
0.0914597 ,-0.0345192 ,-0 ,
0.0936357 ,-0.0339014 ,-0 ,
0.0958351 ,-0.0332921 ,-0 ,
0.0980585 ,-0.0326912 ,-0 ,
0.100307 ,-0.0320985 ,-0 ,
0.10258 ,-0.0315138 ,-0 ,
0.104879 ,-0.030937 ,-0 ,
0.107204 ,-0.030368 ,-0 ,
0.109556 ,-0.0298066 ,-0 ,
0.111935 ,-0.0292527 ,-0 ,
0.114343 ,-0.0287061 ,-0 ,
0.116779 ,-0.0281667 ,-0 ,
0.119244 ,-0.0276343 ,-0 ,
0.121739 ,-0.0271089 ,-0 ,
0.124265 ,-0.0265903 ,-0 ,
0.126822 ,-0.0260784 ,-0 ,
0.129411 ,-0.025573 ,-0 ,
0.132032 ,-0.025074 ,-0 ,
0.134686 ,-0.0245813 ,-0 ,
0.137374 ,-0.0240947 ,-0 ,
0.140096 ,-0.0236142 ,-0 ,
0.142853 ,-0.0231397 ,-0 ,
0.145647 ,-0.0226709 ,-0 ,
0.148476 ,-0.0222078 ,-0 ,
0.151343 ,-0.0217503 ,-0 ,
0.154248 ,-0.0212982 ,-0 ,
0.157192 ,-0.0208515 ,-0 ,
0.160174 ,-0.02041 ,-0 ,
0.163197 ,-0.0199737 ,-0 ,
0.166261 ,-0.0195423 ,-0 ,
0.169367 ,-0.0191158 ,-0 ,
0.172515 ,-0.0186942 ,-0 ,
0.175706 ,-0.0182772 ,-0 ,
0.178941 ,-0.0178648 ,-0 ,
0.182221 ,-0.0174569 ,-0 ,
0.185547 ,-0.0170534 ,-0 ,
0.188919 ,-0.0166542 ,-0 ,
0.192338 ,-0.0162591 ,-0 ,
0.195806 ,-0.0158681 ,-0 ,
0.199323 ,-0.0154811 ,-0 ,
0.202889 ,-0.015098 ,-0 ,
0.206507 ,-0.0147187 ,-0 ,
0.210176 ,-0.0143431 ,-0 ,
0.213898 ,-0.013971 ,-0 ,
0.217673 ,-0.0136025 ,-0 ,
0.221503 ,-0.0132374 ,-0 ,
0.225388 ,-0.0128756 ,-0 ,
0.22933 ,-0.0125171 ,-0 ,
0.23333 ,-0.0121617 ,-0 ,
0.237388 ,-0.0118093 ,-0 ,
0.241505 ,-0.0114599 ,-0 ,
0.245683 ,-0.0111134 ,-0 ,
0.249922 ,-0.0107697 ,-0 ,
0.254224 ,-0.0104287 ,-0 ,
0.258589 ,-0.0100903 ,-0 ,
0.26302 ,-0.0097544 ,-0 ,
0.267516 ,-0.00942099 ,-0 ,
0.272079 ,-0.00908995 ,-0 ,
0.276711 ,-0.00876119 ,-0 ,
0.281411 ,-0.00843464 ,-0 ,
0.286183 ,-0.0081102 ,-0 ,
0.291026 ,-0.0077878 ,-0 ,
0.295941 ,-0.00746737 ,-0 ,
0.300931 ,-0.00714881 ,-0 ,
0.305997 ,-0.00683204 ,-0 ,
0.311139 ,-0.006517 ,-0 ,
0.316359 ,-0.0062036 ,-0 ,
0.321658 ,-0.00589176 ,-0 ,
0.327038 ,-0.0055814 ,-0 ,
0.332499 ,-0.00527245 ,-0 ,
0.338044 ,-0.00496483 ,-0 ,
0.343674 ,-0.00465845 ,-0 ,
0.34939 ,-0.00435326 ,-0 ,
0.355193 ,-0.00404916 ,-0 ,
0.361085 ,-0.00374608 ,-0 ,
0.367068 ,-0.00344395 ,-0 ,
0.373142 ,-0.00314269 ,-0 ,
0.37931 ,-0.00284222 ,-0 ,
0.385573 ,-0.00254247 ,-0 ,
0.391809 ,-0.00224771 ,-0 ,
0.397431 ,-0.00197839 ,-0 ,
0.402378 ,-0.00173667 ,-0 ,
0.406665 ,-0.00152197 ,-0 ,
0.41031 ,-0.00133372 ,-0 ,
0.413326 ,-0.00117138 ,-0 ,
0.415731 ,-0.0010344 ,-0 ,
0.417538 ,-0.000922236 ,-0 ,
0.418762 ,-0.000834369 ,-0 ,
0.419419 ,-0.000770276 ,-0 ,
0.419523 ,-0.000729445 ,-0 ,
0.419087 ,-0.000711374 ,-0 ,
0.418126 ,-0.000715565 ,-0 ,
0.416653 ,-0.000741531 ,-0 ,
0.414682 ,-0.000788792 ,-0 ,
0.412227 ,-0.000856874 ,-0 ,
0.4093 ,-0.000945313 ,-0 ,
0.405914 ,-0.00105365 ,-0 ,
0.402082 ,-0.00118144 ,-0 ,
0.397817 ,-0.00132823 ,-0 ,
0.39313 ,-0.00149358 ,-0 ,
0.388034 ,-0.00167708 ,-0 ,
0.38254 ,-0.00187828 ,-0 ,
0.376661 ,-0.00209679 ,-0 ,
0.37048 ,-0.00232967 ,-0 ,
0.364347 ,-0.00256473 ,-0 ,
0.358304 ,-0.00280043 ,-0 ,
0.352352 ,-0.00303685 ,-0 ,
0.346488 ,-0.00327403 ,-0 ,
0.34071 ,-0.00351204 ,-0 ,
0.335018 ,-0.00375094 ,-0 ,
0.32941 ,-0.00399079 ,-0 ,
0.323884 ,-0.00423164 ,-0 ,
0.318439 ,-0.00447356 ,-0 ,
0.313075 ,-0.0047166 ,-0 ,
0.307788 ,-0.00496084 ,-0 ,
0.302579 ,-0.00520633 ,-0 ,
0.297446 ,-0.00545313 ,-0 ,
0.292387 ,-0.0057013 ,-0 ,
0.287401 ,-0.00595091 ,-0 ,
0.282487 ,-0.00620201 ,-0 ,
0.277644 ,-0.00645468 ,-0 ,
0.272871 ,-0.00670897 ,-0 ,
0.268166 ,-0.00696495 ,-0 ,
0.263528 ,-0.00722268 ,-0 ,
0.258956 ,-0.00748223 ,-0 ,
0.254449 ,-0.00774365 ,-0 ,
0.250006 ,-0.00800703 ,-0 ,
0.245625 ,-0.00827242 ,-0 ,
0.241306 ,-0.00853989 ,-0 ,
0.237048 ,-0.0088095 ,-0 ,
0.232849 ,-0.00908133 ,-0 ,
0.228708 ,-0.00935545 ,-0 ,
0.224624 ,-0.00963191 ,-0 ,
0.220597 ,-0.00991079 ,-0 ,
0.216625 ,-0.0101922 ,-0 ,
0.212707 ,-0.0104761 ,-0 ,
0.208843 ,-0.0107627 ,-0 ,
0.20503 ,-0.0110519 ,-0 ,
0.20127 ,-0.011344 ,-0 ,
0.197559 ,-0.0116389 ,-0 ,
0.193899 ,-0.0119367 ,-0 ,
0.190286 ,-0.0122375 ,-0 ,
0.186722 ,-0.0125414 ,-0 ,
0.183204 ,-0.0128484 ,-0 ,
0.179732 ,-0.0131587 ,-0 ,
0.176305 ,-0.0134722 ,-0 ,
0.172922 ,-0.0137892 ,-0 ,
0.169583 ,-0.0141096 ,-0 ,
0.166286 ,-0.0144335 ,-0 ,
0.163031 ,-0.0147611 ,-0 ,
0.159816 ,-0.0150924 ,-0 ,
0.156642 ,-0.0154274 ,-0 ,
0.153507 ,-0.0157664 ,-0 ,
0.15041 ,-0.0161093 ,-0 ,
0.147351 ,-0.0164562 ,-0 ,
0.144329 ,-0.0168073 ,-0 ,
0.141344 ,-0.0171625 ,-0 ,
0.138393 ,-0.0175221 ,-0 ,
0.135477 ,-0.0178861 ,-0 ,
0.132595 ,-0.0182546 ,-0 ,
0.129747 ,-0.0186276 ,-0 ,
0.126931 ,-0.0190054 ,-0 ,
0.124147 ,-0.0193878 ,-0 ,
0.121393 ,-0.0197752 ,-0 ,
0.118671 ,-0.0201675 ,-0 ,
0.115978 ,-0.0205649 ,-0 ,
0.113314 ,-0.0209674 ,-0 ,
0.110678 ,-0.0213752 ,-0 ,
0.10807 ,-0.0217884 ,-0 ,
0.10549 ,-0.022207 ,-0 ,
0.102935 ,-0.0226312 ,-0 ,
0.100407 ,-0.023061 ,-0 ,
0.0979034 ,-0.0234967 ,-0 ,
0.0954246 ,-0.0239382 ,-0 ,
0.0929697 ,-0.0243858 ,-0 ,
0.0905381 ,-0.0248394 ,-0 ,
0.0881292 ,-0.0252993 ,-0 ,
0.0857424 ,-0.0257655 ,-0 ,
0.083377 ,-0.0262382 ,-0 ,
0.0810326 ,-0.0267175 ,-0 ,
0.0787085 ,-0.0272035 ,-0 ,
0.0764041 ,-0.0276963 ,-0 ,
0.0741189 ,-0.028196 ,-0 ,
0.0718522 ,-0.0287028 ,-0 ,
0.0696036 ,-0.0292168 ,-0 ,
0.0673724 ,-0.0297381 ,-0 ,
0.0651581 ,-0.0302669 ,-0 ,
0.0629601 ,-0.0308033 ,-0 ,
0.0607779 ,-0.0313474 ,-0 ,
0.0586109 ,-0.0318993 ,-0 ,
0.0564587 ,-0.0324593 ,-0 ,
0.0543206 ,-0.0330274 ,-0 ,
0.0521961 ,-0.0336038 ,-0 ,
0.0500847 ,-0.0341886 ,-0 ,
0.0479858 ,-0.0347819 ,-0 ,
0.045899 ,-0.035384 ,-0 ,
0.0438237 ,-0.035995 ,-0 ,
0.0417594 ,-0.0366149 ,-0 ,
0.0397056 ,-0.0372441 ,-0 ,
0.0376617 ,-0.0378826 ,-0 ,
0.0356273 ,-0.0385306 ,-0 ,
0.0336018 ,-0.0391882 ,-0 ,
0.0315848 ,-0.0398557 ,-0 ,
0.0295756 ,-0.0405331 ,-0 ,
0.0275739 ,-0.0412207 ,-0 ,
0.0255791 ,-0.0419187 ,-0 ,
0.0235908 ,-0.0426272 ,-0 ,
0.0216083 ,-0.0433463 ,-0 ,
0.0196313 ,-0.0440763 ,-0 ,
0.0176592 ,-0.0448174 ,-0 ,
0.0156916 ,-0.0455696 ,-0 ,
0.0137279 ,-0.0463333 ,-0 ,
0.0117676 ,-0.0471087 ,-0 ,
0.00981034 ,-0.0478958 ,-0 ,
0.00785553 ,-0.0486949 ,-0 ,
0.00590269 ,-0.0495062 ,-0 ,
0.00395135 ,-0.05033 ,-0 ,
0.00200101 ,-0.0511663 ,-0 ,
5.11891e-05 ,-0.0520155 ,-0 ,
-0.00189861 ,-0.0528777 ,-0 ,
-0.00384886 ,-0.0537532 ,-0 ,
-0.00580007 ,-0.0546421 ,-0 ,
-0.00775271 ,-0.0555448 ,-0 ,
-0.00970728 ,-0.0564613 ,-0 ,
-0.0116643 ,-0.057392 ,-0 ,
-0.0136242 ,-0.0583371 ,-0 ,
-0.0155875 ,-0.0592968 ,-0 ,
-0.0175546 ,-0.0602713 ,-0 ,
-0.0195262 ,-0.061261 ,-0 ,
-0.0215026 ,-0.062266 ,-0 ,
-0.0234845 ,-0.0632866 ,-0 ,
-0.0254721 ,-0.0643231 ,-0 ,
-0.0274662 ,-0.0653757 ,-0 ,
-0.0294671 ,-0.0664447 ,-0 ,
-0.0314754 ,-0.0675303 ,-0 ,
-0.0334915 ,-0.0686328 ,-0 ,
-0.035516 ,-0.0697526 ,-0 ,
-0.0375494 ,-0.0708898 ,-0 ,
-0.0395922 ,-0.0720448 ,-0 ,
-0.0416449 ,-0.0732178 ,-0 ,
-0.043708 ,-0.0744092 ,-0 ,
-0.0457821 ,-0.0756192 ,-0 ,
-0.0478676 ,-0.0768482 ,-0 ,
-0.049965 ,-0.0780964 ,-0 ,
-0.052075 ,-0.0793642 ,-0 ,
-0.054198 ,-0.0806519 ,-0 ,
-0.0563345 ,-0.0819598 ,-0 ,
-0.0584852 ,-0.0832882 ,-0 ,
-0.0606505 ,-0.0846375 ,-0 ,
-0.0628309 ,-0.086008 ,-0 ,
-0.0650271 ,-0.0874001 ,-0 ,
-0.0672396 ,-0.088814 ,-0 ,
-0.0694689 ,-0.0902502 ,-0 ,
-0.0717155 ,-0.0917091 ,-0 ,
-0.0739802 ,-0.0931909 ,-0 ,
-0.0762633 ,-0.094696 ,-0 ,
-0.0785655 ,-0.0962249 ,-0 ,
-0.0808874 ,-0.0977778 ,-0 ,
-0.0832295 ,-0.0993553 ,-0 ,
-0.0855925 ,-0.100958 ,-0 ,
-0.0879769 ,-0.102585 ,-0 ,
-0.0903833 ,-0.104239 ,-0 ,
-0.0928123 ,-0.105918 ,-0 ,
-0.0952645 ,-0.107624 ,-0 ,
-0.0977407 ,-0.109357 ,-0 ,
-0.100241 ,-0.111118 ,-0 ,
-0.102767 ,-0.112906 ,-0 ,
-0.105318 ,-0.114722 ,-0 ,
-0.107896 ,-0.116567 ,-0 ,
-0.110501 ,-0.118442 ,-0 ,
-0.113133 ,-0.120346 ,-0 ,
-0.115794 ,-0.12228 ,-0 ,
-0.118484 ,-0.124245 ,-0 ,
-0.121203 ,-0.126241 ,-0 ,
-0.123953 ,-0.128269 ,-0 ,
-0.126734 ,-0.130329 ,-0 ,
-0.129546 ,-0.132421 ,-0 ,
-0.132391 ,-0.134547 ,-0 ,
-0.135269 ,-0.136706 ,-0 ,
-0.138181 ,-0.1389 ,-0 ,
-0.141128 ,-0.141128 ,-0 ,
-0.144109 ,-0.143392 ,-0 ,
-0.147127 ,-0.145691 ,-0 ,
-0.150182 ,-0.148028 ,-0 ,
-0.153275 ,-0.150401 ,-0 ,
-0.156405 ,-0.152812 ,-0 ,
-0.159575 ,-0.155261 ,-0 ,
-0.162785 ,-0.157749 ,-0 ,
-0.166036 ,-0.160277 ,-0 ,
-0.169328 ,-0.162844 ,-0 ,
-0.172663 ,-0.165453 ,-0 ,
-0.17604 ,-0.168103 ,-0 ,
-0.179462 ,-0.170795 ,-0 ,
-0.182929 ,-0.17353 ,-0 ,
-0.186442 ,-0.176308 ,-0 ,
-0.190001 ,-0.179131 ,-0 ,
-0.193608 ,-0.181998 ,-0 ,
-0.197263 ,-0.184911 ,-0 ,
-0.200968 ,-0.18787 ,-0 ,
-0.204723 ,-0.190877 ,-0 ,
-0.20853 ,-0.193931 ,-0 ,
-0.212388 ,-0.197034 ,-0 ,
-0.2163 ,-0.200186 ,-0 ,
-0.220266 ,-0.203388 ,-0 ,
-0.224287 ,-0.206641 ,-0 ,
-0.228364 ,-0.209946 ,-0 ,
-0.232498 ,-0.213304 ,-0 ,
-0.236691 ,-0.216715 ,-0 ,
-0.240943 ,-0.22018 ,-0 ,
-0.245255 ,-0.223701 ,-0 ,
-0.249629 ,-0.227277 ,-0 ,
-0.254065 ,-0.230911 ,-0 ,
-0.258565 ,-0.234602 ,-0 ,
-0.263129 ,-0.238352 ,-0 ,
-0.26776 ,-0.242162 ,-0 ,
-0.272457 ,-0.246032 ,-0 ,
-0.277223 ,-0.249964 ,-0 ,
-0.282058 ,-0.253959 ,-0 ,
-0.286964 ,-0.258017 ,-0 ,
-0.291847 ,-0.262059 ,-0 ,
-0.296261 ,-0.265705 ,-0 ,
-0.300161 ,-0.268913 ,-0 ,
-0.303557 ,-0.271696 ,-0 ,
-0.306461 ,-0.274062 ,-0 ,
-0.308887 ,-0.276023 ,-0 ,
-0.310845 ,-0.277587 ,-0 ,
-0.312348 ,-0.278765 ,-0 ,
-0.313405 ,-0.279567 ,-0 ,
-0.31403 ,-0.280002 ,-0 ,
-0.314231 ,-0.28008 ,-0 ,
-0.314022 ,-0.279808 ,-0 ,
-0.313411 ,-0.279198 ,-0 ,
-0.312409 ,-0.278257 ,-0 ,
-0.311028 ,-0.276994 ,-0 ,
-0.309276 ,-0.275419 ,-0 ,
-0.307164 ,-0.273539 ,-0 ,
-0.304702 ,-0.271363 ,-0 ,
-0.3019 ,-0.268899 ,-0 ,
-0.298766 ,-0.266155 ,-0 ,
-0.295311 ,-0.263139 ,-0 ,
-0.291543 ,-0.25986 ,-0 ,
-0.287472 ,-0.256324 ,-0 ,
-0.283107 ,-0.25254 ,-0 ,
-0.278511 ,-0.248561 ,-0 ,
-0.27395 ,-0.244615 ,-0 ,
-0.269457 ,-0.240731 ,-0 ,
-0.265033 ,-0.236907 ,-0 ,
-0.260674 ,-0.233142 ,-0 ,
-0.256381 ,-0.229435 ,-0 ,
-0.252152 ,-0.225787 ,-0 ,
-0.247986 ,-0.222194 ,-0 ,
-0.243882 ,-0.218657 ,-0 ,
-0.239839 ,-0.215175 ,-0 ,
-0.235857 ,-0.211747 ,-0 ,
-0.231933 ,-0.208372 ,-0 ,
-0.228068 ,-0.20505 ,-0 ,
-0.224259 ,-0.201778 ,-0 ,
-0.220507 ,-0.198557 ,-0 ,
-0.21681 ,-0.195386 ,-0 ,
-0.213167 ,-0.192264 ,-0 ,
-0.209578 ,-0.18919 ,-0 ,
-0.206041 ,-0.186163 ,-0 ,
-0.202556 ,-0.183183 ,-0 ,
-0.199121 ,-0.180249 ,-0 ,
-0.195737 ,-0.17736 ,-0 ,
-0.192401 ,-0.174516 ,-0 ,
-0.189113 ,-0.171715 ,-0 ,
-0.185873 ,-0.168957 ,-0 ,
-0.18268 ,-0.166242 ,-0 ,
-0.179532 ,-0.163568 ,-0 ,
-0.176429 ,-0.160935 ,-0 ,
-0.17337 ,-0.158343 ,-0 ,
-0.170355 ,-0.15579 ,-0 ,
-0.167382 ,-0.153276 ,-0 ,
-0.164452 ,-0.150801 ,-0 ,
-0.161562 ,-0.148363 ,-0 ,
-0.158713 ,-0.145963 ,-0 ,
-0.155904 ,-0.143599 ,-0 ,
-0.153133 ,-0.141271 ,-0 ,
-0.150401 ,-0.138978 ,-0 ,
-0.147707 ,-0.136721 ,-0 ,
-0.14505 ,-0.134497 ,-0 ,
-0.142429 ,-0.132308 ,-0 ,
-0.139843 ,-0.130151 ,-0 ,
-0.137293 ,-0.128027 ,-0 ,
-0.134777 ,-0.125935 ,-0 ,
-0.132295 ,-0.123875 ,-0 ,
-0.129846 ,-0.121845 ,-0 ,
-0.127429 ,-0.119847 ,-0 ,
-0.125045 ,-0.117878 ,-0 ,
-0.122691 ,-0.115939 ,-0 ,
-0.120369 ,-0.114029 ,-0 ,
-0.118076 ,-0.112147 ,-0 ,
-0.115813 ,-0.110294 ,-0 ,
-0.113579 ,-0.108468 ,-0 ,
-0.111374 ,-0.106669 ,-0 ,
-0.109196 ,-0.104897 ,-0 ,
-0.107046 ,-0.103151 ,-0 ,
-0.104922 ,-0.101432 ,-0 ,
-0.102825 ,-0.0997372 ,-0 ,
-0.100754 ,-0.0980678 ,-0 ,
-0.0987074 ,-0.0964229 ,-0 ,
-0.0966859 ,-0.0948023 ,-0 ,
-0.0946886 ,-0.0932054 ,-0 ,
-0.092715 ,-0.0916318 ,-0 ,
-0.0907646 ,-0.0900812 ,-0 ,
-0.0888369 ,-0.0885532 ,-0 ,
-0.0869314 ,-0.0870473 ,-0 ,
-0.0850477 ,-0.0855633 ,-0 ,
-0.0831854 ,-0.0841007 ,-0 ,
-0.0813438 ,-0.0826592 ,-0 ,
-0.0795226 ,-0.0812384 ,-0 ,
-0.0777213 ,-0.079838 ,-0 ,
-0.0759394 ,-0.0784576 ,-0 ,
-0.0741766 ,-0.0770968 ,-0 ,
-0.0724323 ,-0.0757553 ,-0 ,
-0.0707062 ,-0.0744329 ,-0 ,
-0.0689978 ,-0.0731291 ,-0 ,
-0.0673066 ,-0.0718436 ,-0 ,
-0.0656323 ,-0.0705761 ,-0 ,
-0.0639744 ,-0.0693263 ,-0 ,
-0.0623325 ,-0.0680939 ,-0 ,
-0.0607063 ,-0.0668786 ,-0 ,
-0.0590952 ,-0.06568 ,-0 ,
-0.0574989 ,-0.0644979 ,-0 ,
-0.055917 ,-0.0633319 ,-0 ,
-0.0543491 ,-0.0621818 ,-0 ,
-0.0527948 ,-0.0610473 ,-0 ,
-0.0512537 ,-0.0599281 ,-0 ,
-0.0497254 ,-0.0588239 ,-0 ,
-0.0482096 ,-0.0577345 ,-0 ,
-0.0467059 ,-0.0566596 ,-0 ,
-0.0452138 ,-0.0555988 ,-0 ,
-0.043733 ,-0.054552 ,-0 ,
-0.0422632 ,-0.0535188 ,-0 ,
-0.040804 ,-0.0524991 ,-0 ,
-0.039355 ,-0.0514925 ,-0 ,
-0.0379158 ,-0.0504988 ,-0 ,
-0.0364861 ,-0.0495178 ,-0 ,
-0.0350655 ,-0.0485492 ,-0 ,
-0.0336537 ,-0.0475928 ,-0 ,
-0.0322504 ,-0.0466483 ,-0 ,
-0.030855 ,-0.0457155 ,-0 ,
-0.0294675 ,-0.0447942 ,-0 ,
-0.0280872 ,-0.0438841 ,-0 ,
-0.026714 ,-0.042985 ,-0 ,
-0.0253475 ,-0.0420967 ,-0 ,
-0.0239873 ,-0.0412189 ,-0 ,
-0.0226332 ,-0.0403514 ,-0 ,
-0.0212846 ,-0.0394941 ,-0 ,
-0.0199414 ,-0.0386467 ,-0 ,
-0.0186032 ,-0.037809 ,-0 ,
-0.0172696 ,-0.0369807 ,-0 ,
-0.0159404 ,-0.0361618 ,-0 ,
-0.0146151 ,-0.0353518 ,-0 ,
-0.0132935 ,-0.0345508 ,-0 ,
-0.0119752 ,-0.0337584 ,-0 ,
-0.0106599 ,-0.0329745 ,-0 ,
-0.00934719 ,-0.0321989 ,-0 ,
-0.00803687 ,-0.0314313 ,-0 ,
-0.00672854 ,-0.0306716 ,-0 ,
-0.00542189 ,-0.0299197 ,-0 ,
-0.00411659 ,-0.0291752 ,-0 ,
-0.0028123 ,-0.028438 ,-0 ,
-0.00150871 ,-0.027708 ,-0 ,
-0.000205492 ,-0.0269849 ,-0 ,
0.00109769 ,-0.0262686 ,-0 ,
0.00240116 ,-0.0255589 ,-0 ,
0.00370524 ,-0.0248556 ,-0 ,
0.00501025 ,-0.0241585 ,-0 ,
0.00631654 ,-0.0234675 ,-0 ,
0.00762441 ,-0.0227823 ,-0 ,
0.00893421 ,-0.0221029 ,-0 ,
0.0102463 ,-0.0214291 ,-0 ,
0.0115609 ,-0.0207606 ,-0 ,
0.0128784 ,-0.0200973 ,-0 ,
0.0141992 ,-0.0194391 ,-0 ,
0.0155235 ,-0.0187858 ,-0 ,
0.0168517 ,-0.0181371 ,-0 ,
0.0181842 ,-0.0174931 ,-0 ,
0.0195212 ,-0.0168534 ,-0 ,
0.0208632 ,-0.0162179 ,-0 ,
0.0222103 ,-0.0155865 ,-0 ,
0.0235631 ,-0.0149591 ,-0 ,
0.0249217 ,-0.0143354 ,-0 ,
0.0262866 ,-0.0137153 ,-0 ,
0.0276581 ,-0.0130986 ,-0 ,
0.0290365 ,-0.0124852 ,-0 ,
0.0304223 ,-0.011875 ,-0 ,
0.0318156 ,-0.0112678 ,-0 ,
0.0332169 ,-0.0106634 ,-0 ,
0.0346266 ,-0.0100616 ,-0 ,
0.0360449 ,-0.00946243 ,-0 ,
0.0374723 ,-0.00886561 ,-0 ,
0.0389091 ,-0.00827103 ,-0 ,
0.0403556 ,-0.00767852 ,-0 ,
0.0418123 ,-0.00708795 ,-0 ,
0.0432794 ,-0.00649917 ,-0 ,
0.0447574 ,-0.00591202 ,-0 ,
0.0462466 ,-0.00532637 ,-0 ,
0.0477474 ,-0.00474206 ,-0 ,
0.0492602 ,-0.00415895 ,-0 ,
0.0507853 ,-0.00357689 ,-0 ,
0.0523231 ,-0.00299574 ,-0 ,
0.0538741 ,-0.00241535 ,-0 ,
0.0554386 ,-0.00183558 ,-0 ,
0.0570169 ,-0.00125628 ,-0 ,
0.0586096 ,-0.000677297 ,-0 ,
0.0602169 ,-9.85e-05 ,-0 ,
0.0618394 ,0.000480262 ,-0 ,
0.0634773 ,0.00105913 ,-0 ,
0.0651311 ,0.00163826 ,-0 ,
0.0668013 ,0.00221778 ,-0 ,
0.0684882 ,0.00279785 ,-0 ,
0.0701923 ,0.00337861 ,-0 ,
0.071914 ,0.00396021 ,-0 ,
0.0736537 ,0.00454279 ,-0 ,
0.0754118 ,0.00512649 ,-0 ,
0.0771889 ,0.00571147 ,-0 ,
0.0789853 ,0.00629786 ,-0 ,
0.0808015 ,0.00688582 ,-0 ,
0.0826379 ,0.0074755 ,-0 ,
0.084495 ,0.00806704 ,-0 ,
0.0863734 ,0.00866059 ,-0 ,
0.0882733 ,0.00925629 ,-0 ,
0.0901954 ,0.00985431 ,-0 ,
0.0921401 ,0.0104548 ,-0 ,
0.0941079 ,0.0110579 ,-0 ,
0.0960992 ,0.0116637 ,-0 ,
0.0981146 ,0.0122724 ,-0 ,
0.100155 ,0.0128843 ,-0 ,
0.10222 ,0.0134993 ,-0 ,
0.10431 ,0.0141177 ,-0 ,
0.106427 ,0.0147396 ,-0 ,
0.108571 ,0.0153652 ,-0 ,
0.110742 ,0.0159946 ,-0 ,
0.11294 ,0.0166281 ,-0 ,
0.115167 ,0.0172657 ,-0 ,
0.117423 ,0.0179076 ,-0 ,
0.119708 ,0.0185539 ,-0 ,
0.122023 ,0.019205 ,-0 ,
0.124368 ,0.0198608 ,-0 ,
0.126745 ,0.0205216 ,-0 ,
0.129154 ,0.0211875 ,-0 ,
0.131594 ,0.0218587 ,-0 ,
0.134068 ,0.0225353 ,-0 ,
0.136576 ,0.0232176 ,-0 ,
0.139117 ,0.0239057 ,-0 ,
0.141694 ,0.0245998 ,-0 ,
0.144306 ,0.0253 ,-0 ,
0.146954 ,0.0260066 ,-0 ,
0.149639 ,0.0267197 ,-0 ,
0.152362 ,0.0274394 ,-0 ,
0.155122 ,0.028166 ,-0 ,
0.157922 ,0.0288997 ,-0 ,
0.160761 ,0.0296405 ,-0 ,
0.16364 ,0.0303888 ,-0 ,
0.166561 ,0.0311447 ,-0 ,
0.169523 ,0.0319084 ,-0 ,
0.172472 ,0.0326675 ,-0 ,
0.175144 ,0.0333632 ,-0 ,
0.177513 ,0.0339891 ,-0 ,
0.179585 ,0.034547 ,-0 ,
0.181368 ,0.0350384 ,-0 ,
0.182868 ,0.035465 ,-0 ,
0.184093 ,0.0358284 ,-0 ,
0.185049 ,0.0361301 ,-0 ,
0.185744 ,0.0363716 ,-0 ,
0.186182 ,0.0365545 ,-0 ,
0.186372 ,0.0366802 ,-0 ,
0.18632 ,0.0367501 ,-0 ,
0.186031 ,0.0367657 ,-0 ,
0.185513 ,0.0367285 ,-0 ,
0.18477 ,0.0366398 ,-0 ,
0.18381 ,0.0365009 ,-0 ,
0.182637 ,0.0363133 ,-0 ,
0.181259 ,0.0360782 ,-0 ,
0.17968 ,0.035797 ,-0 ,
0.177906 ,0.0354709 ,-0 ,
0.175943 ,0.0351011 ,-0 ,
0.173797 ,0.0346891 ,-0 ,
0.171471 ,0.0342358 ,-0 ,
0.168973 ,0.0337427 ,-0 ,
0.166339 ,0.033218 ,-0 ,
0.163727 ,0.0326971 ,-0 ,
0.161155 ,0.0321843 ,-0 ,
0.158624 ,0.0316797 ,-0 ,
0.156133 ,0.0311829 ,-0 ,
0.15368 ,0.0306939 ,-0 ,
0.151266 ,0.0302126 ,-0 ,
0.148891 ,0.0297389 ,-0 ,
0.146552 ,0.0292726 ,-0 ,
0.14425 ,0.0288136 ,-0 ,
0.141984 ,0.0283619 ,-0 ,
0.139754 ,0.0279172 ,-0 ,
0.137559 ,0.0274795 ,-0 ,
0.135398 ,0.0270487 ,-0 ,
0.133272 ,0.0266246 ,-0 ,
0.131178 ,0.0262073 ,-0 ,
0.129118 ,0.0257964 ,-0 ,
0.12709 ,0.025392 ,-0 ,
0.125093 ,0.024994 ,-0 ,
0.123128 ,0.0246022 ,-0 ,
0.121194 ,0.0242166 ,-0 ,
0.119291 ,0.023837 ,-0 ,
0.117417 ,0.0234633 ,-0 ,
0.115572 ,0.0230956 ,-0 ,
0.113757 ,0.0227336 ,-0 ,
0.11197 ,0.0223773 ,-0 ,
0.110211 ,0.0220266 ,-0 ,
0.10848 ,0.0216814 ,-0 ,
0.106776 ,0.0213416 ,-0 ,
0.105098 ,0.0210072 ,-0 ,
0.103447 ,0.020678 ,-0 ,
0.101822 ,0.020354 ,-0 ,
0.100223 ,0.020035 ,-0 ,
0.0986484 ,0.0197211 ,-0 ,
0.0970986 ,0.0194121 ,-0 ,
0.0955733 ,0.0191079 ,-0 ,
0.0940718 ,0.0188086 ,-0 ,
0.092594 ,0.0185139 ,-0 ,
0.0911393 ,0.0182239 ,-0 ,
0.0897075 ,0.0179384 ,-0 ,
0.0882981 ,0.0176574 ,-0 ,
0.0869109 ,0.0173808 ,-0 ,
0.0855455 ,0.0171085 ,-0 ,
0.0842015 ,0.0168405 ,-0 ,
0.0828786 ,0.0165768 ,-0 ,
0.0815765 ,0.0163171 ,-0 ,
0.0802948 ,0.0160616 ,-0 ,
0.0790333 ,0.01581 ,-0 ,
0.0777916 ,0.0155624 ,-0 ,
0.0765693 ,0.0153187 ,-0 ,
0.0753663 ,0.0150789 ,-0 ,
0.0741821 ,0.0148428 ,-0 ,
0.0730165 ,0.0146104 ,-0 ,
0.0718693 ,0.0143816 ,-0 ,
0.07074 ,0.0141564 ,-0 ,
0.0696285 ,0.0139348 ,-0 ,
0.0685344 ,0.0137167 ,-0 ,
0.0674575 ,0.0135019 ,-0 ,
0.0663975 ,0.0132906 ,-0 ,
0.0653542 ,0.0130826 ,-0 ,
0.0643272 ,0.0128778 ,-0 ,
0.0633164 ,0.0126762 ,-0 ,
0.0623214 ,0.0124779 ,-0 ,
0.0613421 ,0.0122826 ,-0 ,
0.0603781 ,0.0120904 ,-0 ,
0.0594293 ,0.0119012 ,-0 ,
0.0584954 ,0.011715 ,-0 ,
0.0575761 ,0.0115317 ,-0 ,
0.0566713 ,0.0113513 ,-0 ,
0.0557807 ,0.0111737 ,-0 ,
0.054904 ,0.0109989 ,-0 ,
0.0540411 ,0.0108268 ,-0 ,
0.0531918 ,0.0106575 ,-0 ,
0.0523558 ,0.0104908 ,-0 ,
0.051533 ,0.0103267 ,-0 ,
0.050723 ,0.0101652 ,-0 ,
0.0499258 ,0.0100063 ,-0 ,
0.0491411 ,0.00984981 ,-0 ,
0.0483687 ,0.00969581 ,-0 ,
0.0476084 ,0.00954422 ,-0 ,
0.0468601 ,0.00939501 ,-0 ,
0.0461235 ,0.00924814 ,-0 ,
0.0453985 ,0.00910358 ,-0 ,
0.0446849 ,0.00896129 ,-0 ,
0.0439825 ,0.00882124 ,-0 ,
0.0432911 ,0.00868338 ,-0 ,
0.0426105 ,0.00854769 ,-0 ,
0.0419407 ,0.00841412 ,-0 ,
0.0412813 ,0.00828266 ,-0 ,
0.0406324 ,0.00815326 ,-0 ,
0.0399936 ,0.00802589 ,-0 ,
0.0393648 ,0.00790052 ,-0 ,
0.0387459 ,0.00777712 ,-0 ,
0.0381367 ,0.00765566 ,-0 ,
0.0375371 ,0.0075361 ,-0 ,
0.0369469 ,0.00741842 ,-0 ,
0.036366 ,0.00730259 ,-0 ,
0.0357942 ,0.00718858 ,-0 ,
0.0352314 ,0.00707636 ,-0 ,
0.0346774 ,0.0069659 ,-0 ,
0.0341321 ,0.00685717 ,-0 ,
0.0335954 ,0.00675015 ,-0 ,
0.0330671 ,0.00664481 ,-0 ,
0.0325471 ,0.00654113 ,-0 ,
0.0320352 ,0.00643907 ,-0 ,
0.0315314 ,0.00633862 ,-0 ,
0.0310355 ,0.00623974 ,-0 ,
0.0305474 ,0.00614242 ,-0 ,
0.030067 ,0.00604662 ,-0 ,
0.0295941 ,0.00595233 ,-0 ,
0.0291286 ,0.00585952 ,-0 ,
0.0286704 ,0.00576816 ,-0 ,
0.0282194 ,0.00567824 ,-0 ,
0.0277756 ,0.00558974 ,-0 ,
0.0273386 ,0.00550262 ,-0 ,
0.0269086 ,0.00541687 ,-0 ,
0.0264853 ,0.00533246 ,-0 ,
0.0260686 ,0.00524938 ,-0 ,
0.0256585 ,0.00516761 ,-0 ,
0.0252548 ,0.00508712 ,-0 ,
0.0248574 ,0.00500789 ,-0 ,
0.0244663 ,0.00492991 ,-0 ,
0.0240814 ,0.00485315 ,-0 ,
0.0237025 ,0.0047776 ,-0 ,
0.0233295 ,0.00470323 ,-0 ,
0.0229624 ,0.00463003 ,-0 ,
0.022601 ,0.00455798 ,-0 ,
0.0222453 ,0.00448707 ,-0 ,
0.0218953 ,0.00441726 ,-0 ,
0.0215507 ,0.00434855 ,-0 ,
0.0212115 ,0.00428092 ,-0 ,
0.0208776 ,0.00421435 ,-0 ,
0.020549 ,0.00414883 ,-0 ,
0.0202255 ,0.00408434 ,-0 ,
0.0199072 ,0.00402086 ,-0 ,
0.0195938 ,0.00395837 ,-0 ,
0.0192853 ,0.00389687 ,-0 ,
0.0189817 ,0.00383633 ,-0 ,
0.0186829 ,0.00377674 ,-0 ,
0.0183887 ,0.00371809 ,-0 ,
0.0180992 ,0.00366036 ,-0 ,
0.0178142 ,0.00360353 ,-0 ,
0.0175337 ,0.0035476 ,-0 ,
0.0172576 ,0.00349255 ,-0 ,
0.0169858 ,0.00343836 ,-0 ,
0.0167183 ,0.00338502 ,-0 ,
0.016455 ,0.00333252 ,-0 ,
0.0161958 ,0.00328084 ,-0 ,
0.0159407 ,0.00322998 ,-0 ,
0.0156896 ,0.00317991 ,-0 ,
0.0154424 ,0.00313063 ,-0 ,
0.0151991 ,0.00308212 ,-0 ,
0.0149597 ,0.00303438 ,-0 ,
0.014724 ,0.00298738 ,-0 ,
0.014492 ,0.00294112 ,-0 ,
0.0142636 ,0.00289559 ,-0 ,
0.0140389 ,0.00285077 ,-0 ,
0.0138176 ,0.00280666 ,-0 ,
0.0135999 ,0.00276324 ,-0 ,
0.0133855 ,0.0027205 ,-0 ,
0.0131745 ,0.00267844 ,-0 ,
0.0129669 ,0.00263703 ,-0 ,
0.0127625 ,0.00259627 ,-0 ,
0.0125613 ,0.00255615 ,-0 ,
0.0123632 ,0.00251667 ,-0 ,
0.0121683 ,0.0024778 ,-0 ,
0.0119764 ,0.00243954 ,-0 ,
0.0117876 ,0.00240189 ,-0 ,
0.0116017 ,0.00236482 ,-0 ,
0.0114187 ,0.00232834 ,-0 ,
0.0112386 ,0.00229243 ,-0 ,
0.0110614 ,0.00225708 ,-0 ,
0.0108869 ,0.00222229 ,-0 ,
0.0107151 ,0.00218805 ,-0 ,
0.0105461 ,0.00215434 ,-0 ,
0.0103797 ,0.00212116 ,-0 ,
0.0102159 ,0.00208851 ,-0 ,
0.0100547 ,0.00205636 ,-0 ,
0.00989599 ,0.00202472 ,-0 ,
0.0097398 ,0.00199358 ,-0 ,
0.00958606 ,0.00196293 ,-0 ,
0.00943474 ,0.00193275 ,-0 ,
0.00928579 ,0.00190305 ,-0 ,
0.00913918 ,0.00187382 ,-0 ,
0.00899487 ,0.00184505 ,-0 ,
0.00885283 ,0.00181673 ,-0 ,
0.00871302 ,0.00178885 ,-0 ,
0.0085754 ,0.00176141 ,-0 ,
0.00843995 ,0.0017344 ,-0 ,
0.00830662 ,0.00170782 ,-0 ,
0.00817539 ,0.00168165 ,-0 ,
0.00804621 ,0.00165589 ,-0 ,
0.00791907 ,0.00163054 ,-0 ,
0.00779392 ,0.00160559 ,-0 ,
0.00767073 ,0.00158103 ,-0 ,
0.00754948 ,0.00155685 ,-0 ,
0.00743013 ,0.00153305 ,-0 ,
0.00731266 ,0.00150963 ,-0 ,
0.00719703 ,0.00148658 ,-0 ,
0.00708322 ,0.00146388 ,-0 ,
0.0069712 ,0.00144155 ,-0 ,
0.00686093 ,0.00141956 ,-0 ,
0.00675239 ,0.00139792 ,-0 ,
0.00664556 ,0.00137662 ,-0 ,
0.00654041 ,0.00135565 ,-0 ,
0.0064369 ,0.00133501 ,-0 ,
0.00633503 ,0.0013147 ,-0 ,
0.00623475 ,0.00129471 ,-0 ,
0.00613605 ,0.00127503 ,-0 ,
0.00603889 ,0.00125565 ,-0 ,
0.00594326 ,0.00123659 ,-0 ,
0.00584914 ,0.00121782 ,-0 ,
0.00575649 ,0.00119935 ,-0 ,
0.00566529 ,0.00118116 ,-0 ,
0.00557553 ,0.00116326 ,-0 ,
0.00548718 ,0.00114565 ,-0 ,
0.00540021 ,0.00112831 ,-0 ,
0.00531461 ,0.00111124 ,-0 ,
0.00523036 ,0.00109444 ,-0 ,
0.00514742 ,0.0010779 ,-0 ,
0.00506579 ,0.00106163 ,-0 ,
0.00498544 ,0.00104561 ,-0 ,
0.00490635 ,0.00102984 ,-0 ,
0.00482851 ,0.00101432 ,-0 ,
0.00475188 ,0.000999037 ,-0 ,
0.00467646 ,0.000983999 ,-0 ,
