0 ,0.115 ,0 ,
0 ,0.115 ,0 ,
0 ,0.115 ,0 ,
0 ,0.115 ,0 ,
0 ,0.115 ,0 ,
0 ,0.115 ,0 ,
0 ,0.115 ,0 ,
0 ,0.115 ,0 ,
0 ,0.115 ,0 ,
0 ,0.115 ,0 ,
0 ,0.115 ,0 ,
0 ,0.115 ,0 ,
0 ,0.115 ,0 ,
0 ,0.115 ,0 ,
0 ,0.115 ,0 ,
0 ,0.115 ,0 ,
0 ,0.115 ,0 ,
0 ,0.115 ,0 ,
0 ,0.115 ,0 ,
0 ,0.115 ,0 ,
0 ,0.115 ,0 ,
0 ,0.115 ,0 ,
0 ,0.115 ,0 ,
0 ,0.115 ,0 ,
0 ,0.115 ,0 ,
0 ,0.115 ,0 ,
0 ,0.115 ,0 ,
0 ,0.115 ,0 ,
0 ,0.115 ,0 ,
0 ,0.115 ,0 ,
0 ,0.115 ,0 ,
0 ,0.115 ,0 ,
0 ,0.115 ,0 ,
0 ,0.115 ,0 ,
0 ,0.115 ,0 ,
0 ,0.115 ,0 ,
0 ,0.115 ,0 ,
0 ,0.115 ,0 ,
0 ,0.115 ,0 ,
0 ,0.115 ,0 ,
0 ,0.115 ,0 ,
0 ,0.115 ,0 ,
0 ,0.115 ,0 ,
0 ,0.115 ,0 ,
0 ,0.115 ,0 ,
0 ,0.115 ,0 ,
0 ,0.115 ,0 ,
0 ,0.115 ,0 ,
0 ,0.115 ,0 ,
0 ,0.115 ,0 ,
0 ,0.115 ,0 ,
0 ,0.115 ,0 ,
0 ,0.115 ,0 ,
0 ,0.115 ,0 ,
0 ,0.115 ,0 ,
0 ,0.115 ,0 ,
0 ,0.115 ,0 ,
0 ,0.115 ,0 ,
0 ,0.115 ,0 ,
0 ,0.115 ,0 ,
0 ,0.115 ,0 ,
0 ,0.115 ,0 ,
0 ,0.115 ,0 ,
0 ,0.115 ,0 ,
0 ,0.115 ,0 ,
0 ,0.115 ,0 ,
0 ,0.115 ,0 ,
0 ,0.115 ,0 ,
0 ,0.115 ,0 ,
0 ,0.115 ,0 ,
0 ,0.115 ,0 ,
0 ,0.115 ,0 ,
0 ,0.115 ,0 ,
0 ,0.115 ,0 ,
0 ,0.115 ,0 ,
0 ,0.115 ,0 ,
0 ,0.115 ,0 ,
0 ,0.115 ,0 ,
0 ,0.115 ,0 ,
0 ,0.115 ,0 ,
0 ,0.115 ,0 ,
0 ,0.115 ,0 ,
0 ,0.115 ,0 ,
0 ,0.115 ,0 ,
0 ,0.115 ,0 ,
0 ,0.115 ,0 ,
0 ,0.115 ,0 ,
0 ,0.115 ,0 ,
0 ,0.115 ,0 ,
0 ,0.115 ,0 ,
0 ,0.115 ,0 ,
0 ,0.115 ,0 ,
0 ,0.115 ,0 ,
0 ,0.115 ,0 ,
0 ,0.115 ,0 ,
0 ,0.115 ,0 ,
0 ,0.115 ,0 ,
0 ,0.115 ,0 ,
0 ,0.115 ,0 ,
0 ,0.115 ,0 ,
0 ,0.115 ,0 ,
0 ,0.115 ,0 ,
0 ,0.115 ,0 ,
0 ,0.115 ,0 ,
0 ,0.115 ,0 ,
0 ,0.115 ,0 ,
0 ,0.115 ,0 ,
0 ,0.115 ,0 ,
0 ,0.115 ,0 ,
0 ,0.115 ,0 ,
0 ,0.115 ,0 ,
0 ,0.115 ,0 ,
0 ,0.115 ,0 ,
0 ,0.115 ,0 ,
0 ,0.115 ,0 ,
0 ,0.115 ,0 ,
0 ,0.115 ,0 ,
0 ,0.115 ,0 ,
0 ,0.115 ,0 ,
0 ,0.115 ,0 ,
0 ,0.115 ,0 ,
0 ,0.115 ,0 ,
0 ,0.115 ,0 ,
0 ,0.115 ,0 ,
0 ,0.115 ,0 ,
0 ,0.115 ,0 ,
0 ,0.115 ,0 ,
0 ,0.115 ,0 ,
0 ,0.115 ,0 ,
0 ,0.115 ,0 ,
0 ,0.115 ,0 ,
0 ,0.115 ,0 ,
0 ,0.115 ,0 ,
0 ,0.115 ,0 ,
0 ,0.115 ,0 ,
0 ,0.115 ,0 ,
0 ,0.115 ,0 ,
0 ,0.115 ,0 ,
0 ,0.115 ,0 ,
0 ,0.115 ,0 ,
0 ,0.115 ,0 ,
0 ,0.115 ,0 ,
0 ,0.115 ,0 ,
0 ,0.115 ,0 ,
0 ,0.115 ,0 ,
0 ,0.115 ,0 ,
0 ,0.115 ,0 ,
0 ,0.115 ,0 ,
0 ,0.115 ,0 ,
0 ,0.115 ,0 ,
0 ,0.115 ,0 ,
0 ,0.115 ,0 ,
0 ,0.115 ,0 ,
0 ,0.115 ,0 ,
0 ,0.115 ,0 ,
0 ,0.115 ,0 ,
0 ,0.115 ,0 ,
0 ,0.115 ,0 ,
0 ,0.115 ,0 ,
0 ,0.115 ,0 ,
0 ,0.115 ,0 ,
0 ,0.115 ,0 ,
0 ,0.115 ,0 ,
0 ,0.115 ,0 ,
0 ,0.115 ,0 ,
0 ,0.115 ,0 ,
0 ,0.115 ,0 ,
0 ,0.115 ,0 ,
0 ,0.115 ,0 ,
0 ,0.115 ,0 ,
0 ,0.115 ,0 ,
0 ,0.115 ,0 ,
0 ,0.115 ,0 ,
0 ,0.115 ,0 ,
0 ,0.115 ,0 ,
0 ,0.115 ,0 ,
0 ,0.115 ,0 ,
0 ,0.115 ,0 ,
0 ,0.115 ,0 ,
0 ,0.115 ,0 ,
0 ,0.115 ,0 ,
0 ,0.115 ,0 ,
0 ,0.115 ,0 ,
0 ,0.115 ,0 ,
0 ,0.115 ,0 ,
0 ,0.115 ,0 ,
0 ,0.115 ,0 ,
0 ,0.115 ,0 ,
0 ,0.115 ,0 ,
0 ,0.115 ,0 ,
0 ,0.115 ,0 ,
0 ,0.115 ,0 ,
0 ,0.115 ,0 ,
0 ,0.115 ,0 ,
0 ,0.115 ,0 ,
0 ,0.115 ,0 ,
0 ,0.115 ,0 ,
0 ,0.115 ,0 ,
0 ,0.115 ,0 ,
0 ,0.115 ,0 ,
0 ,0.115 ,0 ,
0 ,0.115 ,0 ,
0 ,0.115 ,0 ,
0 ,0.115 ,0 ,
0 ,0.115 ,0 ,
0 ,0.115 ,0 ,
0 ,0.115 ,0 ,
0 ,0.115 ,0 ,
0 ,0.115 ,0 ,
0 ,0.115 ,0 ,
0 ,0.115 ,0 ,
0 ,0.115 ,0 ,
0 ,0.115 ,0 ,
0 ,0.115 ,0 ,
0 ,0.115 ,0 ,
0 ,0.115 ,0 ,
0 ,0.115 ,0 ,
0 ,0.115 ,0 ,
0 ,0.115 ,0 ,
0 ,0.115 ,0 ,
0 ,0.115 ,0 ,
0 ,0.115 ,0 ,
0 ,0.115 ,0 ,
0 ,0.115 ,0 ,
0 ,0.115 ,0 ,
0 ,0.115 ,0 ,
0 ,0.115 ,0 ,
0 ,0.115 ,0 ,
0 ,0.115 ,0 ,
0 ,0.115 ,0 ,
0 ,0.115 ,0 ,
0 ,0.115 ,0 ,
0 ,0.115 ,0 ,
0 ,0.115 ,0 ,
0 ,0.115 ,0 ,
0 ,0.115 ,0 ,
0 ,0.115 ,0 ,
0 ,0.115 ,0 ,
0 ,0.115 ,0 ,
0 ,0.115 ,0 ,
0 ,0.115 ,0 ,
0 ,0.115 ,0 ,
0 ,0.115 ,0 ,
0 ,0.115 ,0 ,
0 ,0.115 ,0 ,
0 ,0.115 ,0 ,
0 ,0.115 ,0 ,
0 ,0.115 ,0 ,
0 ,0.115 ,0 ,
0 ,0.115 ,0 ,
0 ,0.115 ,0 ,
0 ,0.115 ,0 ,
0 ,0.115 ,0 ,
0 ,0.115 ,0 ,
0 ,0.115 ,0 ,
0 ,0.115 ,0 ,
0 ,0.115 ,0 ,
0 ,0.115 ,0 ,
0 ,0.115 ,0 ,
0 ,0.115 ,0 ,
0 ,0.115 ,0 ,
0 ,0.115 ,0 ,
0 ,0.115 ,0 ,
0 ,0.115 ,0 ,
0 ,0.115 ,0 ,
0 ,0.115 ,0 ,
0 ,0.115 ,0 ,
0 ,0.115 ,0 ,
0 ,0.115 ,0 ,
0 ,0.115 ,0 ,
0 ,0.115 ,0 ,
0 ,0.115 ,0 ,
0 ,0.115 ,0 ,
0 ,0.115 ,0 ,
0 ,0.115 ,0 ,
0 ,0.115 ,0 ,
0 ,0.115 ,0 ,
0 ,0.115 ,0 ,
0 ,0.115 ,0 ,
0 ,0.115 ,0 ,
0 ,0.115 ,0 ,
0 ,0.115 ,0 ,
0 ,0.115 ,0 ,
0 ,0.115 ,0 ,
0 ,0.115 ,0 ,
0 ,0.115 ,0 ,
0 ,0.115 ,0 ,
0 ,0.115 ,0 ,
0 ,0.115 ,0 ,
0 ,0.115 ,0 ,
0 ,0.115 ,0 ,
0 ,0.115 ,0 ,
0 ,0.115 ,0 ,
0 ,0.115 ,0 ,
0 ,0.115 ,0 ,
0 ,0.115 ,0 ,
0 ,0.115 ,0 ,
0 ,0.115 ,0 ,
0 ,0.115 ,0 ,
0 ,0.115 ,0 ,
0 ,0.115 ,0 ,
0 ,0.115 ,0 ,
0 ,0.115 ,0 ,
0 ,0.115 ,0 ,
0 ,0.115 ,0 ,
0 ,0.115 ,0 ,
0 ,0.115 ,0 ,
0 ,0.115 ,0 ,
0 ,0.115 ,0 ,
0 ,0.115 ,0 ,
0 ,0.115 ,0 ,
0 ,0.115 ,0 ,
0 ,0.115 ,0 ,
0 ,0.115 ,0 ,
0 ,0.115 ,0 ,
0 ,0.115 ,0 ,
0 ,0.115 ,0 ,
0 ,0.115 ,0 ,
0 ,0.115 ,0 ,
0 ,0.115 ,0 ,
0 ,0.115 ,0 ,
0 ,0.115 ,0 ,
0 ,0.115 ,0 ,
0 ,0.115 ,0 ,
0 ,0.115 ,0 ,
0 ,0.115 ,0 ,
0 ,0.115 ,0 ,
0 ,0.115 ,0 ,
0 ,0.115 ,0 ,
0 ,0.115 ,0 ,
0 ,0.115 ,0 ,
0 ,0.115 ,0 ,
0 ,0.115 ,0 ,
0 ,0.115 ,0 ,
0 ,0.115 ,0 ,
0 ,0.115 ,0 ,
0 ,0.115 ,0 ,
0 ,0.115 ,0 ,
0 ,0.115 ,0 ,
0 ,0.115 ,0 ,
0 ,0.115 ,0 ,
0 ,0.115 ,0 ,
0 ,0.115 ,0 ,
0 ,0.115 ,0 ,
0 ,0.115 ,0 ,
0 ,0.115 ,0 ,
0 ,0.115 ,0 ,
0 ,0.115 ,0 ,
0 ,0.115 ,0 ,
0 ,0.115 ,0 ,
0 ,0.115 ,0 ,
0 ,0.115 ,0 ,
0 ,0.115 ,0 ,
0 ,0.115 ,0 ,
0 ,0.115 ,0 ,
0 ,0.115 ,0 ,
0 ,0.115 ,0 ,
0 ,0.115 ,0 ,
0 ,0.115 ,0 ,
0 ,0.115 ,0 ,
0 ,0.115 ,0 ,
0 ,0.115 ,0 ,
0 ,0.115 ,0 ,
0 ,0.115 ,0 ,
0 ,0.115 ,0 ,
0 ,0.115 ,0 ,
0 ,0.115 ,0 ,
0 ,0.115 ,0 ,
0 ,0.115 ,0 ,
0 ,0.115 ,0 ,
0 ,0.115 ,0 ,
0 ,0.115 ,0 ,
0 ,0.115 ,0 ,
0 ,0.115 ,0 ,
0 ,0.115 ,0 ,
0 ,0.115 ,0 ,
0 ,0.115 ,0 ,
0 ,0.115 ,0 ,
0 ,0.115 ,0 ,
0 ,0.115 ,0 ,
0 ,0.115 ,0 ,
0 ,0.115 ,0 ,
0 ,0.115 ,0 ,
0 ,0.115 ,0 ,
0 ,0.115 ,0 ,
0 ,0.115 ,0 ,
0 ,0.115 ,0 ,
0 ,0.115 ,0 ,
0 ,0.115 ,0 ,
0 ,0.115 ,0 ,
0 ,0.115 ,0 ,
0 ,0.115 ,0 ,
0 ,0.115 ,0 ,
0 ,0.115 ,0 ,
0 ,0.115 ,0 ,
0 ,0.115 ,0 ,
0 ,0.115 ,0 ,
0 ,0.115 ,0 ,
0 ,0.115 ,0 ,
0 ,0.115 ,0 ,
0 ,0.115 ,0 ,
0 ,0.115 ,0 ,
0 ,0.115 ,0 ,
0 ,0.115 ,0 ,
0 ,0.115 ,0 ,
0 ,0.115 ,0 ,
0 ,0.115 ,0 ,
0 ,0.115 ,0 ,
0 ,0.115 ,0 ,
0 ,0.115 ,0 ,
0 ,0.115 ,0 ,
0 ,0.115 ,0 ,
0 ,0.115 ,0 ,
0 ,0.115 ,0 ,
0 ,0.115 ,0 ,
0 ,0.115 ,0 ,
0 ,0.115 ,0 ,
0 ,0.115 ,0 ,
0 ,0.115 ,0 ,
0 ,0.115 ,0 ,
0 ,0.115 ,0 ,
0 ,0.115 ,0 ,
0 ,0.115 ,0 ,
0 ,0.115 ,0 ,
0 ,0.115 ,0 ,
0 ,0.115 ,0 ,
0 ,0.115 ,0 ,
0 ,0.115 ,0 ,
0 ,0.115 ,0 ,
0 ,0.115 ,0 ,
0 ,0.115 ,0 ,
0 ,0.115 ,0 ,
0 ,0.115 ,0 ,
0 ,0.115 ,0 ,
0 ,0.115 ,0 ,
0 ,0.115 ,0 ,
0 ,0.115 ,0 ,
0 ,0.115 ,0 ,
0 ,0.115 ,0 ,
0 ,0.115 ,0 ,
0 ,0.115 ,0 ,
0 ,0.115 ,0 ,
0 ,0.115 ,0 ,
0 ,0.115 ,0 ,
0 ,0.115 ,0 ,
0 ,0.115 ,0 ,
0 ,0.115 ,0 ,
0 ,0.115 ,0 ,
0 ,0.115 ,0 ,
0 ,0.115 ,0 ,
0 ,0.115 ,0 ,
0 ,0.115 ,0 ,
0 ,0.115 ,0 ,
0 ,0.115 ,0 ,
0 ,0.115 ,0 ,
0 ,0.115 ,0 ,
0 ,0.115 ,0 ,
0 ,0.115 ,0 ,
0 ,0.115 ,0 ,
0 ,0.115 ,0 ,
0 ,0.115 ,0 ,
0 ,0.115 ,0 ,
0 ,0.115 ,0 ,
0 ,0.115 ,0 ,
0 ,0.115 ,0 ,
0 ,0.115 ,0 ,
0 ,0.115 ,0 ,
0 ,0.115 ,0 ,
0 ,0.115 ,0 ,
0 ,0.115 ,0 ,
0 ,0.115 ,0 ,
0 ,0.115 ,0 ,
0 ,0.115 ,0 ,
0 ,0.115 ,0 ,
0 ,0.115 ,0 ,
0 ,0.115 ,0 ,
0 ,0.115 ,0 ,
0 ,0.115 ,0 ,
0 ,0.115 ,0 ,
0 ,0.115 ,0 ,
0 ,0.115 ,0 ,
0 ,0.115 ,0 ,
0 ,0.115 ,0 ,
0 ,0.115 ,0 ,
0 ,0.115 ,0 ,
0 ,0.115 ,0 ,
0 ,0.115 ,0 ,
0 ,0.115 ,0 ,
0 ,0.115 ,0 ,
0 ,0.115 ,0 ,
0 ,0.115 ,0 ,
0 ,0.115 ,0 ,
0 ,0.115 ,0 ,
0 ,0.115 ,0 ,
0 ,0.115 ,0 ,
0 ,0.115 ,0 ,
0 ,0.115 ,0 ,
2.27629e-07 ,0.115 ,8.49419e-06 ,
1.80836e-06 ,0.115 ,3.36614e-05 ,
6.06065e-06 ,0.114999 ,7.5032e-05 ,
1.42654e-05 ,0.114998 ,0.000132141 ,
2.76665e-05 ,0.114996 ,0.000204527 ,
4.74709e-05 ,0.114993 ,0.000291733 ,
7.48492e-05 ,0.114989 ,0.000393309 ,
0.000110936 ,0.114983 ,0.000508805 ,
0.00015683 ,0.114976 ,0.00063778 ,
0.000213594 ,0.114968 ,0.000779793 ,
0.000282258 ,0.114957 ,0.000934411 ,
0.000363814 ,0.114945 ,0.0011012 ,
0.000459222 ,0.114931 ,0.00127975 ,
0.000569408 ,0.114914 ,0.00146962 ,
0.000695263 ,0.114895 ,0.0016704 ,
0.000837646 ,0.114873 ,0.00188168 ,
0.000997383 ,0.114849 ,0.00210305 ,
0.00117527 ,0.114822 ,0.0023341 ,
0.00137206 ,0.114793 ,0.00257445 ,
0.00158849 ,0.11476 ,0.00282369 ,
0.00182525 ,0.114724 ,0.00308143 ,
0.00208301 ,0.114685 ,0.00334729 ,
0.00236241 ,0.114643 ,0.00362089 ,
0.00266406 ,0.114597 ,0.00390184 ,
0.00298852 ,0.114548 ,0.00418979 ,
0.00333634 ,0.114496 ,0.00448434 ,
0.00370804 ,0.11444 ,0.00478516 ,
0.00410411 ,0.11438 ,0.00509186 ,
0.004525 ,0.114316 ,0.00540411 ,
0.00497115 ,0.114249 ,0.00572155 ,
0.00544296 ,0.114177 ,0.00604382 ,
0.00594079 ,0.114102 ,0.0063706 ,
0.00646501 ,0.114023 ,0.00670155 ,
0.00701593 ,0.11394 ,0.00703632 ,
0.00759384 ,0.113852 ,0.0073746 ,
0.00819901 ,0.113761 ,0.00771605 ,
0.00883169 ,0.113665 ,0.00806036 ,
0.00949209 ,0.113565 ,0.00840722 ,
0.0101804 ,0.113461 ,0.0087563 ,
0.0108968 ,0.113353 ,0.00910731 ,
0.0116414 ,0.113241 ,0.00945995 ,
0.0124143 ,0.113124 ,0.00981391 ,
0.0132157 ,0.113003 ,0.0101689 ,
0.0140456 ,0.112877 ,0.0105246 ,
0.0149041 ,0.112747 ,0.0108808 ,
0.0157911 ,0.112613 ,0.0112372 ,
0.0167067 ,0.112475 ,0.0115935 ,
0.0176508 ,0.112332 ,0.0119494 ,
0.0186235 ,0.112185 ,0.0123047 ,
0.0196247 ,0.112034 ,0.0126591 ,
0.0206542 ,0.111878 ,0.0130123 ,
0.021712 ,0.111719 ,0.0133641 ,
0.022798 ,0.111554 ,0.0137142 ,
0.0239119 ,0.111386 ,0.0140625 ,
0.0250537 ,0.111213 ,0.0144086 ,
0.0262232 ,0.111037 ,0.0147523 ,
0.0274202 ,0.110856 ,0.0150935 ,
0.0286444 ,0.110671 ,0.0154317 ,
0.0298956 ,0.110482 ,0.015767 ,
0.0311736 ,0.110289 ,0.0160989 ,
0.032478 ,0.110091 ,0.0164274 ,
0.0338087 ,0.10989 ,0.0167521 ,
0.0351652 ,0.109685 ,0.017073 ,
0.0365473 ,0.109476 ,0.0173897 ,
0.0379547 ,0.109264 ,0.0177021 ,
0.0393869 ,0.109047 ,0.0180101 ,
0.0408436 ,0.108827 ,0.0183133 ,
0.0423245 ,0.108603 ,0.0186117 ,
0.0438291 ,0.108376 ,0.0189051 ,
0.045357 ,0.108145 ,0.0191932 ,
0.0469079 ,0.107911 ,0.0194759 ,
0.0484811 ,0.107673 ,0.0197531 ,
0.0500764 ,0.107432 ,0.0200246 ,
0.0516932 ,0.107187 ,0.0202901 ,
0.0533311 ,0.10694 ,0.0205497 ,
0.0549895 ,0.106689 ,0.0208031 ,
0.0566681 ,0.106435 ,0.0210502 ,
0.0583661 ,0.106179 ,0.0212908 ,
0.0600833 ,0.105919 ,0.0215249 ,
0.0618189 ,0.105657 ,0.0217522 ,
0.0635725 ,0.105392 ,0.0219727 ,
0.0653435 ,0.105124 ,0.0221862 ,
0.0671313 ,0.104854 ,0.0223926 ,
0.0689354 ,0.104581 ,0.0225918 ,
0.0707552 ,0.104306 ,0.0227838 ,
0.0725901 ,0.104029 ,0.0229683 ,
0.0744394 ,0.10375 ,0.0231453 ,
0.0763027 ,0.103468 ,0.0233147 ,
0.0781793 ,0.103184 ,0.0234765 ,
0.0800685 ,0.102899 ,0.0236304 ,
0.0819697 ,0.102611 ,0.0237765 ,
0.0838824 ,0.102322 ,0.0239146 ,
0.0858058 ,0.102032 ,0.0240448 ,
0.0877393 ,0.10174 ,0.0241669 ,
0.0896823 ,0.101446 ,0.0242808 ,
0.0916341 ,0.101151 ,0.0243865 ,
0.0935941 ,0.100855 ,0.024484 ,
0.0955615 ,0.100557 ,0.0245732 ,
0.0975358 ,0.100259 ,0.024654 ,
0.0995162 ,0.0999596 ,0.0247264 ,
0.101502 ,0.0996595 ,0.0247904 ,
0.103493 ,0.0993586 ,0.0248459 ,
0.105487 ,0.0990571 ,0.0248929 ,
0.107486 ,0.0987551 ,0.0249315 ,
0.109487 ,0.0984527 ,0.0249614 ,
0.11149 ,0.09815 ,0.0249829 ,
0.113494 ,0.0978471 ,0.0249957 ,
0.115499 ,0.097544 ,0.025 ,
0.117504 ,0.097241 ,0.0249957 ,
0.119509 ,0.096938 ,0.0249829 ,
0.121512 ,0.0966353 ,0.0249614 ,
0.123513 ,0.0963329 ,0.0249315 ,
0.125511 ,0.0960309 ,0.0248929 ,
0.127506 ,0.0957294 ,0.0248459 ,
0.129496 ,0.0954286 ,0.0247904 ,
0.131482 ,0.0951284 ,0.0247264 ,
0.133463 ,0.0948291 ,0.024654 ,
0.135437 ,0.0945307 ,0.0245732 ,
0.137404 ,0.0942334 ,0.024484 ,
0.139364 ,0.0939372 ,0.0243865 ,
0.141316 ,0.0936422 ,0.0242808 ,
0.143259 ,0.0933485 ,0.0241669 ,
0.145192 ,0.0930563 ,0.0240448 ,
0.147116 ,0.0927656 ,0.0239146 ,
0.149029 ,0.0924765 ,0.0237765 ,
0.15093 ,0.0921892 ,0.0236304 ,
0.152819 ,0.0919037 ,0.0234765 ,
0.154696 ,0.0916201 ,0.0233147 ,
0.156559 ,0.0913385 ,0.0231453 ,
0.158408 ,0.0910589 ,0.0229683 ,
0.160243 ,0.0907816 ,0.0227838 ,
0.162063 ,0.0905066 ,0.0225918 ,
0.163867 ,0.0902339 ,0.0223926 ,
0.165655 ,0.0899637 ,0.0221862 ,
0.167426 ,0.0896961 ,0.0219727 ,
0.169179 ,0.089431 ,0.0217522 ,
0.170915 ,0.0891687 ,0.0215249 ,
0.172632 ,0.0889092 ,0.0212908 ,
0.17433 ,0.0886526 ,0.0210502 ,
0.176009 ,0.0883989 ,0.0208031 ,
0.177667 ,0.0881482 ,0.0205497 ,
0.179305 ,0.0879007 ,0.0202901 ,
0.180922 ,0.0876563 ,0.0200246 ,
0.182517 ,0.0874152 ,0.0197531 ,
0.18409 ,0.0871775 ,0.0194759 ,
0.185641 ,0.0869431 ,0.0191932 ,
0.187169 ,0.0867122 ,0.0189051 ,
0.188674 ,0.0864848 ,0.0186117 ,
0.190155 ,0.086261 ,0.0183133 ,
0.191611 ,0.0860408 ,0.0180101 ,
0.193044 ,0.0858243 ,0.0177021 ,
0.194451 ,0.0856116 ,0.0173897 ,
0.195833 ,0.0854027 ,0.017073 ,
0.19719 ,0.0851977 ,0.0167521 ,
0.19852 ,0.0849966 ,0.0164274 ,
0.199825 ,0.0847995 ,0.0160989 ,
0.201103 ,0.0846063 ,0.015767 ,
0.202354 ,0.0844172 ,0.0154317 ,
0.203578 ,0.0842322 ,0.0150935 ,
0.204775 ,0.0840513 ,0.0147523 ,
0.205945 ,0.0838745 ,0.0144086 ,
0.207086 ,0.083702 ,0.0140625 ,
0.2082 ,0.0835336 ,0.0137142 ,
0.209286 ,0.0833695 ,0.0133641 ,
0.210344 ,0.0832096 ,0.0130123 ,
0.211374 ,0.083054 ,0.0126591 ,
0.212375 ,0.0829027 ,0.0123047 ,
0.213347 ,0.0827557 ,0.0119494 ,
0.214292 ,0.082613 ,0.0115935 ,
0.215207 ,0.0824746 ,0.0112372 ,
0.216094 ,0.0823406 ,0.0108808 ,
0.216953 ,0.0822108 ,0.0105246 ,
0.217783 ,0.0820854 ,0.0101689 ,
0.218584 ,0.0819643 ,0.00981391 ,
0.219357 ,0.0818475 ,0.00945995 ,
0.220102 ,0.0817349 ,0.00910731 ,
0.220818 ,0.0816267 ,0.0087563 ,
0.221506 ,0.0815226 ,0.00840722 ,
0.222167 ,0.0814228 ,0.00806036 ,
0.222799 ,0.0813272 ,0.00771605 ,
0.223404 ,0.0812357 ,0.0073746 ,
0.223982 ,0.0811484 ,0.00703632 ,
0.224533 ,0.0810651 ,0.00670155 ,
0.225057 ,0.0809859 ,0.0063706 ,
0.225555 ,0.0809107 ,0.00604382 ,
0.226027 ,0.0808394 ,0.00572155 ,
0.226473 ,0.0807719 ,0.00540411 ,
0.226894 ,0.0807083 ,0.00509186 ,
0.22729 ,0.0806485 ,0.00478516 ,
0.227662 ,0.0805923 ,0.00448434 ,
0.22801 ,0.0805397 ,0.00418979 ,
0.228334 ,0.0804907 ,0.00390184 ,
0.228636 ,0.0804451 ,0.00362089 ,
0.228915 ,0.0804029 ,0.00334729 ,
0.229173 ,0.0803639 ,0.00308143 ,
0.22941 ,0.0803281 ,0.00282369 ,
0.229626 ,0.0802954 ,0.00257445 ,
0.229823 ,0.0802657 ,0.0023341 ,
0.230001 ,0.0802388 ,0.00210305 ,
0.230161 ,0.0802146 ,0.00188168 ,
0.230303 ,0.0801931 ,0.0016704 ,
0.230429 ,0.0801741 ,0.00146962 ,
0.230539 ,0.0801574 ,0.00127975 ,
0.230634 ,0.080143 ,0.0011012 ,
0.230716 ,0.0801307 ,0.000934411 ,
0.230785 ,0.0801203 ,0.000779793 ,
0.230841 ,0.0801117 ,0.00063778 ,
0.230887 ,0.0801048 ,0.000508805 ,
0.230923 ,0.0800994 ,0.000393309 ,
0.230951 ,0.0800952 ,0.000291733 ,
0.230971 ,0.0800922 ,0.000204527 ,
0.230984 ,0.0800902 ,0.000132141 ,
0.230992 ,0.080089 ,7.5032e-05 ,
0.230996 ,0.0800883 ,3.36614e-05 ,
0.230998 ,0.0800881 ,8.49419e-06 ,
0.230998 ,0.080088 ,1.11022e-16 ,
0.230998 ,0.080088 ,0 ,
0.230998 ,0.080088 ,0 ,
0.230998 ,0.080088 ,0 ,
0.230998 ,0.080088 ,0 ,
0.230998 ,0.080088 ,0 ,
0.230998 ,0.080088 ,0 ,
0.230998 ,0.080088 ,0 ,
0.230998 ,0.080088 ,0 ,
0.230998 ,0.080088 ,0 ,
0.230998 ,0.080088 ,0 ,
0.230998 ,0.080088 ,0 ,
0.230998 ,0.080088 ,0 ,
0.230998 ,0.080088 ,0 ,
0.230998 ,0.080088 ,0 ,
0.230998 ,0.080088 ,0 ,
0.230998 ,0.080088 ,0 ,
0.230998 ,0.080088 ,0 ,
0.230998 ,0.080088 ,0 ,
0.230998 ,0.080088 ,0 ,
0.230998 ,0.080088 ,0 ,
0.230998 ,0.080088 ,0 ,
0.230998 ,0.080088 ,0 ,
0.230998 ,0.080088 ,0 ,
0.230998 ,0.080088 ,0 ,
0.230998 ,0.080088 ,0 ,
0.230998 ,0.080088 ,0 ,
0.230998 ,0.080088 ,0 ,
0.230998 ,0.080088 ,0 ,
0.230998 ,0.080088 ,0 ,
0.230998 ,0.080088 ,0 ,
0.230998 ,0.080088 ,0 ,
0.230998 ,0.080088 ,0 ,
0.230998 ,0.080088 ,0 ,
0.230998 ,0.080088 ,0 ,
0.230998 ,0.080088 ,0 ,
0.230998 ,0.080088 ,0 ,
0.230998 ,0.080088 ,0 ,
0.230998 ,0.080088 ,0 ,
0.230998 ,0.080088 ,0 ,
0.230998 ,0.080088 ,0 ,
0.230998 ,0.080088 ,0 ,
0.230998 ,0.080088 ,0 ,
0.230998 ,0.080088 ,0 ,
0.230998 ,0.080088 ,0 ,
0.230998 ,0.080088 ,0 ,
0.230998 ,0.080088 ,0 ,
0.230998 ,0.080088 ,0 ,
0.230998 ,0.080088 ,0 ,
0.230998 ,0.080088 ,0 ,
0.230998 ,0.080088 ,0 ,
0.230998 ,0.080088 ,0 ,
0.230998 ,0.080088 ,0 ,
0.230998 ,0.080088 ,0 ,
0.230998 ,0.080088 ,0 ,
0.230998 ,0.080088 ,0 ,
0.230998 ,0.080088 ,0 ,
0.230998 ,0.080088 ,0 ,
0.230998 ,0.080088 ,0 ,
0.230998 ,0.080088 ,0 ,
0.230998 ,0.080088 ,0 ,
0.230998 ,0.080088 ,0 ,
0.230998 ,0.080088 ,0 ,
0.230998 ,0.080088 ,0 ,
0.230998 ,0.080088 ,0 ,
0.230998 ,0.080088 ,0 ,
0.230998 ,0.080088 ,0 ,
0.230998 ,0.080088 ,0 ,
0.230998 ,0.080088 ,0 ,
0.230998 ,0.080088 ,0 ,
0.230998 ,0.080088 ,0 ,
0.230998 ,0.080088 ,0 ,
0.230998 ,0.080088 ,0 ,
0.230998 ,0.080088 ,0 ,
0.230998 ,0.080088 ,0 ,
0.230998 ,0.080088 ,0 ,
0.230998 ,0.080088 ,0 ,
0.230998 ,0.080088 ,0 ,
0.230998 ,0.080088 ,0 ,
0.230998 ,0.080088 ,0 ,
0.230998 ,0.080088 ,0 ,
0.230998 ,0.080088 ,0 ,
0.230998 ,0.080088 ,0 ,
0.230998 ,0.080088 ,0 ,
0.230998 ,0.080088 ,0 ,
0.230998 ,0.080088 ,0 ,
0.230998 ,0.080088 ,0 ,
0.230998 ,0.080088 ,0 ,
0.230998 ,0.080088 ,0 ,
0.230998 ,0.080088 ,0 ,
0.230998 ,0.080088 ,0 ,
0.230998 ,0.080088 ,0 ,
0.230998 ,0.080088 ,0 ,
0.230998 ,0.080088 ,0 ,
0.230998 ,0.080088 ,0 ,
0.230998 ,0.080088 ,0 ,
0.230998 ,0.080088 ,0 ,
0.230998 ,0.080088 ,0 ,
0.230998 ,0.080088 ,0 ,
0.230998 ,0.080088 ,0 ,
0.230998 ,0.080088 ,0 ,
0.230998 ,0.080088 ,0 ,
0.230998 ,0.080088 ,0 ,
0.230998 ,0.080088 ,0 ,
0.230998 ,0.080088 ,0 ,
0.230998 ,0.080088 ,0 ,
0.230998 ,0.080088 ,0 ,
0.230998 ,0.080088 ,0 ,
0.230998 ,0.080088 ,0 ,
0.230998 ,0.080088 ,0 ,
0.230998 ,0.080088 ,0 ,
0.230998 ,0.080088 ,0 ,
0.230998 ,0.080088 ,0 ,
0.230998 ,0.080088 ,0 ,
0.230998 ,0.080088 ,0 ,
0.230998 ,0.080088 ,0 ,
0.230998 ,0.080088 ,0 ,
0.230998 ,0.080088 ,0 ,
0.230998 ,0.080088 ,0 ,
0.230998 ,0.080088 ,0 ,
0.230998 ,0.080088 ,0 ,
0.230998 ,0.080088 ,0 ,
0.230998 ,0.080088 ,0 ,
0.230998 ,0.080088 ,0 ,
0.230998 ,0.080088 ,0 ,
0.230998 ,0.080088 ,0 ,
0.230998 ,0.080088 ,0 ,
0.230998 ,0.080088 ,0 ,
0.230998 ,0.080088 ,0 ,
0.230998 ,0.080088 ,0 ,
0.230998 ,0.080088 ,0 ,
0.230998 ,0.080088 ,0 ,
0.230998 ,0.080088 ,0 ,
0.230998 ,0.080088 ,0 ,
0.230998 ,0.080088 ,0 ,
0.230998 ,0.080088 ,0 ,
0.230998 ,0.080088 ,0 ,
0.230998 ,0.080088 ,0 ,
0.230998 ,0.080088 ,0 ,
0.230998 ,0.080088 ,0 ,
0.230998 ,0.080088 ,0 ,
0.230998 ,0.080088 ,0 ,
0.230998 ,0.080088 ,0 ,
0.230998 ,0.080088 ,0 ,
0.230998 ,0.080088 ,0 ,
0.230998 ,0.080088 ,0 ,
0.230998 ,0.080088 ,0 ,
0.230998 ,0.080088 ,0 ,
0.230998 ,0.080088 ,0 ,
0.230998 ,0.080088 ,0 ,
0.230998 ,0.080088 ,0 ,
0.230998 ,0.080088 ,0 ,
0.230998 ,0.080088 ,0 ,
0.230998 ,0.080088 ,0 ,
0.230998 ,0.080088 ,0 ,
0.230998 ,0.080088 ,0 ,
0.230998 ,0.080088 ,0 ,
0.230998 ,0.080088 ,0 ,
0.230998 ,0.080088 ,0 ,
0.230998 ,0.080088 ,0 ,
0.230998 ,0.080088 ,0 ,
0.230998 ,0.080088 ,0 ,
0.230998 ,0.080088 ,0 ,
0.230998 ,0.080088 ,0 ,
0.230998 ,0.080088 ,0 ,
0.230998 ,0.080088 ,0 ,
0.230998 ,0.080088 ,0 ,
0.230998 ,0.080088 ,0 ,
0.230998 ,0.080088 ,0 ,
0.230998 ,0.080088 ,0 ,
0.230998 ,0.080088 ,0 ,
0.230998 ,0.080088 ,0 ,
0.230998 ,0.080088 ,0 ,
0.230998 ,0.080088 ,0 ,
0.230998 ,0.080088 ,0 ,
0.230998 ,0.080088 ,0 ,
0.230998 ,0.080088 ,0 ,
0.230998 ,0.080088 ,0 ,
0.230998 ,0.080088 ,0 ,
0.230998 ,0.080088 ,0 ,
0.230998 ,0.080088 ,0 ,
0.230998 ,0.080088 ,0 ,
0.230998 ,0.080088 ,0 ,
0.230998 ,0.080088 ,0 ,
0.230998 ,0.080088 ,0 ,
0.230998 ,0.080088 ,0 ,
0.230998 ,0.080088 ,0 ,
0.230998 ,0.080088 ,0 ,
0.230998 ,0.080088 ,0 ,
0.230998 ,0.080088 ,0 ,
0.230998 ,0.080088 ,0 ,
0.230998 ,0.080088 ,0 ,
0.230998 ,0.080088 ,0 ,
0.230998 ,0.080088 ,0 ,
0.230998 ,0.080088 ,0 ,
0.230998 ,0.080088 ,0 ,
0.230998 ,0.080088 ,0 ,
0.230998 ,0.080088 ,0 ,
0.230998 ,0.080088 ,0 ,
0.230998 ,0.080088 ,0 ,
0.230998 ,0.080088 ,0 ,
0.230998 ,0.080088 ,0 ,
0.230998 ,0.080088 ,0 ,
0.230998 ,0.080088 ,0 ,
0.230998 ,0.080088 ,0 ,
0.230998 ,0.080088 ,0 ,
0.230998 ,0.080088 ,0 ,
0.230998 ,0.080088 ,0 ,
0.230998 ,0.080088 ,0 ,
0.230998 ,0.080088 ,0 ,
0.230998 ,0.080088 ,0 ,
0.230998 ,0.080088 ,0 ,
0.230998 ,0.080088 ,0 ,
0.230998 ,0.080088 ,0 ,
0.230998 ,0.080088 ,0 ,
0.230998 ,0.080088 ,0 ,
0.230998 ,0.080088 ,0 ,
0.230998 ,0.080088 ,0 ,
0.230998 ,0.080088 ,0 ,
0.230998 ,0.080088 ,0 ,
0.230998 ,0.080088 ,0 ,
0.230998 ,0.080088 ,0 ,
0.230998 ,0.080088 ,0 ,
0.230998 ,0.080088 ,0 ,
0.230998 ,0.080088 ,0 ,
0.230998 ,0.080088 ,0 ,
0.230998 ,0.080088 ,0 ,
0.230998 ,0.080088 ,0 ,
0.230998 ,0.080088 ,0 ,
0.230998 ,0.080088 ,0 ,
0.230998 ,0.080088 ,0 ,
0.230998 ,0.080088 ,0 ,
0.230998 ,0.080088 ,0 ,
0.230998 ,0.080088 ,0 ,
0.230998 ,0.080088 ,0 ,
0.230998 ,0.080088 ,0 ,
0.230998 ,0.080088 ,0 ,
0.230998 ,0.080088 ,0 ,
0.230998 ,0.080088 ,0 ,
0.230998 ,0.080088 ,0 ,
0.230998 ,0.080088 ,0 ,
0.230998 ,0.080088 ,0 ,
0.230998 ,0.080088 ,0 ,
0.230998 ,0.080088 ,0 ,
0.230998 ,0.080088 ,0 ,
0.230998 ,0.080088 ,0 ,
0.230998 ,0.080088 ,0 ,
0.230998 ,0.080088 ,0 ,
0.230998 ,0.080088 ,0 ,
0.230998 ,0.080088 ,0 ,
0.230998 ,0.080088 ,0 ,
0.230998 ,0.080088 ,0 ,
0.230998 ,0.080088 ,0 ,
0.230998 ,0.080088 ,0 ,
0.230998 ,0.080088 ,0 ,
0.230998 ,0.080088 ,0 ,
0.230998 ,0.080088 ,0 ,
0.230998 ,0.080088 ,0 ,
0.230998 ,0.080088 ,0 ,
0.230998 ,0.080088 ,0 ,
0.230998 ,0.080088 ,0 ,
0.230998 ,0.080088 ,0 ,
0.230998 ,0.080088 ,0 ,
0.230998 ,0.080088 ,0 ,
0.230998 ,0.080088 ,0 ,
0.230998 ,0.080088 ,0 ,
0.230998 ,0.080088 ,0 ,
0.230998 ,0.080088 ,0 ,
0.230998 ,0.080088 ,0 ,
0.230999 ,0.0800879 ,8.49419e-06 ,
0.231 ,0.0800872 ,3.36614e-05 ,
0.231004 ,0.0800854 ,7.5032e-05 ,
0.231011 ,0.0800818 ,0.000132141 ,
0.231023 ,0.0800759 ,0.000204527 ,
0.231042 ,0.0800672 ,0.000291733 ,
0.231066 ,0.0800551 ,0.000393309 ,
0.231099 ,0.0800392 ,0.000508805 ,
0.231141 ,0.0800191 ,0.00063778 ,
0.231193 ,0.0799941 ,0.000779793 ,
0.231255 ,0.0799639 ,0.000934411 ,
0.23133 ,0.079928 ,0.0011012 ,
0.231416 ,0.079886 ,0.00127975 ,
0.231517 ,0.0798376 ,0.00146962 ,
0.231631 ,0.0797822 ,0.0016704 ,
0.231761 ,0.0797196 ,0.00188168 ,
0.231907 ,0.0796493 ,0.00210305 ,
0.232069 ,0.079571 ,0.0023341 ,
0.232248 ,0.0794845 ,0.00257445 ,
0.232445 ,0.0793893 ,0.00282369 ,
0.23266 ,0.0792851 ,0.00308143 ,
0.232895 ,0.0791717 ,0.00334729 ,
0.23315 ,0.0790488 ,0.00362089 ,
0.233424 ,0.0789161 ,0.00390184 ,
0.23372 ,0.0787734 ,0.00418979 ,
0.234037 ,0.0786204 ,0.00448434 ,
0.234375 ,0.0784569 ,0.00478516 ,
0.234736 ,0.0782826 ,0.00509186 ,
0.235119 ,0.0780975 ,0.00540411 ,
0.235525 ,0.0779012 ,0.00572155 ,
0.235955 ,0.0776937 ,0.00604382 ,
0.236408 ,0.0774747 ,0.0063706 ,
0.236886 ,0.077244 ,0.00670155 ,
0.237388 ,0.0770017 ,0.00703632 ,
0.237914 ,0.0767475 ,0.0073746 ,
0.238465 ,0.0764813 ,0.00771605 ,
0.239041 ,0.0762029 ,0.00806036 ,
0.239642 ,0.0759124 ,0.00840722 ,
0.240269 ,0.0756096 ,0.0087563 ,
0.240922 ,0.0752945 ,0.00910731 ,
0.2416 ,0.0749669 ,0.00945995 ,
0.242304 ,0.0746269 ,0.00981391 ,
0.243033 ,0.0742744 ,0.0101689 ,
0.243789 ,0.0739093 ,0.0105246 ,
0.244571 ,0.0735317 ,0.0108808 ,
0.245379 ,0.0731415 ,0.0112372 ,
0.246213 ,0.0727387 ,0.0115935 ,
0.247072 ,0.0723233 ,0.0119494 ,
0.247958 ,0.0718955 ,0.0123047 ,
0.24887 ,0.071455 ,0.0126591 ,
0.249808 ,0.0710021 ,0.0130123 ,
0.250771 ,0.0705368 ,0.0133641 ,
0.25176 ,0.0700591 ,0.0137142 ,
0.252774 ,0.0695691 ,0.0140625 ,
0.253814 ,0.0690668 ,0.0144086 ,
0.254879 ,0.0685523 ,0.0147523 ,
0.255969 ,0.0680258 ,0.0150935 ,
0.257084 ,0.0674872 ,0.0154317 ,
0.258223 ,0.0669368 ,0.015767 ,
0.259387 ,0.0663746 ,0.0160989 ,
0.260575 ,0.0658008 ,0.0164274 ,
0.261787 ,0.0652154 ,0.0167521 ,
0.263022 ,0.0646187 ,0.017073 ,
0.264281 ,0.0640107 ,0.0173897 ,
0.265563 ,0.0633916 ,0.0177021 ,
0.266867 ,0.0627615 ,0.0180101 ,
0.268193 ,0.0621207 ,0.0183133 ,
0.269542 ,0.0614693 ,0.0186117 ,
0.270912 ,0.0608074 ,0.0189051 ,
0.272304 ,0.0601352 ,0.0191932 ,
0.273716 ,0.059453 ,0.0194759 ,
0.275149 ,0.0587609 ,0.0197531 ,
0.276602 ,0.0580592 ,0.0200246 ,
0.278074 ,0.0573479 ,0.0202901 ,
0.279565 ,0.0566274 ,0.0205497 ,
0.281076 ,0.0558979 ,0.0208031 ,
0.282604 ,0.0551595 ,0.0210502 ,
0.284151 ,0.0544125 ,0.0212908 ,
0.285714 ,0.0536571 ,0.0215249 ,
0.287295 ,0.0528936 ,0.0217522 ,
0.288892 ,0.0521222 ,0.0219727 ,
0.290505 ,0.0513431 ,0.0221862 ,
0.292133 ,0.0505566 ,0.0223926 ,
0.293776 ,0.049763 ,0.0225918 ,
0.295433 ,0.0489625 ,0.0227838 ,
0.297104 ,0.0481553 ,0.0229683 ,
0.298788 ,0.0473417 ,0.0231453 ,
0.300485 ,0.0465221 ,0.0233147 ,
0.302194 ,0.0456966 ,0.0234765 ,
0.303915 ,0.0448655 ,0.0236304 ,
0.305646 ,0.0440291 ,0.0237765 ,
0.307388 ,0.0431877 ,0.0239146 ,
0.309139 ,0.0423416 ,0.0240448 ,
0.3109 ,0.041491 ,0.0241669 ,
0.31267 ,0.0406363 ,0.0242808 ,
0.314447 ,0.0397777 ,0.0243865 ,
0.316232 ,0.0389155 ,0.024484 ,
0.318024 ,0.03805 ,0.0245732 ,
0.319821 ,0.0371815 ,0.024654 ,
0.321625 ,0.0363104 ,0.0247264 ,
0.323433 ,0.0354368 ,0.0247904 ,
0.325246 ,0.0345611 ,0.0248459 ,
0.327063 ,0.0336835 ,0.0248929 ,
0.328883 ,0.0328045 ,0.0249315 ,
0.330705 ,0.0319243 ,0.0249614 ,
0.332529 ,0.0310431 ,0.0249829 ,
0.334354 ,0.0301614 ,0.0249957 ,
0.33618 ,0.0292794 ,0.025 ,
0.338006 ,0.0283973 ,0.0249957 ,
0.339832 ,0.0275156 ,0.0249829 ,
0.341656 ,0.0266344 ,0.0249614 ,
0.343478 ,0.0257542 ,0.0249315 ,
0.345298 ,0.0248752 ,0.0248929 ,
0.347114 ,0.0239977 ,0.0248459 ,
0.348927 ,0.023122 ,0.0247904 ,
0.350736 ,0.0222484 ,0.0247264 ,
0.352539 ,0.0213772 ,0.024654 ,
0.354337 ,0.0205087 ,0.0245732 ,
0.356129 ,0.0196432 ,0.024484 ,
0.357913 ,0.018781 ,0.0243865 ,
0.359691 ,0.0179224 ,0.0242808 ,
0.36146 ,0.0170677 ,0.0241669 ,
0.363221 ,0.0162171 ,0.0240448 ,
0.364973 ,0.015371 ,0.0239146 ,
0.366715 ,0.0145296 ,0.0237765 ,
0.368446 ,0.0136932 ,0.0236304 ,
0.370166 ,0.0128622 ,0.0234765 ,
0.371875 ,0.0120366 ,0.0233147 ,
0.373572 ,0.011217 ,0.0231453 ,
0.375256 ,0.0104034 ,0.0229683 ,
0.376927 ,0.00959625 ,0.0227838 ,
0.378585 ,0.00879572 ,0.0225918 ,
0.380228 ,0.00800209 ,0.0223926 ,
0.381856 ,0.00721561 ,0.0221862 ,
0.383468 ,0.00643654 ,0.0219727 ,
0.385065 ,0.00566513 ,0.0217522 ,
0.386646 ,0.00490162 ,0.0215249 ,
0.38821 ,0.00414626 ,0.0212908 ,
0.389756 ,0.00339926 ,0.0210502 ,
0.391285 ,0.00266087 ,0.0208031 ,
0.392795 ,0.00193131 ,0.0205497 ,
0.394287 ,0.0012108 ,0.0202901 ,
0.395759 ,0.000499552 ,0.0200246 ,
0.397212 ,-0.000202218 ,0.0197531 ,
0.398644 ,-0.000894308 ,0.0194759 ,
0.400057 ,-0.00157652 ,0.0191932 ,
0.401448 ,-0.00224866 ,0.0189051 ,
0.402818 ,-0.00291054 ,0.0186117 ,
0.404167 ,-0.00356199 ,0.0183133 ,
0.405494 ,-0.00420281 ,0.0180101 ,
0.406798 ,-0.00483286 ,0.0177021 ,
0.40808 ,-0.00545196 ,0.0173897 ,
0.409338 ,-0.00605996 ,0.017073 ,
0.410574 ,-0.00665671 ,0.0167521 ,
0.411785 ,-0.00724207 ,0.0164274 ,
0.412973 ,-0.0078159 ,0.0160989 ,
0.414137 ,-0.00837809 ,0.015767 ,
0.415277 ,-0.0089285 ,0.0154317 ,
0.416391 ,-0.00946704 ,0.0150935 ,
0.417481 ,-0.00999358 ,0.0147523 ,
0.418546 ,-0.010508 ,0.0144086 ,
0.419586 ,-0.0110103 ,0.0140625 ,
0.420601 ,-0.0115004 ,0.0137142 ,
0.42159 ,-0.0119781 ,0.0133641 ,
0.422553 ,-0.0124434 ,0.0130123 ,
0.423491 ,-0.0128963 ,0.0126591 ,
0.424402 ,-0.0133367 ,0.0123047 ,
0.425288 ,-0.0137646 ,0.0119494 ,
0.426148 ,-0.01418 ,0.0115935 ,
0.426982 ,-0.0145827 ,0.0112372 ,
0.427789 ,-0.0149729 ,0.0108808 ,
0.428571 ,-0.0153506 ,0.0105246 ,
0.429327 ,-0.0157157 ,0.0101689 ,
0.430057 ,-0.0160682 ,0.00981391 ,
0.430761 ,-0.0164082 ,0.00945995 ,
0.431439 ,-0.0167358 ,0.00910731 ,
0.432091 ,-0.0170509 ,0.0087563 ,
0.432718 ,-0.0173537 ,0.00840722 ,
0.433319 ,-0.0176442 ,0.00806036 ,
0.433896 ,-0.0179225 ,0.00771605 ,
0.434447 ,-0.0181887 ,0.0073746 ,
0.434973 ,-0.018443 ,0.00703632 ,
0.435475 ,-0.0186853 ,0.00670155 ,
0.435952 ,-0.0189159 ,0.0063706 ,
0.436405 ,-0.0191349 ,0.00604382 ,
0.436835 ,-0.0193425 ,0.00572155 ,
0.437241 ,-0.0195387 ,0.00540411 ,
0.437625 ,-0.0197239 ,0.00509186 ,
0.437985 ,-0.0198981 ,0.00478516 ,
0.438324 ,-0.0200616 ,0.00448434 ,
0.438641 ,-0.0202147 ,0.00418979 ,
0.438936 ,-0.0203574 ,0.00390184 ,
0.439211 ,-0.0204901 ,0.00362089 ,
0.439465 ,-0.020613 ,0.00334729 ,
0.4397 ,-0.0207264 ,0.00308143 ,
0.439916 ,-0.0208305 ,0.00282369 ,
0.440113 ,-0.0209257 ,0.00257445 ,
0.440292 ,-0.0210123 ,0.0023341 ,
0.440454 ,-0.0210906 ,0.00210305 ,
0.440599 ,-0.0211608 ,0.00188168 ,
0.440729 ,-0.0212235 ,0.0016704 ,
0.440844 ,-0.0212788 ,0.00146962 ,
0.440944 ,-0.0213273 ,0.00127975 ,
0.441031 ,-0.0213693 ,0.0011012 ,
0.441105 ,-0.0214052 ,0.000934411 ,
0.441168 ,-0.0214354 ,0.000779793 ,
0.441219 ,-0.0214603 ,0.00063778 ,
0.441261 ,-0.0214805 ,0.000508805 ,
0.441294 ,-0.0214964 ,0.000393309 ,
0.441319 ,-0.0215084 ,0.000291733 ,
0.441337 ,-0.0215171 ,0.000204527 ,
0.441349 ,-0.021523 ,0.000132141 ,
0.441357 ,-0.0215267 ,7.5032e-05 ,
0.441361 ,-0.0215285 ,3.36614e-05 ,
0.441362 ,-0.0215292 ,8.49419e-06 ,
0.441362 ,-0.0215293 ,1.11022e-16 ,
0.441362 ,-0.0215293 ,0 ,
0.441362 ,-0.0215293 ,0 ,
0.441362 ,-0.0215293 ,0 ,
0.441362 ,-0.0215293 ,0 ,
0.441362 ,-0.0215293 ,0 ,
0.441362 ,-0.0215293 ,0 ,
0.441362 ,-0.0215293 ,0 ,
0.441362 ,-0.0215293 ,0 ,
0.441362 ,-0.0215293 ,0 ,
0.441362 ,-0.0215293 ,0 ,
0.441362 ,-0.0215293 ,0 ,
0.441362 ,-0.0215293 ,0 ,
0.441362 ,-0.0215293 ,0 ,
0.441362 ,-0.0215293 ,0 ,
0.441362 ,-0.0215293 ,0 ,
0.441362 ,-0.0215293 ,0 ,
0.441362 ,-0.0215293 ,0 ,
0.441362 ,-0.0215293 ,0 ,
0.441362 ,-0.0215293 ,0 ,
0.441362 ,-0.0215293 ,0 ,
0.441362 ,-0.0215293 ,0 ,
0.441362 ,-0.0215293 ,0 ,
0.441362 ,-0.0215293 ,0 ,
0.441362 ,-0.0215293 ,0 ,
0.441362 ,-0.0215293 ,0 ,
0.441362 ,-0.0215293 ,0 ,
0.441362 ,-0.0215293 ,0 ,
0.441362 ,-0.0215293 ,0 ,
0.441362 ,-0.0215293 ,0 ,
0.441362 ,-0.0215293 ,0 ,
0.441362 ,-0.0215293 ,0 ,
0.441362 ,-0.0215293 ,0 ,
0.441362 ,-0.0215293 ,0 ,
0.441362 ,-0.0215293 ,0 ,
0.441362 ,-0.0215293 ,0 ,
0.441362 ,-0.0215293 ,0 ,
0.441362 ,-0.0215293 ,0 ,
0.441362 ,-0.0215293 ,0 ,
0.441362 ,-0.0215293 ,0 ,
0.441362 ,-0.0215293 ,0 ,
0.441362 ,-0.0215293 ,0 ,
0.441362 ,-0.0215293 ,0 ,
0.441362 ,-0.0215293 ,0 ,
0.441362 ,-0.0215293 ,0 ,
0.441362 ,-0.0215293 ,0 ,
0.441362 ,-0.0215293 ,0 ,
0.441362 ,-0.0215293 ,0 ,
0.441362 ,-0.0215293 ,0 ,
0.441362 ,-0.0215293 ,0 ,
0.441362 ,-0.0215293 ,0 ,
0.441362 ,-0.0215293 ,0 ,
0.441362 ,-0.0215293 ,0 ,
0.441362 ,-0.0215293 ,0 ,
0.441362 ,-0.0215293 ,0 ,
0.441362 ,-0.0215293 ,0 ,
0.441362 ,-0.0215293 ,0 ,
0.441362 ,-0.0215293 ,0 ,
0.441362 ,-0.0215293 ,0 ,
0.441362 ,-0.0215293 ,0 ,
0.441362 ,-0.0215293 ,0 ,
0.441362 ,-0.0215293 ,0 ,
0.441362 ,-0.0215293 ,0 ,
0.441362 ,-0.0215293 ,0 ,
0.441362 ,-0.0215293 ,0 ,
0.441362 ,-0.0215293 ,0 ,
0.441362 ,-0.0215293 ,0 ,
0.441362 ,-0.0215293 ,0 ,
0.441362 ,-0.0215293 ,0 ,
0.441362 ,-0.0215293 ,0 ,
0.441362 ,-0.0215293 ,0 ,
0.441362 ,-0.0215293 ,0 ,
0.441362 ,-0.0215293 ,0 ,
0.441362 ,-0.0215293 ,0 ,
0.441362 ,-0.0215293 ,0 ,
0.441362 ,-0.0215293 ,0 ,
0.441362 ,-0.0215293 ,0 ,
0.441362 ,-0.0215293 ,0 ,
0.441362 ,-0.0215293 ,0 ,
0.441362 ,-0.0215293 ,0 ,
0.441362 ,-0.0215293 ,0 ,
0.441362 ,-0.0215293 ,0 ,
0.441362 ,-0.0215293 ,0 ,
0.441362 ,-0.0215293 ,0 ,
0.441362 ,-0.0215293 ,0 ,
0.441362 ,-0.0215293 ,0 ,
0.441362 ,-0.0215293 ,0 ,
0.441362 ,-0.0215293 ,0 ,
0.441362 ,-0.0215293 ,0 ,
0.441362 ,-0.0215293 ,0 ,
0.441362 ,-0.0215293 ,0 ,
0.441362 ,-0.0215293 ,0 ,
0.441362 ,-0.0215293 ,0 ,
0.441362 ,-0.0215293 ,0 ,
0.441362 ,-0.0215293 ,0 ,
0.441362 ,-0.0215293 ,0 ,
0.441362 ,-0.0215293 ,0 ,
0.441362 ,-0.0215293 ,0 ,
0.441362 ,-0.0215293 ,0 ,
0.441362 ,-0.0215293 ,0 ,
0.441362 ,-0.0215293 ,0 ,
0.441362 ,-0.0215293 ,0 ,
0.441362 ,-0.0215293 ,0 ,
0.441362 ,-0.0215293 ,0 ,
0.441362 ,-0.0215293 ,0 ,
0.441362 ,-0.0215293 ,0 ,
0.441362 ,-0.0215293 ,0 ,
0.441362 ,-0.0215293 ,0 ,
0.441362 ,-0.0215293 ,0 ,
0.441362 ,-0.0215293 ,0 ,
0.441362 ,-0.0215293 ,0 ,
0.441362 ,-0.0215293 ,0 ,
0.441362 ,-0.0215293 ,0 ,
0.441362 ,-0.0215293 ,0 ,
0.441362 ,-0.0215293 ,0 ,
0.441362 ,-0.0215293 ,0 ,
0.441362 ,-0.0215293 ,0 ,
0.441362 ,-0.0215293 ,0 ,
0.441362 ,-0.0215293 ,0 ,
0.441362 ,-0.0215293 ,0 ,
0.441362 ,-0.0215293 ,0 ,
0.441362 ,-0.0215293 ,0 ,
0.441362 ,-0.0215293 ,0 ,
0.441362 ,-0.0215293 ,0 ,
0.441362 ,-0.0215293 ,0 ,
0.441362 ,-0.0215293 ,0 ,
0.441362 ,-0.0215293 ,0 ,
0.441362 ,-0.0215293 ,0 ,
0.441362 ,-0.0215293 ,0 ,
0.441362 ,-0.0215293 ,0 ,
0.441362 ,-0.0215293 ,0 ,
0.441362 ,-0.0215293 ,0 ,
0.441362 ,-0.0215293 ,0 ,
0.441362 ,-0.0215293 ,0 ,
0.441362 ,-0.0215293 ,0 ,
0.441362 ,-0.0215293 ,0 ,
0.441362 ,-0.0215293 ,0 ,
0.441362 ,-0.0215293 ,0 ,
0.441362 ,-0.0215293 ,0 ,
0.441362 ,-0.0215293 ,0 ,
0.441362 ,-0.0215293 ,0 ,
0.441362 ,-0.0215293 ,0 ,
0.441362 ,-0.0215293 ,0 ,
0.441362 ,-0.0215293 ,0 ,
0.441362 ,-0.0215293 ,0 ,
0.441362 ,-0.0215293 ,0 ,
0.441362 ,-0.0215293 ,0 ,
0.441362 ,-0.0215293 ,0 ,
0.441362 ,-0.0215293 ,0 ,
0.441362 ,-0.0215293 ,0 ,
0.441362 ,-0.0215293 ,0 ,
0.441362 ,-0.0215293 ,0 ,
0.441362 ,-0.0215293 ,0 ,
0.441362 ,-0.0215293 ,0 ,
0.441362 ,-0.0215293 ,0 ,
0.441362 ,-0.0215293 ,0 ,
0.441362 ,-0.0215293 ,0 ,
0.441362 ,-0.0215293 ,0 ,
0.441362 ,-0.0215293 ,0 ,
0.441362 ,-0.0215293 ,0 ,
0.441362 ,-0.0215293 ,0 ,
0.441362 ,-0.0215293 ,0 ,
0.441362 ,-0.0215293 ,0 ,
0.441362 ,-0.0215293 ,0 ,
0.441362 ,-0.0215293 ,0 ,
0.441362 ,-0.0215293 ,0 ,
0.441362 ,-0.0215293 ,0 ,
0.441362 ,-0.0215293 ,0 ,
0.441362 ,-0.0215293 ,0 ,
0.441362 ,-0.0215293 ,0 ,
0.441362 ,-0.0215293 ,0 ,
0.441362 ,-0.0215293 ,0 ,
0.441362 ,-0.0215293 ,0 ,
0.441362 ,-0.0215293 ,0 ,
0.441362 ,-0.0215293 ,0 ,
0.441362 ,-0.0215293 ,0 ,
0.441362 ,-0.0215293 ,0 ,
0.441362 ,-0.0215293 ,0 ,
0.441362 ,-0.0215293 ,0 ,
0.441362 ,-0.0215293 ,0 ,
0.441362 ,-0.0215293 ,0 ,
0.441362 ,-0.0215293 ,0 ,
0.441362 ,-0.0215293 ,0 ,
0.441362 ,-0.0215293 ,0 ,
0.441362 ,-0.0215293 ,0 ,
0.441362 ,-0.0215293 ,0 ,
0.441362 ,-0.0215293 ,0 ,
0.441362 ,-0.0215293 ,0 ,
0.441362 ,-0.0215293 ,0 ,
0.441362 ,-0.0215293 ,0 ,
0.441362 ,-0.0215293 ,0 ,
0.441362 ,-0.0215293 ,0 ,
0.441362 ,-0.0215293 ,0 ,
0.441362 ,-0.0215293 ,0 ,
0.441362 ,-0.0215293 ,0 ,
0.441362 ,-0.0215293 ,0 ,
0.441362 ,-0.0215293 ,0 ,
0.441362 ,-0.0215293 ,0 ,
0.441362 ,-0.0215293 ,0 ,
0.441362 ,-0.0215293 ,0 ,
0.441362 ,-0.0215293 ,0 ,
0.441362 ,-0.0215293 ,0 ,
0.441362 ,-0.0215293 ,0 ,
0.441362 ,-0.0215293 ,0 ,
0.441362 ,-0.0215293 ,0 ,
0.441362 ,-0.0215293 ,0 ,
0.441362 ,-0.0215293 ,0 ,
0.441362 ,-0.0215293 ,0 ,
0.441362 ,-0.0215293 ,0 ,
0.441362 ,-0.0215293 ,0 ,
0.441362 ,-0.0215293 ,0 ,
0.441362 ,-0.0215293 ,0 ,
0.441362 ,-0.0215293 ,0 ,
0.441362 ,-0.0215293 ,0 ,
0.441362 ,-0.0215293 ,0 ,
0.441362 ,-0.0215293 ,0 ,
0.441362 ,-0.0215293 ,0 ,
0.441362 ,-0.0215293 ,0 ,
0.441362 ,-0.0215293 ,0 ,
0.441362 ,-0.0215293 ,0 ,
0.441362 ,-0.0215293 ,0 ,
0.441362 ,-0.0215293 ,0 ,
0.441362 ,-0.0215293 ,0 ,
0.441362 ,-0.0215293 ,0 ,
0.441362 ,-0.0215293 ,0 ,
0.441362 ,-0.0215293 ,0 ,
0.441362 ,-0.0215293 ,0 ,
0.441362 ,-0.0215293 ,0 ,
0.441362 ,-0.0215293 ,0 ,
0.441362 ,-0.0215293 ,0 ,
0.441362 ,-0.0215293 ,0 ,
0.441362 ,-0.0215293 ,0 ,
0.441362 ,-0.0215293 ,0 ,
0.441362 ,-0.0215293 ,0 ,
0.441362 ,-0.0215293 ,0 ,
0.441362 ,-0.0215293 ,0 ,
0.441362 ,-0.0215293 ,0 ,
0.441362 ,-0.0215293 ,0 ,
0.441362 ,-0.0215293 ,0 ,
0.441362 ,-0.0215293 ,0 ,
0.441362 ,-0.0215293 ,0 ,
0.441362 ,-0.0215293 ,0 ,
0.441362 ,-0.0215293 ,0 ,
0.441362 ,-0.0215293 ,0 ,
0.441362 ,-0.0215293 ,0 ,
0.441362 ,-0.0215293 ,0 ,
0.441362 ,-0.0215293 ,0 ,
0.441362 ,-0.0215293 ,0 ,
0.441362 ,-0.0215293 ,0 ,
0.441362 ,-0.0215293 ,0 ,
0.441362 ,-0.0215293 ,0 ,
0.441362 ,-0.0215293 ,0 ,
0.441362 ,-0.0215293 ,0 ,
0.441362 ,-0.0215293 ,0 ,
0.441362 ,-0.0215293 ,0 ,
0.441362 ,-0.0215293 ,0 ,
0.441362 ,-0.0215293 ,0 ,
0.441362 ,-0.0215293 ,0 ,
0.441362 ,-0.0215293 ,0 ,
0.441362 ,-0.0215293 ,0 ,
0.441362 ,-0.0215293 ,0 ,
0.441362 ,-0.0215293 ,0 ,
0.441362 ,-0.0215293 ,0 ,
0.441362 ,-0.0215293 ,0 ,
0.441362 ,-0.0215293 ,0 ,
0.441362 ,-0.0215293 ,0 ,
0.441362 ,-0.0215293 ,0 ,
0.441362 ,-0.0215293 ,0 ,
0.441362 ,-0.0215293 ,0 ,
0.441362 ,-0.0215295 ,8.49419e-06 ,
0.441364 ,-0.0215306 ,3.36614e-05 ,
0.441367 ,-0.0215335 ,7.5032e-05 ,
0.441373 ,-0.0215392 ,0.000132141 ,
0.441383 ,-0.0215484 ,0.000204527 ,
0.441397 ,-0.021562 ,0.000291733 ,
0.441418 ,-0.0215809 ,0.000393309 ,
0.441444 ,-0.0216058 ,0.000508805 ,
0.441478 ,-0.0216374 ,0.00063778 ,
0.44152 ,-0.0216766 ,0.000779793 ,
0.441571 ,-0.0217239 ,0.000934411 ,
0.441631 ,-0.0217801 ,0.0011012 ,
0.441702 ,-0.0218459 ,0.00127975 ,
0.441784 ,-0.0219219 ,0.00146962 ,
0.441877 ,-0.0220086 ,0.0016704 ,
0.441982 ,-0.0221068 ,0.00188168 ,
0.4421 ,-0.0222169 ,0.00210305 ,
0.442232 ,-0.0223395 ,0.0023341 ,
0.442378 ,-0.0224752 ,0.00257445 ,
0.442538 ,-0.0226244 ,0.00282369 ,
0.442713 ,-0.0227876 ,0.00308143 ,
0.442904 ,-0.0229653 ,0.00334729 ,
0.44311 ,-0.0231579 ,0.00362089 ,
0.443334 ,-0.0233659 ,0.00390184 ,
0.443574 ,-0.0235895 ,0.00418979 ,
0.443831 ,-0.0238293 ,0.00448434 ,
0.444106 ,-0.0240856 ,0.00478516 ,
0.444399 ,-0.0243586 ,0.00509186 ,
0.444711 ,-0.0246488 ,0.00540411 ,
0.445041 ,-0.0249563 ,0.00572155 ,
0.44539 ,-0.0252816 ,0.00604382 ,
0.445758 ,-0.0256248 ,0.0063706 ,
0.446146 ,-0.0259862 ,0.00670155 ,
0.446554 ,-0.026366 ,0.00703632 ,
0.446982 ,-0.0267644 ,0.0073746 ,
0.447429 ,-0.0271816 ,0.00771605 ,
0.447898 ,-0.0276177 ,0.00806036 ,
0.448386 ,-0.028073 ,0.00840722 ,
0.448896 ,-0.0285475 ,0.0087563 ,
0.449426 ,-0.0290413 ,0.00910731 ,
0.449977 ,-0.0295547 ,0.00945995 ,
0.450549 ,-0.0300875 ,0.00981391 ,
0.451142 ,-0.03064 ,0.0101689 ,
0.451756 ,-0.0312121 ,0.0105246 ,
0.452391 ,-0.0318039 ,0.0108808 ,
0.453048 ,-0.0324154 ,0.0112372 ,
0.453725 ,-0.0330466 ,0.0115935 ,
0.454424 ,-0.0336975 ,0.0119494 ,
0.455144 ,-0.034368 ,0.0123047 ,
0.455884 ,-0.0350582 ,0.0126591 ,
0.456646 ,-0.0357679 ,0.0130123 ,
0.457429 ,-0.0364971 ,0.0133641 ,
0.458233 ,-0.0372458 ,0.0137142 ,
0.459057 ,-0.0380137 ,0.0140625 ,
0.459902 ,-0.0388009 ,0.0144086 ,
0.460767 ,-0.0396071 ,0.0147523 ,
0.461653 ,-0.0404322 ,0.0150935 ,
0.462559 ,-0.0412762 ,0.0154317 ,
0.463485 ,-0.0421387 ,0.015767 ,
0.464431 ,-0.0430197 ,0.0160989 ,
0.465396 ,-0.043919 ,0.0164274 ,
0.466381 ,-0.0448363 ,0.0167521 ,
0.467384 ,-0.0457715 ,0.017073 ,
0.468407 ,-0.0467243 ,0.0173897 ,
0.469449 ,-0.0476945 ,0.0177021 ,
0.470508 ,-0.0486819 ,0.0180101 ,
0.471586 ,-0.0496861 ,0.0183133 ,
0.472682 ,-0.050707 ,0.0186117 ,
0.473796 ,-0.0517442 ,0.0189051 ,
0.474926 ,-0.0527975 ,0.0191932 ,
0.476074 ,-0.0538666 ,0.0194759 ,
0.477238 ,-0.0549512 ,0.0197531 ,
0.478419 ,-0.056051 ,0.0200246 ,
0.479615 ,-0.0571656 ,0.0202901 ,
0.480827 ,-0.0582947 ,0.0205497 ,
0.482054 ,-0.059438 ,0.0208031 ,
0.483296 ,-0.0605951 ,0.0210502 ,
0.484553 ,-0.0617658 ,0.0212908 ,
0.485824 ,-0.0629495 ,0.0215249 ,
0.487108 ,-0.064146 ,0.0217522 ,
0.488406 ,-0.0653549 ,0.0219727 ,
0.489716 ,-0.0665758 ,0.0221862 ,
0.491039 ,-0.0678083 ,0.0223926 ,
0.492374 ,-0.069052 ,0.0225918 ,
0.493721 ,-0.0703065 ,0.0227838 ,
0.495079 ,-0.0715714 ,0.0229683 ,
0.496447 ,-0.0728464 ,0.0231453 ,
0.497826 ,-0.0741309 ,0.0233147 ,
0.499215 ,-0.0754245 ,0.0234765 ,
0.500613 ,-0.0767269 ,0.0236304 ,
0.50202 ,-0.0780376 ,0.0237765 ,
0.503435 ,-0.0793562 ,0.0239146 ,
0.504858 ,-0.0806821 ,0.0240448 ,
0.506289 ,-0.0820151 ,0.0241669 ,
0.507727 ,-0.0833545 ,0.0242808 ,
0.509171 ,-0.0847 ,0.0243865 ,
0.510622 ,-0.0860512 ,0.024484 ,
0.512078 ,-0.0874075 ,0.0245732 ,
0.513539 ,-0.0887685 ,0.024654 ,
0.515004 ,-0.0901338 ,0.0247264 ,
0.516474 ,-0.0915028 ,0.0247904 ,
0.517947 ,-0.0928751 ,0.0248459 ,
0.519423 ,-0.0942503 ,0.0248929 ,
0.520901 ,-0.0956278 ,0.0249315 ,
0.522382 ,-0.0970072 ,0.0249614 ,
0.523864 ,-0.0983881 ,0.0249829 ,
0.525348 ,-0.0997698 ,0.0249957 ,
0.526831 ,-0.101152 ,0.025 ,
0.528315 ,-0.102534 ,0.0249957 ,
0.529798 ,-0.103916 ,0.0249829 ,
0.531281 ,-0.105297 ,0.0249614 ,
0.532761 ,-0.106676 ,0.0249315 ,
0.53424 ,-0.108054 ,0.0248929 ,
0.535716 ,-0.109429 ,0.0248459 ,
0.537189 ,-0.110801 ,0.0247904 ,
0.538659 ,-0.11217 ,0.0247264 ,
0.540124 ,-0.113536 ,0.024654 ,
0.541585 ,-0.114897 ,0.0245732 ,
0.543041 ,-0.116253 ,0.024484 ,
0.544491 ,-0.117604 ,0.0243865 ,
0.545936 ,-0.11895 ,0.0242808 ,
0.547374 ,-0.120289 ,0.0241669 ,
0.548804 ,-0.121622 ,0.0240448 ,
0.550228 ,-0.122948 ,0.0239146 ,
0.551643 ,-0.124267 ,0.0237765 ,
0.55305 ,-0.125577 ,0.0236304 ,
0.554448 ,-0.12688 ,0.0234765 ,
0.555837 ,-0.128173 ,0.0233147 ,
0.557215 ,-0.129458 ,0.0231453 ,
0.558584 ,-0.130733 ,0.0229683 ,
0.559942 ,-0.131998 ,0.0227838 ,
0.561288 ,-0.133252 ,0.0225918 ,
0.562623 ,-0.134496 ,0.0223926 ,
0.563946 ,-0.135728 ,0.0221862 ,
0.565257 ,-0.136949 ,0.0219727 ,
0.566555 ,-0.138158 ,0.0217522 ,
0.567839 ,-0.139355 ,0.0215249 ,
0.56911 ,-0.140538 ,0.0212908 ,
0.570366 ,-0.141709 ,0.0210502 ,
0.571608 ,-0.142866 ,0.0208031 ,
0.572836 ,-0.14401 ,0.0205497 ,
0.574048 ,-0.145139 ,0.0202901 ,
0.575244 ,-0.146253 ,0.0200246 ,
0.576425 ,-0.147353 ,0.0197531 ,
0.577589 ,-0.148438 ,0.0194759 ,
0.578736 ,-0.149507 ,0.0191932 ,
0.579867 ,-0.15056 ,0.0189051 ,
0.58098 ,-0.151597 ,0.0186117 ,
0.582076 ,-0.152618 ,0.0183133 ,
0.583154 ,-0.153622 ,0.0180101 ,
0.584214 ,-0.15461 ,0.0177021 ,
0.585256 ,-0.15558 ,0.0173897 ,
0.586278 ,-0.156533 ,0.017073 ,
0.587282 ,-0.157468 ,0.0167521 ,
0.588267 ,-0.158385 ,0.0164274 ,
0.589232 ,-0.159284 ,0.0160989 ,
0.590178 ,-0.160165 ,0.015767 ,
0.591104 ,-0.161028 ,0.0154317 ,
0.59201 ,-0.161872 ,0.0150935 ,
0.592895 ,-0.162697 ,0.0147523 ,
0.593761 ,-0.163503 ,0.0144086 ,
0.594606 ,-0.16429 ,0.0140625 ,
0.59543 ,-0.165058 ,0.0137142 ,
0.596234 ,-0.165807 ,0.0133641 ,
0.597016 ,-0.166536 ,0.0130123 ,
0.597778 ,-0.167246 ,0.0126591 ,
0.598519 ,-0.167936 ,0.0123047 ,
0.599239 ,-0.168607 ,0.0119494 ,
0.599938 ,-0.169258 ,0.0115935 ,
0.600615 ,-0.169889 ,0.0112372 ,
0.601272 ,-0.1705 ,0.0108808 ,
0.601907 ,-0.171092 ,0.0105246 ,
0.602521 ,-0.171664 ,0.0101689 ,
0.603114 ,-0.172217 ,0.00981391 ,
0.603686 ,-0.17275 ,0.00945995 ,
0.604237 ,-0.173263 ,0.00910731 ,
0.604767 ,-0.173757 ,0.0087563 ,
0.605276 ,-0.174231 ,0.00840722 ,
0.605765 ,-0.174687 ,0.00806036 ,
0.606233 ,-0.175123 ,0.00771605 ,
0.606681 ,-0.17554 ,0.0073746 ,
0.607109 ,-0.175938 ,0.00703632 ,
0.607516 ,-0.176318 ,0.00670155 ,
0.607904 ,-0.176679 ,0.0063706 ,
0.608273 ,-0.177023 ,0.00604382 ,
0.608622 ,-0.177348 ,0.00572155 ,
0.608952 ,-0.177655 ,0.00540411 ,
0.609263 ,-0.177946 ,0.00509186 ,
0.609557 ,-0.178219 ,0.00478516 ,
0.609832 ,-0.178475 ,0.00448434 ,
0.610089 ,-0.178715 ,0.00418979 ,
0.610329 ,-0.178938 ,0.00390184 ,
0.610552 ,-0.179146 ,0.00362089 ,
0.610759 ,-0.179339 ,0.00334729 ,
0.61095 ,-0.179517 ,0.00308143 ,
0.611125 ,-0.17968 ,0.00282369 ,
0.611285 ,-0.179829 ,0.00257445 ,
0.611431 ,-0.179965 ,0.0023341 ,
0.611562 ,-0.180087 ,0.00210305 ,
0.611681 ,-0.180197 ,0.00188168 ,
0.611786 ,-0.180296 ,0.0016704 ,
0.611879 ,-0.180382 ,0.00146962 ,
0.611961 ,-0.180458 ,0.00127975 ,
0.612031 ,-0.180524 ,0.0011012 ,
0.612092 ,-0.18058 ,0.000934411 ,
0.612142 ,-0.180628 ,0.000779793 ,
0.612184 ,-0.180667 ,0.00063778 ,
0.612218 ,-0.180698 ,0.000508805 ,
0.612245 ,-0.180723 ,0.000393309 ,
0.612265 ,-0.180742 ,0.000291733 ,
0.61228 ,-0.180756 ,0.000204527 ,
0.61229 ,-0.180765 ,0.000132141 ,
0.612296 ,-0.180771 ,7.5032e-05 ,
0.612299 ,-0.180774 ,3.36614e-05 ,
0.6123 ,-0.180775 ,8.49419e-06 ,
0.612301 ,-0.180775 ,1.11022e-16 ,
0.612301 ,-0.180775 ,0 ,
0.612301 ,-0.180775 ,0 ,
0.612301 ,-0.180775 ,0 ,
0.612301 ,-0.180775 ,0 ,
0.612301 ,-0.180775 ,0 ,
0.612301 ,-0.180775 ,0 ,
0.612301 ,-0.180775 ,0 ,
0.612301 ,-0.180775 ,0 ,
0.612301 ,-0.180775 ,0 ,
0.612301 ,-0.180775 ,0 ,
0.612301 ,-0.180775 ,0 ,
0.612301 ,-0.180775 ,0 ,
0.612301 ,-0.180775 ,0 ,
0.612301 ,-0.180775 ,0 ,
0.612301 ,-0.180775 ,0 ,
0.612301 ,-0.180775 ,0 ,
0.612301 ,-0.180775 ,0 ,
0.612301 ,-0.180775 ,0 ,
0.612301 ,-0.180775 ,0 ,
0.612301 ,-0.180775 ,0 ,
0.612301 ,-0.180775 ,0 ,
0.612301 ,-0.180775 ,0 ,
0.612301 ,-0.180775 ,0 ,
0.612301 ,-0.180775 ,0 ,
0.612301 ,-0.180775 ,0 ,
0.612301 ,-0.180775 ,0 ,
0.612301 ,-0.180775 ,0 ,
0.612301 ,-0.180775 ,0 ,
0.612301 ,-0.180775 ,0 ,
0.612301 ,-0.180775 ,0 ,
0.612301 ,-0.180775 ,0 ,
0.612301 ,-0.180775 ,0 ,
0.612301 ,-0.180775 ,0 ,
0.612301 ,-0.180775 ,0 ,
0.612301 ,-0.180775 ,0 ,
0.612301 ,-0.180775 ,0 ,
0.612301 ,-0.180775 ,0 ,
0.612301 ,-0.180775 ,0 ,
0.612301 ,-0.180775 ,0 ,
0.612301 ,-0.180775 ,0 ,
0.612301 ,-0.180775 ,0 ,
0.612301 ,-0.180775 ,0 ,
0.612301 ,-0.180775 ,0 ,
0.612301 ,-0.180775 ,0 ,
0.612301 ,-0.180775 ,0 ,
0.612301 ,-0.180775 ,0 ,
0.612301 ,-0.180775 ,0 ,
0.612301 ,-0.180775 ,0 ,
0.612301 ,-0.180775 ,0 ,
0.612301 ,-0.180775 ,0 ,
0.612301 ,-0.180775 ,0 ,
0.612301 ,-0.180775 ,0 ,
0.612301 ,-0.180775 ,0 ,
0.612301 ,-0.180775 ,0 ,
0.612301 ,-0.180775 ,0 ,
0.612301 ,-0.180775 ,0 ,
0.612301 ,-0.180775 ,0 ,
0.612301 ,-0.180775 ,0 ,
0.612301 ,-0.180775 ,0 ,
0.612301 ,-0.180775 ,0 ,
0.612301 ,-0.180775 ,0 ,
0.612301 ,-0.180775 ,0 ,
0.612301 ,-0.180775 ,0 ,
0.612301 ,-0.180775 ,0 ,
0.612301 ,-0.180775 ,0 ,
0.612301 ,-0.180775 ,0 ,
0.612301 ,-0.180775 ,0 ,
0.612301 ,-0.180775 ,0 ,
0.612301 ,-0.180775 ,0 ,
0.612301 ,-0.180775 ,0 ,
0.612301 ,-0.180775 ,0 ,
0.612301 ,-0.180775 ,0 ,
0.612301 ,-0.180775 ,0 ,
0.612301 ,-0.180775 ,0 ,
0.612301 ,-0.180775 ,0 ,
0.612301 ,-0.180775 ,0 ,
0.612301 ,-0.180775 ,0 ,
0.612301 ,-0.180775 ,0 ,
0.612301 ,-0.180775 ,0 ,
0.612301 ,-0.180775 ,0 ,
0.612301 ,-0.180775 ,0 ,
0.612301 ,-0.180775 ,0 ,
0.612301 ,-0.180775 ,0 ,
0.612301 ,-0.180775 ,0 ,
0.612301 ,-0.180775 ,0 ,
0.612301 ,-0.180775 ,0 ,
0.612301 ,-0.180775 ,0 ,
0.612301 ,-0.180775 ,0 ,
0.612301 ,-0.180775 ,0 ,
0.612301 ,-0.180775 ,0 ,
0.612301 ,-0.180775 ,0 ,
0.612301 ,-0.180775 ,0 ,
0.612301 ,-0.180775 ,0 ,
0.612301 ,-0.180775 ,0 ,
0.612301 ,-0.180775 ,0 ,
0.612301 ,-0.180775 ,0 ,
0.612301 ,-0.180775 ,0 ,
0.612301 ,-0.180775 ,0 ,
0.612301 ,-0.180775 ,0 ,
0.612301 ,-0.180775 ,0 ,
0.612301 ,-0.180775 ,0 ,
0.612301 ,-0.180775 ,0 ,
0.612301 ,-0.180775 ,0 ,
0.612301 ,-0.180775 ,0 ,
0.612301 ,-0.180775 ,0 ,
0.612301 ,-0.180775 ,0 ,
0.612301 ,-0.180775 ,0 ,
0.612301 ,-0.180775 ,0 ,
0.612301 ,-0.180775 ,0 ,
0.612301 ,-0.180775 ,0 ,
0.612301 ,-0.180775 ,0 ,
0.612301 ,-0.180775 ,0 ,
0.612301 ,-0.180775 ,0 ,
0.612301 ,-0.180775 ,0 ,
0.612301 ,-0.180775 ,0 ,
0.612301 ,-0.180775 ,0 ,
0.612301 ,-0.180775 ,0 ,
0.612301 ,-0.180775 ,0 ,
0.612301 ,-0.180775 ,0 ,
0.612301 ,-0.180775 ,0 ,
0.612301 ,-0.180775 ,0 ,
0.612301 ,-0.180775 ,0 ,
0.612301 ,-0.180775 ,0 ,
0.612301 ,-0.180775 ,0 ,
0.612301 ,-0.180775 ,0 ,
0.612301 ,-0.180775 ,0 ,
0.612301 ,-0.180775 ,0 ,
0.612301 ,-0.180775 ,0 ,
0.612301 ,-0.180775 ,0 ,
0.612301 ,-0.180775 ,0 ,
0.612301 ,-0.180775 ,0 ,
0.612301 ,-0.180775 ,0 ,
0.612301 ,-0.180775 ,0 ,
0.612301 ,-0.180775 ,0 ,
0.612301 ,-0.180775 ,0 ,
0.612301 ,-0.180775 ,0 ,
0.612301 ,-0.180775 ,0 ,
0.612301 ,-0.180775 ,0 ,
0.612301 ,-0.180775 ,0 ,
0.612301 ,-0.180775 ,0 ,
0.612301 ,-0.180775 ,0 ,
0.612301 ,-0.180775 ,0 ,
0.612301 ,-0.180775 ,0 ,
0.612301 ,-0.180775 ,0 ,
0.612301 ,-0.180775 ,0 ,
0.612301 ,-0.180775 ,0 ,
0.612301 ,-0.180775 ,0 ,
0.612301 ,-0.180775 ,0 ,
0.612301 ,-0.180775 ,0 ,
0.612301 ,-0.180775 ,0 ,
0.612301 ,-0.180775 ,0 ,
0.612301 ,-0.180775 ,0 ,
0.612301 ,-0.180775 ,0 ,
0.612301 ,-0.180775 ,0 ,
0.612301 ,-0.180775 ,0 ,
0.612301 ,-0.180775 ,0 ,
0.612301 ,-0.180775 ,0 ,
0.612301 ,-0.180775 ,0 ,
0.612301 ,-0.180775 ,0 ,
0.612301 ,-0.180775 ,0 ,
0.612301 ,-0.180775 ,0 ,
0.612301 ,-0.180775 ,0 ,
0.612301 ,-0.180775 ,0 ,
0.612301 ,-0.180775 ,0 ,
0.612301 ,-0.180775 ,0 ,
0.612301 ,-0.180775 ,0 ,
0.612301 ,-0.180775 ,0 ,
0.612301 ,-0.180775 ,0 ,
0.612301 ,-0.180775 ,0 ,
0.612301 ,-0.180775 ,0 ,
0.612301 ,-0.180775 ,0 ,
0.612301 ,-0.180775 ,0 ,
0.612301 ,-0.180775 ,0 ,
0.612301 ,-0.180775 ,0 ,
0.612301 ,-0.180775 ,0 ,
0.612301 ,-0.180775 ,0 ,
0.612301 ,-0.180775 ,0 ,
0.612301 ,-0.180775 ,0 ,
0.612301 ,-0.180775 ,0 ,
0.612301 ,-0.180775 ,0 ,
0.612301 ,-0.180775 ,0 ,
0.612301 ,-0.180775 ,0 ,
0.612301 ,-0.180775 ,0 ,
0.612301 ,-0.180775 ,0 ,
0.612301 ,-0.180775 ,0 ,
0.612301 ,-0.180775 ,0 ,
0.612301 ,-0.180775 ,0 ,
0.612301 ,-0.180775 ,0 ,
0.612301 ,-0.180775 ,0 ,
0.612301 ,-0.180775 ,0 ,
0.612301 ,-0.180775 ,0 ,
0.612301 ,-0.180775 ,0 ,
0.612301 ,-0.180775 ,0 ,
0.612301 ,-0.180775 ,0 ,
0.612301 ,-0.180775 ,0 ,
0.612301 ,-0.180775 ,0 ,
0.612301 ,-0.180775 ,0 ,
0.612301 ,-0.180775 ,0 ,
0.612301 ,-0.180775 ,0 ,
0.612301 ,-0.180775 ,0 ,
0.612301 ,-0.180775 ,0 ,
0.612301 ,-0.180775 ,0 ,
0.612301 ,-0.180775 ,0 ,
0.612301 ,-0.180775 ,0 ,
0.612301 ,-0.180775 ,0 ,
0.612301 ,-0.180775 ,0 ,
0.612301 ,-0.180775 ,0 ,
0.612301 ,-0.180775 ,0 ,
0.612301 ,-0.180775 ,0 ,
0.612301 ,-0.180775 ,0 ,
0.612301 ,-0.180775 ,0 ,
0.612301 ,-0.180775 ,0 ,
0.612301 ,-0.180775 ,0 ,
0.612301 ,-0.180775 ,0 ,
0.612301 ,-0.180775 ,0 ,
0.612301 ,-0.180775 ,0 ,
0.612301 ,-0.180775 ,0 ,
0.612301 ,-0.180775 ,0 ,
0.612301 ,-0.180775 ,0 ,
0.612301 ,-0.180775 ,0 ,
0.612301 ,-0.180775 ,0 ,
0.612301 ,-0.180775 ,0 ,
0.612301 ,-0.180775 ,0 ,
0.612301 ,-0.180775 ,0 ,
0.612301 ,-0.180775 ,0 ,
0.612301 ,-0.180775 ,0 ,
0.612301 ,-0.180775 ,0 ,
0.612301 ,-0.180775 ,0 ,
0.612301 ,-0.180775 ,0 ,
0.612301 ,-0.180775 ,0 ,
0.612301 ,-0.180775 ,0 ,
0.612301 ,-0.180775 ,0 ,
0.612301 ,-0.180775 ,0 ,
0.612301 ,-0.180775 ,0 ,
0.612301 ,-0.180775 ,0 ,
0.612301 ,-0.180775 ,0 ,
0.612301 ,-0.180775 ,0 ,
0.612301 ,-0.180775 ,0 ,
0.612301 ,-0.180775 ,0 ,
0.612301 ,-0.180775 ,0 ,
0.612301 ,-0.180775 ,0 ,
0.612301 ,-0.180775 ,0 ,
0.612301 ,-0.180775 ,0 ,
0.612301 ,-0.180775 ,0 ,
0.612301 ,-0.180775 ,0 ,
0.612301 ,-0.180775 ,0 ,
0.612301 ,-0.180775 ,0 ,
0.612301 ,-0.180775 ,0 ,
0.612301 ,-0.180775 ,0 ,
0.612301 ,-0.180775 ,0 ,
0.612301 ,-0.180775 ,0 ,
0.612301 ,-0.180775 ,0 ,
0.612301 ,-0.180775 ,0 ,
0.612301 ,-0.180775 ,0 ,
0.612301 ,-0.180775 ,0 ,
0.612301 ,-0.180775 ,0 ,
0.612301 ,-0.180775 ,0 ,
0.612301 ,-0.180775 ,0 ,
0.612301 ,-0.180775 ,0 ,
0.612301 ,-0.180775 ,0 ,
0.612301 ,-0.180775 ,0 ,
0.612301 ,-0.180775 ,0 ,
0.612301 ,-0.180775 ,0 ,
0.612301 ,-0.180775 ,0 ,
0.612301 ,-0.180775 ,0 ,
0.612301 ,-0.180775 ,0 ,
0.612301 ,-0.180775 ,0 ,
0.612301 ,-0.180775 ,0 ,
0.612301 ,-0.180775 ,8.49419e-06 ,
0.612301 ,-0.180776 ,3.36614e-05 ,
0.612304 ,-0.18078 ,7.5032e-05 ,
0.612308 ,-0.180787 ,0.000132141 ,
0.612314 ,-0.180799 ,0.000204527 ,
0.612324 ,-0.180817 ,0.000291733 ,
0.612338 ,-0.180841 ,0.000393309 ,
0.612356 ,-0.180872 ,0.000508805 ,
0.612379 ,-0.180912 ,0.00063778 ,
0.612408 ,-0.180962 ,0.000779793 ,
0.612443 ,-0.181023 ,0.000934411 ,
0.612484 ,-0.181094 ,0.0011012 ,
0.612532 ,-0.181178 ,0.00127975 ,
0.612587 ,-0.181274 ,0.00146962 ,
0.61265 ,-0.181385 ,0.0016704 ,
0.612722 ,-0.18151 ,0.00188168 ,
0.612802 ,-0.18165 ,0.00210305 ,
0.612892 ,-0.181806 ,0.0023341 ,
0.612991 ,-0.181979 ,0.00257445 ,
0.6131 ,-0.182168 ,0.00282369 ,
0.613219 ,-0.182376 ,0.00308143 ,
0.613349 ,-0.182602 ,0.00334729 ,
0.613489 ,-0.182847 ,0.00362089 ,
0.613641 ,-0.183112 ,0.00390184 ,
0.613804 ,-0.183397 ,0.00418979 ,
0.613979 ,-0.183702 ,0.00448434 ,
0.614166 ,-0.184028 ,0.00478516 ,
0.614366 ,-0.184375 ,0.00509186 ,
0.614578 ,-0.184745 ,0.00540411 ,
0.614802 ,-0.185136 ,0.00572155 ,
0.61504 ,-0.18555 ,0.00604382 ,
0.61529 ,-0.185987 ,0.0063706 ,
0.615554 ,-0.186446 ,0.00670155 ,
0.615831 ,-0.18693 ,0.00703632 ,
0.616122 ,-0.187437 ,0.0073746 ,
0.616426 ,-0.187968 ,0.00771605 ,
0.616745 ,-0.188523 ,0.00806036 ,
0.617077 ,-0.189102 ,0.00840722 ,
0.617424 ,-0.189706 ,0.0087563 ,
0.617784 ,-0.190334 ,0.00910731 ,
0.618159 ,-0.190988 ,0.00945995 ,
0.618548 ,-0.191666 ,0.00981391 ,
0.618951 ,-0.192369 ,0.0101689 ,
0.619369 ,-0.193097 ,0.0105246 ,
0.619801 ,-0.19385 ,0.0108808 ,
0.620247 ,-0.194628 ,0.0112372 ,
0.620708 ,-0.195431 ,0.0115935 ,
0.621183 ,-0.19626 ,0.0119494 ,
0.621672 ,-0.197113 ,0.0123047 ,
0.622176 ,-0.197991 ,0.0126591 ,
0.622694 ,-0.198894 ,0.0130123 ,
0.623226 ,-0.199822 ,0.0133641 ,
0.623773 ,-0.200775 ,0.0137142 ,
0.624334 ,-0.201752 ,0.0140625 ,
0.624908 ,-0.202754 ,0.0144086 ,
0.625497 ,-0.20378 ,0.0147523 ,
0.626099 ,-0.20483 ,0.0150935 ,
0.626715 ,-0.205904 ,0.0154317 ,
0.627345 ,-0.207002 ,0.015767 ,
0.627988 ,-0.208123 ,0.0160989 ,
0.628644 ,-0.209267 ,0.0164274 ,
0.629314 ,-0.210434 ,0.0167521 ,
0.629996 ,-0.211624 ,0.017073 ,
0.630692 ,-0.212837 ,0.0173897 ,
0.6314 ,-0.214072 ,0.0177021 ,
0.632121 ,-0.215328 ,0.0180101 ,
0.632854 ,-0.216606 ,0.0183133 ,
0.633599 ,-0.217905 ,0.0186117 ,
0.634356 ,-0.219225 ,0.0189051 ,
0.635125 ,-0.220565 ,0.0191932 ,
0.635906 ,-0.221926 ,0.0194759 ,
0.636697 ,-0.223306 ,0.0197531 ,
0.6375 ,-0.224706 ,0.0200246 ,
0.638314 ,-0.226124 ,0.0202901 ,
0.639138 ,-0.227561 ,0.0205497 ,
0.639972 ,-0.229016 ,0.0208031 ,
0.640817 ,-0.230488 ,0.0210502 ,
0.641672 ,-0.231978 ,0.0212908 ,
0.642536 ,-0.233484 ,0.0215249 ,
0.643409 ,-0.235007 ,0.0217522 ,
0.644292 ,-0.236545 ,0.0219727 ,
0.645183 ,-0.238099 ,0.0221862 ,
0.646082 ,-0.239667 ,0.0223926 ,
0.64699 ,-0.24125 ,0.0225918 ,
0.647906 ,-0.242847 ,0.0227838 ,
0.648829 ,-0.244456 ,0.0229683 ,
0.64976 ,-0.246079 ,0.0231453 ,
0.650698 ,-0.247713 ,0.0233147 ,
0.651642 ,-0.24936 ,0.0234765 ,
0.652593 ,-0.251017 ,0.0236304 ,
0.653549 ,-0.252685 ,0.0237765 ,
0.654512 ,-0.254363 ,0.0239146 ,
0.65548 ,-0.25605 ,0.0240448 ,
0.656453 ,-0.257746 ,0.0241669 ,
0.657431 ,-0.259451 ,0.0242808 ,
0.658413 ,-0.261163 ,0.0243865 ,
0.659399 ,-0.262883 ,0.024484 ,
0.660389 ,-0.264609 ,0.0245732 ,
0.661383 ,-0.266341 ,0.024654 ,
0.662379 ,-0.268078 ,0.0247264 ,
0.663379 ,-0.26982 ,0.0247904 ,
0.66438 ,-0.271566 ,0.0248459 ,
0.665384 ,-0.273316 ,0.0248929 ,
0.66639 ,-0.275069 ,0.0249315 ,
0.667397 ,-0.276825 ,0.0249614 ,
0.668405 ,-0.278582 ,0.0249829 ,
0.669413 ,-0.28034 ,0.0249957 ,
0.670422 ,-0.282099 ,0.025 ,
0.671431 ,-0.283858 ,0.0249957 ,
0.67244 ,-0.285617 ,0.0249829 ,
0.673448 ,-0.287374 ,0.0249614 ,
0.674455 ,-0.289129 ,0.0249315 ,
0.67546 ,-0.290882 ,0.0248929 ,
0.676464 ,-0.292632 ,0.0248459 ,
0.677466 ,-0.294379 ,0.0247904 ,
0.678465 ,-0.296121 ,0.0247264 ,
0.679462 ,-0.297858 ,0.024654 ,
0.680455 ,-0.29959 ,0.0245732 ,
0.681445 ,-0.301316 ,0.024484 ,
0.682432 ,-0.303035 ,0.0243865 ,
0.683414 ,-0.304748 ,0.0242808 ,
0.684392 ,-0.306452 ,0.0241669 ,
0.685365 ,-0.308148 ,0.0240448 ,
0.686332 ,-0.309836 ,0.0239146 ,
0.687295 ,-0.311514 ,0.0237765 ,
0.688252 ,-0.313182 ,0.0236304 ,
0.689202 ,-0.314839 ,0.0234765 ,
0.690147 ,-0.316485 ,0.0233147 ,
0.691084 ,-0.31812 ,0.0231453 ,
0.692015 ,-0.319742 ,0.0229683 ,
0.692938 ,-0.321352 ,0.0227838 ,
0.693854 ,-0.322948 ,0.0225918 ,
0.694762 ,-0.324531 ,0.0223926 ,
0.695662 ,-0.3261 ,0.0221862 ,
0.696553 ,-0.327653 ,0.0219727 ,
0.697435 ,-0.329192 ,0.0217522 ,
0.698309 ,-0.330714 ,0.0215249 ,
0.699173 ,-0.332221 ,0.0212908 ,
0.700027 ,-0.33371 ,0.0210502 ,
0.700872 ,-0.335183 ,0.0208031 ,
0.701707 ,-0.336638 ,0.0205497 ,
0.702531 ,-0.338075 ,0.0202901 ,
0.703344 ,-0.339493 ,0.0200246 ,
0.704147 ,-0.340892 ,0.0197531 ,
0.704939 ,-0.342273 ,0.0194759 ,
0.705719 ,-0.343633 ,0.0191932 ,
0.706488 ,-0.344974 ,0.0189051 ,
0.707245 ,-0.346294 ,0.0186117 ,
0.70799 ,-0.347593 ,0.0183133 ,
0.708724 ,-0.348871 ,0.0180101 ,
0.709444 ,-0.350127 ,0.0177021 ,
0.710152 ,-0.351362 ,0.0173897 ,
0.710848 ,-0.352574 ,0.017073 ,
0.711531 ,-0.353764 ,0.0167521 ,
0.7122 ,-0.354932 ,0.0164274 ,
0.712857 ,-0.356076 ,0.0160989 ,
0.7135 ,-0.357197 ,0.015767 ,
0.714129 ,-0.358295 ,0.0154317 ,
0.714745 ,-0.359369 ,0.0150935 ,
0.715348 ,-0.360419 ,0.0147523 ,
0.715936 ,-0.361445 ,0.0144086 ,
0.716511 ,-0.362446 ,0.0140625 ,
0.717071 ,-0.363424 ,0.0137142 ,
0.717618 ,-0.364376 ,0.0133641 ,
0.71815 ,-0.365304 ,0.0130123 ,
0.718668 ,-0.366207 ,0.0126591 ,
0.719172 ,-0.367086 ,0.0123047 ,
0.719662 ,-0.367939 ,0.0119494 ,
0.720137 ,-0.368767 ,0.0115935 ,
0.720597 ,-0.369571 ,0.0112372 ,
0.721044 ,-0.370349 ,0.0108808 ,
0.721476 ,-0.371102 ,0.0105246 ,
0.721893 ,-0.37183 ,0.0101689 ,
0.722297 ,-0.372533 ,0.00981391 ,
0.722686 ,-0.373211 ,0.00945995 ,
0.72306 ,-0.373864 ,0.00910731 ,
0.723421 ,-0.374493 ,0.0087563 ,
0.723767 ,-0.375097 ,0.00840722 ,
0.7241 ,-0.375676 ,0.00806036 ,
0.724418 ,-0.376231 ,0.00771605 ,
0.724722 ,-0.376762 ,0.0073746 ,
0.725013 ,-0.377269 ,0.00703632 ,
0.725291 ,-0.377752 ,0.00670155 ,
0.725554 ,-0.378212 ,0.0063706 ,
0.725805 ,-0.378649 ,0.00604382 ,
0.726042 ,-0.379063 ,0.00572155 ,
0.726267 ,-0.379454 ,0.00540411 ,
0.726479 ,-0.379823 ,0.00509186 ,
0.726678 ,-0.380171 ,0.00478516 ,
0.726865 ,-0.380497 ,0.00448434 ,
0.72704 ,-0.380802 ,0.00418979 ,
0.727203 ,-0.381087 ,0.00390184 ,
0.727355 ,-0.381351 ,0.00362089 ,
0.727496 ,-0.381596 ,0.00334729 ,
0.727625 ,-0.381822 ,0.00308143 ,
0.727744 ,-0.38203 ,0.00282369 ,
0.727853 ,-0.38222 ,0.00257445 ,
0.727952 ,-0.382393 ,0.0023341 ,
0.728042 ,-0.382549 ,0.00210305 ,
0.728122 ,-0.382689 ,0.00188168 ,
0.728194 ,-0.382814 ,0.0016704 ,
0.728257 ,-0.382924 ,0.00146962 ,
0.728313 ,-0.383021 ,0.00127975 ,
0.728361 ,-0.383105 ,0.0011012 ,
0.728402 ,-0.383176 ,0.000934411 ,
0.728436 ,-0.383236 ,0.000779793 ,
0.728465 ,-0.383286 ,0.00063778 ,
0.728488 ,-0.383326 ,0.000508805 ,
0.728506 ,-0.383358 ,0.000393309 ,
0.72852 ,-0.383382 ,0.000291733 ,
0.72853 ,-0.383399 ,0.000204527 ,
0.728537 ,-0.383411 ,0.000132141 ,
0.728541 ,-0.383418 ,7.5032e-05 ,
0.728543 ,-0.383422 ,3.36614e-05 ,
0.728544 ,-0.383424 ,8.49419e-06 ,
0.728544 ,-0.383424 ,1.11022e-16 ,
0.728544 ,-0.383424 ,0 ,
0.728544 ,-0.383424 ,0 ,
0.728544 ,-0.383424 ,0 ,
0.728544 ,-0.383424 ,0 ,
0.728544 ,-0.383424 ,0 ,
0.728544 ,-0.383424 ,0 ,
0.728544 ,-0.383424 ,0 ,
0.728544 ,-0.383424 ,0 ,
0.728544 ,-0.383424 ,0 ,
0.728544 ,-0.383424 ,0 ,
0.728544 ,-0.383424 ,0 ,
0.728544 ,-0.383424 ,0 ,
0.728544 ,-0.383424 ,0 ,
0.728544 ,-0.383424 ,0 ,
0.728544 ,-0.383424 ,0 ,
0.728544 ,-0.383424 ,0 ,
0.728544 ,-0.383424 ,0 ,
0.728544 ,-0.383424 ,0 ,
0.728544 ,-0.383424 ,0 ,
0.728544 ,-0.383424 ,0 ,
0.728544 ,-0.383424 ,0 ,
0.728544 ,-0.383424 ,0 ,
0.728544 ,-0.383424 ,0 ,
0.728544 ,-0.383424 ,0 ,
0.728544 ,-0.383424 ,0 ,
0.728544 ,-0.383424 ,0 ,
0.728544 ,-0.383424 ,0 ,
0.728544 ,-0.383424 ,0 ,
0.728544 ,-0.383424 ,0 ,
0.728544 ,-0.383424 ,0 ,
0.728544 ,-0.383424 ,0 ,
0.728544 ,-0.383424 ,0 ,
0.728544 ,-0.383424 ,0 ,
0.728544 ,-0.383424 ,0 ,
0.728544 ,-0.383424 ,0 ,
0.728544 ,-0.383424 ,0 ,
0.728544 ,-0.383424 ,0 ,
0.728544 ,-0.383424 ,0 ,
0.728544 ,-0.383424 ,0 ,
0.728544 ,-0.383424 ,0 ,
0.728544 ,-0.383424 ,0 ,
0.728544 ,-0.383424 ,0 ,
0.728544 ,-0.383424 ,0 ,
0.728544 ,-0.383424 ,0 ,
0.728544 ,-0.383424 ,0 ,
0.728544 ,-0.383424 ,0 ,
0.728544 ,-0.383424 ,0 ,
0.728544 ,-0.383424 ,0 ,
0.728544 ,-0.383424 ,0 ,
0.728544 ,-0.383424 ,0 ,
0.728544 ,-0.383424 ,0 ,
0.728544 ,-0.383424 ,0 ,
0.728544 ,-0.383424 ,0 ,
0.728544 ,-0.383424 ,0 ,
0.728544 ,-0.383424 ,0 ,
0.728544 ,-0.383424 ,0 ,
0.728544 ,-0.383424 ,0 ,
0.728544 ,-0.383424 ,0 ,
0.728544 ,-0.383424 ,0 ,
0.728544 ,-0.383424 ,0 ,
0.728544 ,-0.383424 ,0 ,
0.728544 ,-0.383424 ,0 ,
0.728544 ,-0.383424 ,0 ,
0.728544 ,-0.383424 ,0 ,
0.728544 ,-0.383424 ,0 ,
0.728544 ,-0.383424 ,0 ,
0.728544 ,-0.383424 ,0 ,
0.728544 ,-0.383424 ,0 ,
0.728544 ,-0.383424 ,0 ,
0.728544 ,-0.383424 ,0 ,
0.728544 ,-0.383424 ,0 ,
0.728544 ,-0.383424 ,0 ,
0.728544 ,-0.383424 ,0 ,
0.728544 ,-0.383424 ,0 ,
0.728544 ,-0.383424 ,0 ,
0.728544 ,-0.383424 ,0 ,
0.728544 ,-0.383424 ,0 ,
0.728544 ,-0.383424 ,0 ,
0.728544 ,-0.383424 ,0 ,
0.728544 ,-0.383424 ,0 ,
0.728544 ,-0.383424 ,0 ,
0.728544 ,-0.383424 ,0 ,
0.728544 ,-0.383424 ,0 ,
0.728544 ,-0.383424 ,0 ,
0.728544 ,-0.383424 ,0 ,
0.728544 ,-0.383424 ,0 ,
0.728544 ,-0.383424 ,0 ,
0.728544 ,-0.383424 ,0 ,
0.728544 ,-0.383424 ,0 ,
0.728544 ,-0.383424 ,0 ,
0.728544 ,-0.383424 ,0 ,
0.728544 ,-0.383424 ,0 ,
0.728544 ,-0.383424 ,0 ,
0.728544 ,-0.383424 ,0 ,
0.728544 ,-0.383424 ,0 ,
0.728544 ,-0.383424 ,0 ,
0.728544 ,-0.383424 ,0 ,
0.728544 ,-0.383424 ,0 ,
0.728544 ,-0.383424 ,0 ,
0.728544 ,-0.383424 ,0 ,
0.728544 ,-0.383424 ,0 ,
0.728544 ,-0.383424 ,0 ,
0.728544 ,-0.383424 ,0 ,
0.728544 ,-0.383424 ,0 ,
0.728544 ,-0.383424 ,0 ,
0.728544 ,-0.383424 ,0 ,
0.728544 ,-0.383424 ,0 ,
0.728544 ,-0.383424 ,0 ,
0.728544 ,-0.383424 ,0 ,
0.728544 ,-0.383424 ,0 ,
0.728544 ,-0.383424 ,0 ,
0.728544 ,-0.383424 ,0 ,
0.728544 ,-0.383424 ,0 ,
0.728544 ,-0.383424 ,0 ,
0.728544 ,-0.383424 ,0 ,
0.728544 ,-0.383424 ,0 ,
0.728544 ,-0.383424 ,0 ,
0.728544 ,-0.383424 ,0 ,
0.728544 ,-0.383424 ,0 ,
0.728544 ,-0.383424 ,0 ,
0.728544 ,-0.383424 ,0 ,
0.728544 ,-0.383424 ,0 ,
0.728544 ,-0.383424 ,0 ,
0.728544 ,-0.383424 ,0 ,
0.728544 ,-0.383424 ,0 ,
0.728544 ,-0.383424 ,0 ,
0.728544 ,-0.383424 ,0 ,
0.728544 ,-0.383424 ,0 ,
0.728544 ,-0.383424 ,0 ,
0.728544 ,-0.383424 ,0 ,
0.728544 ,-0.383424 ,0 ,
0.728544 ,-0.383424 ,0 ,
0.728544 ,-0.383424 ,0 ,
0.728544 ,-0.383424 ,0 ,
0.728544 ,-0.383424 ,0 ,
0.728544 ,-0.383424 ,0 ,
0.728544 ,-0.383424 ,0 ,
0.728544 ,-0.383424 ,0 ,
0.728544 ,-0.383424 ,0 ,
0.728544 ,-0.383424 ,0 ,
0.728544 ,-0.383424 ,0 ,
0.728544 ,-0.383424 ,0 ,
0.728544 ,-0.383424 ,0 ,
0.728544 ,-0.383424 ,0 ,
0.728544 ,-0.383424 ,0 ,
0.728544 ,-0.383424 ,0 ,
0.728544 ,-0.383424 ,0 ,
0.728544 ,-0.383424 ,0 ,
0.728544 ,-0.383424 ,0 ,
0.728544 ,-0.383424 ,0 ,
0.728544 ,-0.383424 ,0 ,
0.728544 ,-0.383424 ,0 ,
0.728544 ,-0.383424 ,0 ,
0.728544 ,-0.383424 ,0 ,
0.728544 ,-0.383424 ,0 ,
0.728544 ,-0.383424 ,0 ,
0.728544 ,-0.383424 ,0 ,
0.728544 ,-0.383424 ,0 ,
0.728544 ,-0.383424 ,0 ,
0.728544 ,-0.383424 ,0 ,
0.728544 ,-0.383424 ,0 ,
0.728544 ,-0.383424 ,0 ,
0.728544 ,-0.383424 ,0 ,
0.728544 ,-0.383424 ,0 ,
0.728544 ,-0.383424 ,0 ,
0.728544 ,-0.383424 ,0 ,
0.728544 ,-0.383424 ,0 ,
0.728544 ,-0.383424 ,0 ,
0.728544 ,-0.383424 ,0 ,
0.728544 ,-0.383424 ,0 ,
0.728544 ,-0.383424 ,0 ,
0.728544 ,-0.383424 ,0 ,
0.728544 ,-0.383424 ,0 ,
0.728544 ,-0.383424 ,0 ,
0.728544 ,-0.383424 ,0 ,
0.728544 ,-0.383424 ,0 ,
0.728544 ,-0.383424 ,0 ,
0.728544 ,-0.383424 ,0 ,
0.728544 ,-0.383424 ,0 ,
0.728544 ,-0.383424 ,0 ,
0.728544 ,-0.383424 ,0 ,
0.728544 ,-0.383424 ,0 ,
0.728544 ,-0.383424 ,0 ,
0.728544 ,-0.383424 ,0 ,
0.728544 ,-0.383424 ,0 ,
0.728544 ,-0.383424 ,0 ,
0.728544 ,-0.383424 ,0 ,
0.728544 ,-0.383424 ,0 ,
0.728544 ,-0.383424 ,0 ,
0.728544 ,-0.383424 ,0 ,
0.728544 ,-0.383424 ,0 ,
0.728544 ,-0.383424 ,0 ,
0.728544 ,-0.383424 ,0 ,
0.728544 ,-0.383424 ,0 ,
0.728544 ,-0.383424 ,0 ,
0.728544 ,-0.383424 ,0 ,
0.728544 ,-0.383424 ,0 ,
0.728544 ,-0.383424 ,0 ,
0.728544 ,-0.383424 ,0 ,
0.728544 ,-0.383424 ,0 ,
0.728544 ,-0.383424 ,0 ,
0.728544 ,-0.383424 ,0 ,
0.728544 ,-0.383424 ,0 ,
0.728544 ,-0.383424 ,0 ,
0.728544 ,-0.383424 ,0 ,
0.728544 ,-0.383424 ,0 ,
0.728544 ,-0.383424 ,0 ,
0.728544 ,-0.383424 ,0 ,
0.728544 ,-0.383424 ,0 ,
0.728544 ,-0.383424 ,0 ,
0.728544 ,-0.383424 ,0 ,
0.728544 ,-0.383424 ,0 ,
0.728544 ,-0.383424 ,0 ,
0.728544 ,-0.383424 ,0 ,
0.728544 ,-0.383424 ,0 ,
0.728544 ,-0.383424 ,0 ,
0.728544 ,-0.383424 ,0 ,
0.728544 ,-0.383424 ,0 ,
0.728544 ,-0.383424 ,0 ,
0.728544 ,-0.383424 ,0 ,
0.728544 ,-0.383424 ,0 ,
0.728544 ,-0.383424 ,0 ,
0.728544 ,-0.383424 ,0 ,
0.728544 ,-0.383424 ,0 ,
0.728544 ,-0.383424 ,0 ,
0.728544 ,-0.383424 ,0 ,
0.728544 ,-0.383424 ,0 ,
0.728544 ,-0.383424 ,0 ,
0.728544 ,-0.383424 ,0 ,
0.728544 ,-0.383424 ,0 ,
0.728544 ,-0.383424 ,0 ,
0.728544 ,-0.383424 ,0 ,
0.728544 ,-0.383424 ,0 ,
0.728544 ,-0.383424 ,0 ,
0.728544 ,-0.383424 ,0 ,
0.728544 ,-0.383424 ,0 ,
0.728544 ,-0.383424 ,0 ,
0.728544 ,-0.383424 ,0 ,
0.728544 ,-0.383424 ,0 ,
0.728544 ,-0.383424 ,0 ,
0.728544 ,-0.383424 ,0 ,
0.728544 ,-0.383424 ,0 ,
0.728544 ,-0.383424 ,0 ,
0.728544 ,-0.383424 ,0 ,
0.728544 ,-0.383424 ,0 ,
0.728544 ,-0.383424 ,0 ,
0.728544 ,-0.383424 ,0 ,
0.728544 ,-0.383424 ,0 ,
0.728544 ,-0.383424 ,0 ,
0.728544 ,-0.383424 ,0 ,
0.728544 ,-0.383424 ,0 ,
0.728544 ,-0.383424 ,0 ,
0.728544 ,-0.383424 ,0 ,
0.728544 ,-0.383424 ,0 ,
0.728544 ,-0.383424 ,0 ,
0.728544 ,-0.383424 ,0 ,
0.728544 ,-0.383424 ,0 ,
0.728544 ,-0.383424 ,0 ,
0.728544 ,-0.383424 ,0 ,
0.728544 ,-0.383424 ,0 ,
0.728544 ,-0.383424 ,0 ,
0.728544 ,-0.383424 ,0 ,
0.728544 ,-0.383424 ,0 ,
0.728544 ,-0.383424 ,0 ,
0.728544 ,-0.383424 ,0 ,
0.728544 ,-0.383424 ,0 ,
0.728544 ,-0.383424 ,0 ,
0.728544 ,-0.383424 ,0 ,
0.728544 ,-0.383424 ,8.49419e-06 ,
0.728544 ,-0.383425 ,3.36614e-05 ,
0.728545 ,-0.383427 ,7.5032e-05 ,
0.728546 ,-0.383431 ,0.000132141 ,
0.728548 ,-0.383437 ,0.000204527 ,
0.728551 ,-0.383447 ,0.000291733 ,
0.728555 ,-0.38346 ,0.000393309 ,
0.72856 ,-0.383478 ,0.000508805 ,
0.728567 ,-0.3835 ,0.00063778 ,
0.728575 ,-0.383527 ,0.000779793 ,
0.728586 ,-0.383561 ,0.000934411 ,
0.728598 ,-0.3836 ,0.0011012 ,
0.728612 ,-0.383646 ,0.00127975 ,
0.728628 ,-0.3837 ,0.00146962 ,
0.728647 ,-0.383761 ,0.0016704 ,
0.728668 ,-0.38383 ,0.00188168 ,
0.728691 ,-0.383908 ,0.00210305 ,
0.728718 ,-0.383994 ,0.0023341 ,
0.728747 ,-0.384089 ,0.00257445 ,
0.728779 ,-0.384194 ,0.00282369 ,
0.728814 ,-0.384309 ,0.00308143 ,
0.728852 ,-0.384434 ,0.00334729 ,
0.728893 ,-0.38457 ,0.00362089 ,
0.728938 ,-0.384716 ,0.00390184 ,
0.728986 ,-0.384873 ,0.00418979 ,
0.729037 ,-0.385042 ,0.00448434 ,
0.729092 ,-0.385222 ,0.00478516 ,
0.729151 ,-0.385415 ,0.00509186 ,
0.729213 ,-0.385619 ,0.00540411 ,
0.729279 ,-0.385835 ,0.00572155 ,
0.729348 ,-0.386064 ,0.00604382 ,
0.729422 ,-0.386305 ,0.0063706 ,
0.7295 ,-0.38656 ,0.00670155 ,
0.729581 ,-0.386827 ,0.00703632 ,
0.729666 ,-0.387107 ,0.0073746 ,
0.729756 ,-0.387401 ,0.00771605 ,
0.729849 ,-0.387708 ,0.00806036 ,
0.729947 ,-0.388028 ,0.00840722 ,
0.730049 ,-0.388362 ,0.0087563 ,
0.730155 ,-0.38871 ,0.00910731 ,
0.730265 ,-0.389071 ,0.00945995 ,
0.730379 ,-0.389446 ,0.00981391 ,
0.730497 ,-0.389834 ,0.0101689 ,
0.73062 ,-0.390237 ,0.0105246 ,
0.730747 ,-0.390653 ,0.0108808 ,
0.730878 ,-0.391084 ,0.0112372 ,
0.731013 ,-0.391528 ,0.0115935 ,
0.731153 ,-0.391986 ,0.0119494 ,
0.731297 ,-0.392458 ,0.0123047 ,
0.731445 ,-0.392943 ,0.0126591 ,
0.731597 ,-0.393443 ,0.0130123 ,
0.731753 ,-0.393956 ,0.0133641 ,
0.731914 ,-0.394483 ,0.0137142 ,
0.732079 ,-0.395023 ,0.0140625 ,
0.732247 ,-0.395577 ,0.0144086 ,
0.73242 ,-0.396144 ,0.0147523 ,
0.732597 ,-0.396725 ,0.0150935 ,
0.732778 ,-0.397319 ,0.0154317 ,
0.732963 ,-0.397925 ,0.015767 ,
0.733152 ,-0.398545 ,0.0160989 ,
0.733345 ,-0.399178 ,0.0164274 ,
0.733542 ,-0.399824 ,0.0167521 ,
0.733742 ,-0.400482 ,0.017073 ,
0.733946 ,-0.401152 ,0.0173897 ,
0.734154 ,-0.401835 ,0.0177021 ,
0.734366 ,-0.40253 ,0.0180101 ,
0.734581 ,-0.403236 ,0.0183133 ,
0.7348 ,-0.403954 ,0.0186117 ,
0.735023 ,-0.404684 ,0.0189051 ,
0.735249 ,-0.405426 ,0.0191932 ,
0.735478 ,-0.406178 ,0.0194759 ,
0.73571 ,-0.406941 ,0.0197531 ,
0.735946 ,-0.407715 ,0.0200246 ,
0.736185 ,-0.408499 ,0.0202901 ,
0.736427 ,-0.409294 ,0.0205497 ,
0.736673 ,-0.410098 ,0.0208031 ,
0.736921 ,-0.410912 ,0.0210502 ,
0.737172 ,-0.411736 ,0.0212908 ,
0.737425 ,-0.412569 ,0.0215249 ,
0.737682 ,-0.413411 ,0.0217522 ,
0.737941 ,-0.414261 ,0.0219727 ,
0.738203 ,-0.415121 ,0.0221862 ,
0.738467 ,-0.415988 ,0.0223926 ,
0.738734 ,-0.416863 ,0.0225918 ,
0.739003 ,-0.417746 ,0.0227838 ,
0.739274 ,-0.418636 ,0.0229683 ,
0.739548 ,-0.419533 ,0.0231453 ,
0.739823 ,-0.420437 ,0.0233147 ,
0.7401 ,-0.421347 ,0.0234765 ,
0.74038 ,-0.422263 ,0.0236304 ,
0.740661 ,-0.423186 ,0.0237765 ,
0.740943 ,-0.424113 ,0.0239146 ,
0.741228 ,-0.425046 ,0.0240448 ,
0.741514 ,-0.425984 ,0.0241669 ,
0.741801 ,-0.426927 ,0.0242808 ,
0.742089 ,-0.427874 ,0.0243865 ,
0.742379 ,-0.428824 ,0.024484 ,
0.74267 ,-0.429779 ,0.0245732 ,
0.742962 ,-0.430736 ,0.024654 ,
0.743255 ,-0.431697 ,0.0247264 ,
0.743548 ,-0.43266 ,0.0247904 ,
0.743842 ,-0.433626 ,0.0248459 ,
0.744137 ,-0.434594 ,0.0248929 ,
0.744433 ,-0.435563 ,0.0249315 ,
0.744728 ,-0.436534 ,0.0249614 ,
0.745024 ,-0.437505 ,0.0249829 ,
0.745321 ,-0.438477 ,0.0249957 ,
0.745617 ,-0.43945 ,0.025 ,
0.745914 ,-0.440423 ,0.0249957 ,
0.74621 ,-0.441395 ,0.0249829 ,
0.746506 ,-0.442367 ,0.0249614 ,
0.746802 ,-0.443337 ,0.0249315 ,
0.747097 ,-0.444307 ,0.0248929 ,
0.747392 ,-0.445274 ,0.0248459 ,
0.747686 ,-0.44624 ,0.0247904 ,
0.74798 ,-0.447203 ,0.0247264 ,
0.748273 ,-0.448164 ,0.024654 ,
0.748564 ,-0.449121 ,0.0245732 ,
0.748855 ,-0.450076 ,0.024484 ,
0.749145 ,-0.451027 ,0.0243865 ,
0.749433 ,-0.451973 ,0.0242808 ,
0.749721 ,-0.452916 ,0.0241669 ,
0.750006 ,-0.453854 ,0.0240448 ,
0.750291 ,-0.454787 ,0.0239146 ,
0.750574 ,-0.455715 ,0.0237765 ,
0.750855 ,-0.456637 ,0.0236304 ,
0.751134 ,-0.457553 ,0.0234765 ,
0.751411 ,-0.458463 ,0.0233147 ,
0.751687 ,-0.459367 ,0.0231453 ,
0.75196 ,-0.460264 ,0.0229683 ,
0.752231 ,-0.461155 ,0.0227838 ,
0.7525 ,-0.462037 ,0.0225918 ,
0.752767 ,-0.462912 ,0.0223926 ,
0.753031 ,-0.46378 ,0.0221862 ,
0.753293 ,-0.464639 ,0.0219727 ,
0.753552 ,-0.465489 ,0.0217522 ,
0.753809 ,-0.466331 ,0.0215249 ,
0.754063 ,-0.467164 ,0.0212908 ,
0.754314 ,-0.467988 ,0.0210502 ,
0.754562 ,-0.468802 ,0.0208031 ,
0.754807 ,-0.469607 ,0.0205497 ,
0.755049 ,-0.470401 ,0.0202901 ,
0.755288 ,-0.471185 ,0.0200246 ,
0.755524 ,-0.471959 ,0.0197531 ,
0.755756 ,-0.472722 ,0.0194759 ,
0.755986 ,-0.473475 ,0.0191932 ,
0.756212 ,-0.474216 ,0.0189051 ,
0.756434 ,-0.474946 ,0.0186117 ,
0.756653 ,-0.475664 ,0.0183133 ,
0.756868 ,-0.476371 ,0.0180101 ,
0.75708 ,-0.477065 ,0.0177021 ,
0.757288 ,-0.477748 ,0.0173897 ,
0.757492 ,-0.478418 ,0.017073 ,
0.757693 ,-0.479077 ,0.0167521 ,
0.757889 ,-0.479722 ,0.0164274 ,
0.758082 ,-0.480355 ,0.0160989 ,
0.758271 ,-0.480975 ,0.015767 ,
0.758456 ,-0.481582 ,0.0154317 ,
0.758637 ,-0.482175 ,0.0150935 ,
0.758814 ,-0.482756 ,0.0147523 ,
0.758987 ,-0.483323 ,0.0144086 ,
0.759156 ,-0.483877 ,0.0140625 ,
0.75932 ,-0.484418 ,0.0137142 ,
0.759481 ,-0.484944 ,0.0133641 ,
0.759637 ,-0.485457 ,0.0130123 ,
0.759789 ,-0.485957 ,0.0126591 ,
0.759937 ,-0.486443 ,0.0123047 ,
0.760081 ,-0.486914 ,0.0119494 ,
0.760221 ,-0.487372 ,0.0115935 ,
0.760356 ,-0.487817 ,0.0112372 ,
0.760487 ,-0.488247 ,0.0108808 ,
0.760614 ,-0.488663 ,0.0105246 ,
0.760737 ,-0.489066 ,0.0101689 ,
0.760855 ,-0.489454 ,0.00981391 ,
0.76097 ,-0.489829 ,0.00945995 ,
0.76108 ,-0.490191 ,0.00910731 ,
0.761186 ,-0.490538 ,0.0087563 ,
0.761287 ,-0.490872 ,0.00840722 ,
0.761385 ,-0.491192 ,0.00806036 ,
0.761478 ,-0.491499 ,0.00771605 ,
0.761568 ,-0.491793 ,0.0073746 ,
0.761653 ,-0.492073 ,0.00703632 ,
0.761735 ,-0.49234 ,0.00670155 ,
0.761812 ,-0.492595 ,0.0063706 ,
0.761886 ,-0.492836 ,0.00604382 ,
0.761956 ,-0.493065 ,0.00572155 ,
0.762022 ,-0.493281 ,0.00540411 ,
0.762084 ,-0.493486 ,0.00509186 ,
0.762142 ,-0.493678 ,0.00478516 ,
0.762197 ,-0.493858 ,0.00448434 ,
0.762249 ,-0.494027 ,0.00418979 ,
0.762297 ,-0.494184 ,0.00390184 ,
0.762341 ,-0.49433 ,0.00362089 ,
0.762383 ,-0.494466 ,0.00334729 ,
0.762421 ,-0.494591 ,0.00308143 ,
0.762456 ,-0.494706 ,0.00282369 ,
0.762488 ,-0.494811 ,0.00257445 ,
0.762517 ,-0.494906 ,0.0023341 ,
0.762543 ,-0.494993 ,0.00210305 ,
0.762567 ,-0.49507 ,0.00188168 ,
0.762588 ,-0.495139 ,0.0016704 ,
0.762606 ,-0.4952 ,0.00146962 ,
0.762623 ,-0.495254 ,0.00127975 ,
0.762637 ,-0.4953 ,0.0011012 ,
0.762649 ,-0.49534 ,0.000934411 ,
0.762659 ,-0.495373 ,0.000779793 ,
0.762667 ,-0.4954 ,0.00063778 ,
0.762674 ,-0.495423 ,0.000508805 ,
0.762679 ,-0.49544 ,0.000393309 ,
0.762683 ,-0.495453 ,0.000291733 ,
0.762686 ,-0.495463 ,0.000204527 ,
0.762688 ,-0.49547 ,0.000132141 ,
0.76269 ,-0.495474 ,7.5032e-05 ,
0.76269 ,-0.495476 ,3.36614e-05 ,
0.76269 ,-0.495476 ,8.49419e-06 ,
0.76269 ,-0.495476 ,1.11022e-16 ,
0.76269 ,-0.495476 ,0 ,
0.76269 ,-0.495476 ,0 ,
0.76269 ,-0.495476 ,0 ,
0.76269 ,-0.495476 ,0 ,
0.76269 ,-0.495476 ,0 ,
0.76269 ,-0.495476 ,0 ,
0.76269 ,-0.495476 ,0 ,
0.76269 ,-0.495476 ,0 ,
0.76269 ,-0.495476 ,0 ,
0.76269 ,-0.495476 ,0 ,
0.76269 ,-0.495476 ,0 ,
0.76269 ,-0.495476 ,0 ,
0.76269 ,-0.495476 ,0 ,
0.76269 ,-0.495476 ,0 ,
0.76269 ,-0.495476 ,0 ,
0.76269 ,-0.495476 ,0 ,
0.76269 ,-0.495476 ,0 ,
0.76269 ,-0.495476 ,0 ,
0.76269 ,-0.495476 ,0 ,
0.76269 ,-0.495476 ,0 ,
0.76269 ,-0.495476 ,0 ,
0.76269 ,-0.495476 ,0 ,
0.76269 ,-0.495476 ,0 ,
0.76269 ,-0.495476 ,0 ,
0.76269 ,-0.495476 ,0 ,
0.76269 ,-0.495476 ,0 ,
0.76269 ,-0.495476 ,0 ,
0.76269 ,-0.495476 ,0 ,
0.76269 ,-0.495476 ,0 ,
0.76269 ,-0.495476 ,0 ,
0.76269 ,-0.495476 ,0 ,
0.76269 ,-0.495476 ,0 ,
0.76269 ,-0.495476 ,0 ,
0.76269 ,-0.495476 ,0 ,
0.76269 ,-0.495476 ,0 ,
0.76269 ,-0.495476 ,0 ,
0.76269 ,-0.495476 ,0 ,
0.76269 ,-0.495476 ,0 ,
0.76269 ,-0.495476 ,0 ,
0.76269 ,-0.495476 ,0 ,
0.76269 ,-0.495476 ,0 ,
0.76269 ,-0.495476 ,0 ,
0.76269 ,-0.495476 ,0 ,
0.76269 ,-0.495476 ,0 ,
0.76269 ,-0.495476 ,0 ,
0.76269 ,-0.495476 ,0 ,
0.76269 ,-0.495476 ,0 ,
0.76269 ,-0.495476 ,0 ,
0.76269 ,-0.495476 ,0 ,
0.76269 ,-0.495476 ,0 ,
0.76269 ,-0.495476 ,0 ,
0.76269 ,-0.495476 ,0 ,
0.76269 ,-0.495476 ,0 ,
0.76269 ,-0.495476 ,0 ,
0.76269 ,-0.495476 ,0 ,
0.76269 ,-0.495476 ,0 ,
0.76269 ,-0.495476 ,0 ,
0.76269 ,-0.495476 ,0 ,
0.76269 ,-0.495476 ,0 ,
0.76269 ,-0.495476 ,0 ,
0.76269 ,-0.495476 ,0 ,
0.76269 ,-0.495476 ,0 ,
0.76269 ,-0.495476 ,0 ,
0.76269 ,-0.495476 ,0 ,
0.76269 ,-0.495476 ,0 ,
0.76269 ,-0.495476 ,0 ,
0.76269 ,-0.495476 ,0 ,
0.76269 ,-0.495476 ,0 ,
0.76269 ,-0.495476 ,0 ,
0.76269 ,-0.495476 ,0 ,
0.76269 ,-0.495476 ,0 ,
0.76269 ,-0.495476 ,0 ,
0.76269 ,-0.495476 ,0 ,
0.76269 ,-0.495476 ,0 ,
0.76269 ,-0.495476 ,0 ,
0.76269 ,-0.495476 ,0 ,
0.76269 ,-0.495476 ,0 ,
0.76269 ,-0.495476 ,0 ,
0.76269 ,-0.495476 ,0 ,
0.76269 ,-0.495476 ,0 ,
0.76269 ,-0.495476 ,0 ,
0.76269 ,-0.495476 ,0 ,
0.76269 ,-0.495476 ,0 ,
0.76269 ,-0.495476 ,0 ,
0.76269 ,-0.495476 ,0 ,
0.76269 ,-0.495476 ,0 ,
0.76269 ,-0.495476 ,0 ,
0.76269 ,-0.495476 ,0 ,
0.76269 ,-0.495476 ,0 ,
0.76269 ,-0.495476 ,0 ,
0.76269 ,-0.495476 ,0 ,
0.76269 ,-0.495476 ,0 ,
0.76269 ,-0.495476 ,0 ,
0.76269 ,-0.495476 ,0 ,
0.76269 ,-0.495476 ,0 ,
0.76269 ,-0.495476 ,0 ,
0.76269 ,-0.495476 ,0 ,
0.76269 ,-0.495476 ,0 ,
0.76269 ,-0.495476 ,0 ,
0.76269 ,-0.495476 ,0 ,
0.76269 ,-0.495476 ,0 ,
0.76269 ,-0.495476 ,0 ,
0.76269 ,-0.495476 ,0 ,
0.76269 ,-0.495476 ,0 ,
0.76269 ,-0.495476 ,0 ,
0.76269 ,-0.495476 ,0 ,
0.76269 ,-0.495476 ,0 ,
0.76269 ,-0.495476 ,0 ,
0.76269 ,-0.495476 ,0 ,
0.76269 ,-0.495476 ,0 ,
0.76269 ,-0.495476 ,0 ,
0.76269 ,-0.495476 ,0 ,
0.76269 ,-0.495476 ,0 ,
0.76269 ,-0.495476 ,0 ,
0.76269 ,-0.495476 ,0 ,
0.76269 ,-0.495476 ,0 ,
0.76269 ,-0.495476 ,0 ,
0.76269 ,-0.495476 ,0 ,
0.76269 ,-0.495476 ,0 ,
0.76269 ,-0.495476 ,0 ,
0.76269 ,-0.495476 ,0 ,
0.76269 ,-0.495476 ,0 ,
0.76269 ,-0.495476 ,0 ,
0.76269 ,-0.495476 ,0 ,
0.76269 ,-0.495476 ,0 ,
0.76269 ,-0.495476 ,0 ,
0.76269 ,-0.495476 ,0 ,
0.76269 ,-0.495476 ,0 ,
0.76269 ,-0.495476 ,0 ,
0.76269 ,-0.495476 ,0 ,
0.76269 ,-0.495476 ,0 ,
0.76269 ,-0.495476 ,0 ,
0.76269 ,-0.495476 ,0 ,
0.76269 ,-0.495476 ,0 ,
0.76269 ,-0.495476 ,0 ,
0.76269 ,-0.495476 ,0 ,
0.76269 ,-0.495476 ,0 ,
0.76269 ,-0.495476 ,0 ,
0.76269 ,-0.495476 ,0 ,
0.76269 ,-0.495476 ,0 ,
0.76269 ,-0.495476 ,0 ,
0.76269 ,-0.495476 ,0 ,
0.76269 ,-0.495476 ,0 ,
0.76269 ,-0.495476 ,0 ,
0.76269 ,-0.495476 ,0 ,
0.76269 ,-0.495476 ,0 ,
0.76269 ,-0.495476 ,0 ,
0.76269 ,-0.495476 ,0 ,
0.76269 ,-0.495476 ,0 ,
0.76269 ,-0.495476 ,0 ,
0.76269 ,-0.495476 ,0 ,
0.76269 ,-0.495476 ,0 ,
0.76269 ,-0.495476 ,0 ,
0.76269 ,-0.495476 ,0 ,
0.76269 ,-0.495476 ,0 ,
0.76269 ,-0.495476 ,0 ,
0.76269 ,-0.495476 ,0 ,
0.76269 ,-0.495476 ,0 ,
0.76269 ,-0.495476 ,0 ,
0.76269 ,-0.495476 ,0 ,
0.76269 ,-0.495476 ,0 ,
0.76269 ,-0.495476 ,0 ,
0.76269 ,-0.495476 ,0 ,
0.76269 ,-0.495476 ,0 ,
0.76269 ,-0.495476 ,0 ,
0.76269 ,-0.495476 ,0 ,
0.76269 ,-0.495476 ,0 ,
0.76269 ,-0.495476 ,0 ,
0.76269 ,-0.495476 ,0 ,
0.76269 ,-0.495476 ,0 ,
0.76269 ,-0.495476 ,0 ,
0.76269 ,-0.495476 ,0 ,
0.76269 ,-0.495476 ,0 ,
0.76269 ,-0.495476 ,0 ,
0.76269 ,-0.495476 ,0 ,
0.76269 ,-0.495476 ,0 ,
0.76269 ,-0.495476 ,0 ,
0.76269 ,-0.495476 ,0 ,
0.76269 ,-0.495476 ,0 ,
0.76269 ,-0.495476 ,0 ,
0.76269 ,-0.495476 ,0 ,
0.76269 ,-0.495476 ,0 ,
0.76269 ,-0.495476 ,0 ,
0.76269 ,-0.495476 ,0 ,
0.76269 ,-0.495476 ,0 ,
0.76269 ,-0.495476 ,0 ,
0.76269 ,-0.495476 ,0 ,
0.76269 ,-0.495476 ,0 ,
0.76269 ,-0.495476 ,0 ,
0.76269 ,-0.495476 ,0 ,
0.76269 ,-0.495476 ,0 ,
0.76269 ,-0.495476 ,0 ,
0.76269 ,-0.495476 ,0 ,
0.76269 ,-0.495476 ,0 ,
0.76269 ,-0.495476 ,0 ,
0.76269 ,-0.495476 ,0 ,
0.76269 ,-0.495476 ,0 ,
0.76269 ,-0.495476 ,0 ,
0.76269 ,-0.495476 ,0 ,
0.76269 ,-0.495476 ,0 ,
0.76269 ,-0.495476 ,0 ,
0.76269 ,-0.495476 ,0 ,
0.76269 ,-0.495476 ,0 ,
0.76269 ,-0.495476 ,0 ,
0.76269 ,-0.495476 ,0 ,
0.76269 ,-0.495476 ,0 ,
0.76269 ,-0.495476 ,0 ,
0.76269 ,-0.495476 ,0 ,
0.76269 ,-0.495476 ,0 ,
0.76269 ,-0.495476 ,0 ,
0.76269 ,-0.495476 ,0 ,
0.76269 ,-0.495476 ,0 ,
0.76269 ,-0.495476 ,0 ,
0.76269 ,-0.495476 ,0 ,
0.76269 ,-0.495476 ,0 ,
0.76269 ,-0.495476 ,0 ,
0.76269 ,-0.495476 ,0 ,
0.76269 ,-0.495476 ,0 ,
0.76269 ,-0.495476 ,0 ,
0.76269 ,-0.495476 ,0 ,
0.76269 ,-0.495476 ,0 ,
0.76269 ,-0.495476 ,0 ,
0.76269 ,-0.495476 ,0 ,
0.76269 ,-0.495476 ,0 ,
0.76269 ,-0.495476 ,0 ,
0.76269 ,-0.495476 ,0 ,
0.76269 ,-0.495476 ,0 ,
0.76269 ,-0.495476 ,0 ,
0.76269 ,-0.495476 ,0 ,
0.76269 ,-0.495476 ,0 ,
0.76269 ,-0.495476 ,0 ,
0.76269 ,-0.495476 ,0 ,
0.76269 ,-0.495476 ,0 ,
0.76269 ,-0.495476 ,0 ,
0.76269 ,-0.495476 ,0 ,
0.76269 ,-0.495476 ,0 ,
0.76269 ,-0.495476 ,0 ,
0.76269 ,-0.495476 ,0 ,
0.76269 ,-0.495476 ,0 ,
0.76269 ,-0.495476 ,0 ,
0.76269 ,-0.495476 ,0 ,
0.76269 ,-0.495476 ,0 ,
0.76269 ,-0.495476 ,0 ,
0.76269 ,-0.495476 ,0 ,
0.76269 ,-0.495476 ,0 ,
0.76269 ,-0.495476 ,0 ,
0.76269 ,-0.495476 ,0 ,
0.76269 ,-0.495476 ,0 ,
0.76269 ,-0.495476 ,0 ,
0.76269 ,-0.495476 ,0 ,
0.76269 ,-0.495476 ,0 ,
0 ,0 ,0 ,
0 ,0 ,0 ,
0 ,0 ,0 ,
0 ,0 ,0 ,
0 ,0 ,0 ,
0 ,0 ,0 ,
0 ,0 ,0 ,
0 ,0 ,0 ,
0 ,0 ,0 ,
0 ,0 ,0 ,
0 ,0 ,0 ,
0 ,0 ,0 ,
0 ,0 ,0 ,
0 ,0 ,0 ,
0 ,0 ,0 ,
0 ,0 ,0 ,
0 ,0 ,0 ,
0 ,0 ,0 ,
0 ,0 ,0 ,
0 ,0 ,0 ,
0 ,0 ,0 ,
0 ,0 ,0 ,
0 ,0 ,0 ,
0 ,0 ,0 ,
0 ,0 ,0 ,
0 ,0 ,0 ,
0 ,0 ,0 ,
0 ,0 ,0 ,
0 ,0 ,0 ,
0 ,0 ,0 ,
0 ,0 ,0 ,
0 ,0 ,0 ,
0 ,0 ,0 ,
0 ,0 ,0 ,
0 ,0 ,0 ,
0 ,0 ,0 ,
0 ,0 ,0 ,
0 ,0 ,0 ,
0 ,0 ,0 ,
0 ,0 ,0 ,
0 ,0 ,0 ,
0 ,0 ,0 ,
0 ,0 ,0 ,
0 ,0 ,0 ,
0 ,0 ,0 ,
0 ,0 ,0 ,
0 ,0 ,0 ,
0 ,0 ,0 ,
0 ,0 ,0 ,
0 ,0 ,0 ,
0 ,0 ,0 ,
0 ,0 ,0 ,
0 ,0 ,0 ,
0 ,0 ,0 ,
0 ,0 ,0 ,
0 ,0 ,0 ,
0 ,0 ,0 ,
0 ,0 ,0 ,
0 ,0 ,0 ,
0 ,0 ,0 ,
0 ,0 ,0 ,
0 ,0 ,0 ,
0 ,0 ,0 ,
0 ,0 ,0 ,
0 ,0 ,0 ,
0 ,0 ,0 ,
0 ,0 ,0 ,
0 ,0 ,0 ,
0 ,0 ,0 ,
0 ,0 ,0 ,
0 ,0 ,0 ,
0 ,0 ,0 ,
0 ,0 ,0 ,
0 ,0 ,0 ,
0 ,0 ,0 ,
0 ,0 ,0 ,
0 ,0 ,0 ,
0 ,0 ,0 ,
0 ,0 ,0 ,
0 ,0 ,0 ,
