0 ,-0.115 ,0 ,
0 ,-0.115 ,0 ,
0 ,-0.115 ,0 ,
0 ,-0.115 ,0 ,
0 ,-0.115 ,0 ,
0 ,-0.115 ,0 ,
0 ,-0.115 ,0 ,
0 ,-0.115 ,0 ,
0 ,-0.115 ,0 ,
0 ,-0.115 ,0 ,
0 ,-0.115 ,0 ,
0 ,-0.115 ,0 ,
0 ,-0.115 ,0 ,
0 ,-0.115 ,0 ,
0 ,-0.115 ,0 ,
0 ,-0.115 ,0 ,
0 ,-0.115 ,0 ,
0 ,-0.115 ,0 ,
0 ,-0.115 ,0 ,
0 ,-0.115 ,0 ,
0 ,-0.115 ,0 ,
0 ,-0.115 ,0 ,
0 ,-0.115 ,0 ,
0 ,-0.115 ,0 ,
0 ,-0.115 ,0 ,
0 ,-0.115 ,0 ,
0 ,-0.115 ,0 ,
0 ,-0.115 ,0 ,
0 ,-0.115 ,0 ,
0 ,-0.115 ,0 ,
0 ,-0.115 ,0 ,
0 ,-0.115 ,0 ,
0 ,-0.115 ,0 ,
0 ,-0.115 ,0 ,
0 ,-0.115 ,0 ,
0 ,-0.115 ,0 ,
0 ,-0.115 ,0 ,
0 ,-0.115 ,0 ,
0 ,-0.115 ,0 ,
0 ,-0.115 ,0 ,
0 ,-0.115 ,0 ,
0 ,-0.115 ,0 ,
0 ,-0.115 ,0 ,
0 ,-0.115 ,0 ,
0 ,-0.115 ,0 ,
0 ,-0.115 ,0 ,
0 ,-0.115 ,0 ,
0 ,-0.115 ,0 ,
0 ,-0.115 ,0 ,
0 ,-0.115 ,0 ,
0 ,-0.115 ,0 ,
0 ,-0.115 ,0 ,
0 ,-0.115 ,0 ,
0 ,-0.115 ,0 ,
0 ,-0.115 ,0 ,
0 ,-0.115 ,0 ,
0 ,-0.115 ,0 ,
0 ,-0.115 ,0 ,
0 ,-0.115 ,0 ,
0 ,-0.115 ,0 ,
0 ,-0.115 ,0 ,
0 ,-0.115 ,0 ,
0 ,-0.115 ,0 ,
0 ,-0.115 ,0 ,
0 ,-0.115 ,0 ,
0 ,-0.115 ,0 ,
0 ,-0.115 ,0 ,
0 ,-0.115 ,0 ,
0 ,-0.115 ,0 ,
0 ,-0.115 ,0 ,
0 ,-0.115 ,0 ,
0 ,-0.115 ,0 ,
0 ,-0.115 ,0 ,
0 ,-0.115 ,0 ,
0 ,-0.115 ,0 ,
0 ,-0.115 ,0 ,
0 ,-0.115 ,0 ,
0 ,-0.115 ,0 ,
0 ,-0.115 ,0 ,
0 ,-0.115 ,0 ,
0 ,-0.115 ,0 ,
0 ,-0.115 ,0 ,
0 ,-0.115 ,0 ,
0 ,-0.115 ,0 ,
0 ,-0.115 ,0 ,
0 ,-0.115 ,0 ,
0 ,-0.115 ,0 ,
0 ,-0.115 ,0 ,
0 ,-0.115 ,0 ,
0 ,-0.115 ,0 ,
0 ,-0.115 ,0 ,
0 ,-0.115 ,0 ,
0 ,-0.115 ,0 ,
0 ,-0.115 ,0 ,
0 ,-0.115 ,0 ,
0 ,-0.115 ,0 ,
0 ,-0.115 ,0 ,
0 ,-0.115 ,0 ,
0 ,-0.115 ,0 ,
0 ,-0.115 ,0 ,
0 ,-0.115 ,0 ,
0 ,-0.115 ,0 ,
0 ,-0.115 ,0 ,
0 ,-0.115 ,0 ,
0 ,-0.115 ,0 ,
0 ,-0.115 ,0 ,
0 ,-0.115 ,0 ,
0 ,-0.115 ,0 ,
0 ,-0.115 ,0 ,
0 ,-0.115 ,0 ,
0 ,-0.115 ,0 ,
0 ,-0.115 ,0 ,
0 ,-0.115 ,0 ,
0 ,-0.115 ,0 ,
0 ,-0.115 ,0 ,
0 ,-0.115 ,0 ,
0 ,-0.115 ,0 ,
0 ,-0.115 ,0 ,
0 ,-0.115 ,0 ,
0 ,-0.115 ,0 ,
0 ,-0.115 ,0 ,
0 ,-0.115 ,0 ,
0 ,-0.115 ,0 ,
0 ,-0.115 ,0 ,
0 ,-0.115 ,0 ,
0 ,-0.115 ,0 ,
0 ,-0.115 ,0 ,
0 ,-0.115 ,0 ,
0 ,-0.115 ,0 ,
0 ,-0.115 ,0 ,
0 ,-0.115 ,0 ,
0 ,-0.115 ,0 ,
0 ,-0.115 ,0 ,
0 ,-0.115 ,0 ,
0 ,-0.115 ,0 ,
0 ,-0.115 ,0 ,
0 ,-0.115 ,0 ,
0 ,-0.115 ,0 ,
0 ,-0.115 ,0 ,
0 ,-0.115 ,0 ,
0 ,-0.115 ,0 ,
0 ,-0.115 ,0 ,
0 ,-0.115 ,0 ,
0 ,-0.115 ,0 ,
0 ,-0.115 ,0 ,
0 ,-0.115 ,0 ,
0 ,-0.115 ,0 ,
0 ,-0.115 ,0 ,
0 ,-0.115 ,0 ,
0 ,-0.115 ,0 ,
0 ,-0.115 ,0 ,
0 ,-0.115 ,0 ,
0 ,-0.115 ,0 ,
0 ,-0.115 ,0 ,
0 ,-0.115 ,0 ,
0 ,-0.115 ,0 ,
0 ,-0.115 ,0 ,
0 ,-0.115 ,0 ,
0 ,-0.115 ,0 ,
0 ,-0.115 ,0 ,
0 ,-0.115 ,0 ,
0 ,-0.115 ,0 ,
0 ,-0.115 ,0 ,
0 ,-0.115 ,0 ,
0 ,-0.115 ,0 ,
0 ,-0.115 ,0 ,
0 ,-0.115 ,0 ,
0 ,-0.115 ,0 ,
0 ,-0.115 ,0 ,
0 ,-0.115 ,0 ,
0 ,-0.115 ,0 ,
0 ,-0.115 ,0 ,
0 ,-0.115 ,0 ,
0 ,-0.115 ,0 ,
0 ,-0.115 ,0 ,
0 ,-0.115 ,0 ,
0 ,-0.115 ,0 ,
0 ,-0.115 ,0 ,
0 ,-0.115 ,0 ,
0 ,-0.115 ,0 ,
0 ,-0.115 ,0 ,
0 ,-0.115 ,0 ,
0 ,-0.115 ,0 ,
0 ,-0.115 ,0 ,
0 ,-0.115 ,0 ,
0 ,-0.115 ,0 ,
0 ,-0.115 ,0 ,
0 ,-0.115 ,0 ,
0 ,-0.115 ,0 ,
0 ,-0.115 ,0 ,
0 ,-0.115 ,0 ,
0 ,-0.115 ,0 ,
0 ,-0.115 ,0 ,
0 ,-0.115 ,0 ,
0 ,-0.115 ,0 ,
0 ,-0.115 ,0 ,
0 ,-0.115 ,0 ,
0 ,-0.115 ,0 ,
0 ,-0.115 ,0 ,
0 ,-0.115 ,0 ,
0 ,-0.115 ,0 ,
0 ,-0.115 ,0 ,
0 ,-0.115 ,0 ,
0 ,-0.115 ,0 ,
0 ,-0.115 ,0 ,
0 ,-0.115 ,0 ,
0 ,-0.115 ,0 ,
0 ,-0.115 ,0 ,
0 ,-0.115 ,0 ,
0 ,-0.115 ,0 ,
0 ,-0.115 ,0 ,
0 ,-0.115 ,0 ,
0 ,-0.115 ,0 ,
0 ,-0.115 ,0 ,
0 ,-0.115 ,0 ,
0 ,-0.115 ,0 ,
0 ,-0.115 ,0 ,
0 ,-0.115 ,0 ,
0 ,-0.115 ,0 ,
0 ,-0.115 ,0 ,
0 ,-0.115 ,0 ,
0 ,-0.115 ,0 ,
0 ,-0.115 ,0 ,
0 ,-0.115 ,0 ,
0 ,-0.115 ,0 ,
0 ,-0.115 ,0 ,
0 ,-0.115 ,0 ,
0 ,-0.115 ,0 ,
0 ,-0.115 ,0 ,
0 ,-0.115 ,0 ,
0 ,-0.115 ,0 ,
0 ,-0.115 ,0 ,
0 ,-0.115 ,0 ,
0 ,-0.115 ,0 ,
0 ,-0.115 ,0 ,
0 ,-0.115 ,0 ,
0 ,-0.115 ,0 ,
0 ,-0.115 ,0 ,
0 ,-0.115 ,0 ,
0 ,-0.115 ,0 ,
0 ,-0.115 ,0 ,
0 ,-0.115 ,0 ,
0 ,-0.115 ,0 ,
0 ,-0.115 ,0 ,
0 ,-0.115 ,0 ,
0 ,-0.115 ,0 ,
0 ,-0.115 ,0 ,
0 ,-0.115 ,0 ,
0 ,-0.115 ,0 ,
0 ,-0.115 ,0 ,
0 ,-0.115 ,0 ,
0 ,-0.115 ,0 ,
0 ,-0.115 ,0 ,
0 ,-0.115 ,0 ,
0 ,-0.115 ,0 ,
8.12374e-08 ,-0.115 ,8.49419e-06 ,
6.4538e-07 ,-0.115 ,3.36614e-05 ,
2.16296e-06 ,-0.115 ,7.5032e-05 ,
5.09113e-06 ,-0.115 ,0.000132141 ,
9.87379e-06 ,-0.115001 ,0.000204527 ,
1.69417e-05 ,-0.115001 ,0.000291733 ,
2.67126e-05 ,-0.115002 ,0.000393309 ,
3.95915e-05 ,-0.115003 ,0.000508805 ,
5.59703e-05 ,-0.115004 ,0.00063778 ,
7.62288e-05 ,-0.115006 ,0.000779793 ,
0.000100734 ,-0.115008 ,0.000934411 ,
0.00012984 ,-0.11501 ,0.0011012 ,
0.00016389 ,-0.115012 ,0.00127975 ,
0.000203214 ,-0.115015 ,0.00146962 ,
0.00024813 ,-0.115019 ,0.0016704 ,
0.000298944 ,-0.115022 ,0.00188168 ,
0.000355952 ,-0.115027 ,0.00210305 ,
0.000419436 ,-0.115032 ,0.0023341 ,
0.000489668 ,-0.115037 ,0.00257445 ,
0.000566908 ,-0.115043 ,0.00282369 ,
0.000651406 ,-0.115049 ,0.00308143 ,
0.000743398 ,-0.115056 ,0.00334729 ,
0.000843112 ,-0.115063 ,0.00362089 ,
0.000950764 ,-0.115071 ,0.00390184 ,
0.00106656 ,-0.11508 ,0.00418979 ,
0.00119069 ,-0.115089 ,0.00448434 ,
0.00132335 ,-0.115099 ,0.00478516 ,
0.0014647 ,-0.11511 ,0.00509186 ,
0.00161491 ,-0.115121 ,0.00540411 ,
0.00177413 ,-0.115133 ,0.00572155 ,
0.00194251 ,-0.115146 ,0.00604382 ,
0.00212019 ,-0.115159 ,0.0063706 ,
0.00230727 ,-0.115173 ,0.00670155 ,
0.00250389 ,-0.115188 ,0.00703632 ,
0.00271013 ,-0.115204 ,0.0073746 ,
0.00292611 ,-0.11522 ,0.00771605 ,
0.00315191 ,-0.115237 ,0.00806036 ,
0.00338759 ,-0.115255 ,0.00840722 ,
0.00363324 ,-0.115273 ,0.0087563 ,
0.00388891 ,-0.115292 ,0.00910731 ,
0.00415465 ,-0.115312 ,0.00945995 ,
0.0044305 ,-0.115333 ,0.00981391 ,
0.00471651 ,-0.115354 ,0.0101689 ,
0.00501268 ,-0.115377 ,0.0105246 ,
0.00531905 ,-0.1154 ,0.0108808 ,
0.00563561 ,-0.115423 ,0.0112372 ,
0.00596238 ,-0.115448 ,0.0115935 ,
0.00629934 ,-0.115473 ,0.0119494 ,
0.00664647 ,-0.115499 ,0.0123047 ,
0.00700377 ,-0.115526 ,0.0126591 ,
0.00737119 ,-0.115554 ,0.0130123 ,
0.00774871 ,-0.115582 ,0.0133641 ,
0.00813627 ,-0.115611 ,0.0137142 ,
0.00853383 ,-0.115641 ,0.0140625 ,
0.00894133 ,-0.115672 ,0.0144086 ,
0.0093587 ,-0.115703 ,0.0147523 ,
0.00978588 ,-0.115735 ,0.0150935 ,
0.0102228 ,-0.115768 ,0.0154317 ,
0.0106693 ,-0.115802 ,0.015767 ,
0.0111254 ,-0.115836 ,0.0160989 ,
0.0115909 ,-0.115871 ,0.0164274 ,
0.0120658 ,-0.115907 ,0.0167521 ,
0.01255 ,-0.115943 ,0.017073 ,
0.0130432 ,-0.11598 ,0.0173897 ,
0.0135455 ,-0.116018 ,0.0177021 ,
0.0140566 ,-0.116056 ,0.0180101 ,
0.0145765 ,-0.116095 ,0.0183133 ,
0.015105 ,-0.116135 ,0.0186117 ,
0.015642 ,-0.116175 ,0.0189051 ,
0.0161873 ,-0.116216 ,0.0191932 ,
0.0167408 ,-0.116258 ,0.0194759 ,
0.0173022 ,-0.1163 ,0.0197531 ,
0.0178716 ,-0.116343 ,0.0200246 ,
0.0184486 ,-0.116386 ,0.0202901 ,
0.0190331 ,-0.11643 ,0.0205497 ,
0.019625 ,-0.116475 ,0.0208031 ,
0.020224 ,-0.11652 ,0.0210502 ,
0.0208301 ,-0.116565 ,0.0212908 ,
0.0214429 ,-0.116611 ,0.0215249 ,
0.0220623 ,-0.116658 ,0.0217522 ,
0.0226881 ,-0.116705 ,0.0219727 ,
0.0233202 ,-0.116752 ,0.0221862 ,
0.0239582 ,-0.1168 ,0.0223926 ,
0.0246021 ,-0.116849 ,0.0225918 ,
0.0252515 ,-0.116897 ,0.0227838 ,
0.0259064 ,-0.116947 ,0.0229683 ,
0.0265664 ,-0.116996 ,0.0231453 ,
0.0272314 ,-0.117046 ,0.0233147 ,
0.0279011 ,-0.117097 ,0.0234765 ,
0.0285753 ,-0.117147 ,0.0236304 ,
0.0292538 ,-0.117198 ,0.0237765 ,
0.0299364 ,-0.117249 ,0.0239146 ,
0.0306229 ,-0.117301 ,0.0240448 ,
0.0313129 ,-0.117353 ,0.0241669 ,
0.0320064 ,-0.117405 ,0.0242808 ,
0.0327029 ,-0.117457 ,0.0243865 ,
0.0334024 ,-0.11751 ,0.024484 ,
0.0341046 ,-0.117563 ,0.0245732 ,
0.0348091 ,-0.117616 ,0.024654 ,
0.0355159 ,-0.117669 ,0.0247264 ,
0.0362247 ,-0.117722 ,0.0247904 ,
0.0369351 ,-0.117775 ,0.0248459 ,
0.037647 ,-0.117829 ,0.0248929 ,
0.0383601 ,-0.117882 ,0.0249315 ,
0.0390742 ,-0.117936 ,0.0249614 ,
0.0397891 ,-0.11799 ,0.0249829 ,
0.0405044 ,-0.118044 ,0.0249957 ,
0.04122 ,-0.118097 ,0.025 ,
0.0419356 ,-0.118151 ,0.0249957 ,
0.0426509 ,-0.118205 ,0.0249829 ,
0.0433658 ,-0.118259 ,0.0249614 ,
0.0440799 ,-0.118312 ,0.0249315 ,
0.044793 ,-0.118366 ,0.0248929 ,
0.0455049 ,-0.118419 ,0.0248459 ,
0.0462154 ,-0.118473 ,0.0247904 ,
0.0469241 ,-0.118526 ,0.0247264 ,
0.0476309 ,-0.118579 ,0.024654 ,
0.0483355 ,-0.118632 ,0.0245732 ,
0.0490376 ,-0.118685 ,0.024484 ,
0.0497371 ,-0.118737 ,0.0243865 ,
0.0504337 ,-0.11879 ,0.0242808 ,
0.0511271 ,-0.118842 ,0.0241669 ,
0.0518172 ,-0.118894 ,0.0240448 ,
0.0525036 ,-0.118945 ,0.0239146 ,
0.0531862 ,-0.118996 ,0.0237765 ,
0.0538647 ,-0.119047 ,0.0236304 ,
0.054539 ,-0.119098 ,0.0234765 ,
0.0552087 ,-0.119148 ,0.0233147 ,
0.0558737 ,-0.119198 ,0.0231453 ,
0.0565337 ,-0.119248 ,0.0229683 ,
0.0571885 ,-0.119297 ,0.0227838 ,
0.057838 ,-0.119346 ,0.0225918 ,
0.0584818 ,-0.119394 ,0.0223926 ,
0.0591199 ,-0.119442 ,0.0221862 ,
0.0597519 ,-0.11949 ,0.0219727 ,
0.0603777 ,-0.119537 ,0.0217522 ,
0.0609972 ,-0.119583 ,0.0215249 ,
0.06161 ,-0.119629 ,0.0212908 ,
0.062216 ,-0.119675 ,0.0210502 ,
0.062815 ,-0.11972 ,0.0208031 ,
0.0634069 ,-0.119764 ,0.0205497 ,
0.0639915 ,-0.119808 ,0.0202901 ,
0.0645685 ,-0.119852 ,0.0200246 ,
0.0651378 ,-0.119895 ,0.0197531 ,
0.0656993 ,-0.119937 ,0.0194759 ,
0.0662528 ,-0.119978 ,0.0191932 ,
0.066798 ,-0.120019 ,0.0189051 ,
0.067335 ,-0.12006 ,0.0186117 ,
0.0678635 ,-0.120099 ,0.0183133 ,
0.0683834 ,-0.120138 ,0.0180101 ,
0.0688945 ,-0.120177 ,0.0177021 ,
0.0693968 ,-0.120215 ,0.0173897 ,
0.0698901 ,-0.120252 ,0.017073 ,
0.0703742 ,-0.120288 ,0.0167521 ,
0.0708491 ,-0.120324 ,0.0164274 ,
0.0713146 ,-0.120359 ,0.0160989 ,
0.0717707 ,-0.120393 ,0.015767 ,
0.0722173 ,-0.120426 ,0.0154317 ,
0.0726542 ,-0.120459 ,0.0150935 ,
0.0730813 ,-0.120491 ,0.0147523 ,
0.0734987 ,-0.120523 ,0.0144086 ,
0.0739062 ,-0.120553 ,0.0140625 ,
0.0743038 ,-0.120583 ,0.0137142 ,
0.0746913 ,-0.120612 ,0.0133641 ,
0.0750688 ,-0.120641 ,0.0130123 ,
0.0754363 ,-0.120668 ,0.0126591 ,
0.0757936 ,-0.120695 ,0.0123047 ,
0.0761407 ,-0.120721 ,0.0119494 ,
0.0764777 ,-0.120747 ,0.0115935 ,
0.0768044 ,-0.120771 ,0.0112372 ,
0.077121 ,-0.120795 ,0.0108808 ,
0.0774274 ,-0.120818 ,0.0105246 ,
0.0777235 ,-0.12084 ,0.0101689 ,
0.0780095 ,-0.120862 ,0.00981391 ,
0.0782854 ,-0.120882 ,0.00945995 ,
0.0785511 ,-0.120902 ,0.00910731 ,
0.0788068 ,-0.120922 ,0.0087563 ,
0.0790524 ,-0.12094 ,0.00840722 ,
0.0792881 ,-0.120958 ,0.00806036 ,
0.0795139 ,-0.120975 ,0.00771605 ,
0.0797299 ,-0.120991 ,0.0073746 ,
0.0799362 ,-0.121006 ,0.00703632 ,
0.0801328 ,-0.121021 ,0.00670155 ,
0.0803199 ,-0.121035 ,0.0063706 ,
0.0804975 ,-0.121049 ,0.00604382 ,
0.0806659 ,-0.121061 ,0.00572155 ,
0.0808251 ,-0.121073 ,0.00540411 ,
0.0809753 ,-0.121085 ,0.00509186 ,
0.0811167 ,-0.121095 ,0.00478516 ,
0.0812493 ,-0.121105 ,0.00448434 ,
0.0813735 ,-0.121114 ,0.00418979 ,
0.0814893 ,-0.121123 ,0.00390184 ,
0.0815969 ,-0.121131 ,0.00362089 ,
0.0816966 ,-0.121139 ,0.00334729 ,
0.0817886 ,-0.121146 ,0.00308143 ,
0.0818731 ,-0.121152 ,0.00282369 ,
0.0819504 ,-0.121158 ,0.00257445 ,
0.0820206 ,-0.121163 ,0.0023341 ,
0.0820841 ,-0.121168 ,0.00210305 ,
0.0821411 ,-0.121172 ,0.00188168 ,
0.0821919 ,-0.121176 ,0.0016704 ,
0.0822368 ,-0.121179 ,0.00146962 ,
0.0822761 ,-0.121182 ,0.00127975 ,
0.0823102 ,-0.121185 ,0.0011012 ,
0.0823393 ,-0.121187 ,0.000934411 ,
0.0823638 ,-0.121189 ,0.000779793 ,
0.0823841 ,-0.12119 ,0.00063778 ,
0.0824004 ,-0.121192 ,0.000508805 ,
0.0824133 ,-0.121193 ,0.000393309 ,
0.0824231 ,-0.121193 ,0.000291733 ,
0.0824302 ,-0.121194 ,0.000204527 ,
0.0824349 ,-0.121194 ,0.000132141 ,
0.0824379 ,-0.121194 ,7.5032e-05 ,
0.0824394 ,-0.121195 ,3.36614e-05 ,
0.08244 ,-0.121195 ,8.49419e-06 ,
0.08244 ,-0.121195 ,1.11022e-16 ,
0.08244 ,-0.121195 ,0 ,
0.08244 ,-0.121195 ,0 ,
0.08244 ,-0.121195 ,0 ,
0.08244 ,-0.121195 ,0 ,
0.08244 ,-0.121195 ,0 ,
0.08244 ,-0.121195 ,0 ,
0.08244 ,-0.121195 ,0 ,
0.08244 ,-0.121195 ,0 ,
0.08244 ,-0.121195 ,0 ,
0.08244 ,-0.121195 ,0 ,
0.08244 ,-0.121195 ,0 ,
0.08244 ,-0.121195 ,0 ,
0.08244 ,-0.121195 ,0 ,
0.08244 ,-0.121195 ,0 ,
0.08244 ,-0.121195 ,0 ,
0.08244 ,-0.121195 ,0 ,
0.08244 ,-0.121195 ,0 ,
0.08244 ,-0.121195 ,0 ,
0.08244 ,-0.121195 ,0 ,
0.08244 ,-0.121195 ,0 ,
0.08244 ,-0.121195 ,0 ,
0.08244 ,-0.121195 ,0 ,
0.08244 ,-0.121195 ,0 ,
0.08244 ,-0.121195 ,0 ,
0.08244 ,-0.121195 ,0 ,
0.08244 ,-0.121195 ,0 ,
0.08244 ,-0.121195 ,0 ,
0.08244 ,-0.121195 ,0 ,
0.08244 ,-0.121195 ,0 ,
0.08244 ,-0.121195 ,0 ,
0.08244 ,-0.121195 ,0 ,
0.08244 ,-0.121195 ,0 ,
0.08244 ,-0.121195 ,0 ,
0.08244 ,-0.121195 ,0 ,
0.08244 ,-0.121195 ,0 ,
0.08244 ,-0.121195 ,0 ,
0.08244 ,-0.121195 ,0 ,
0.08244 ,-0.121195 ,0 ,
0.08244 ,-0.121195 ,0 ,
0.08244 ,-0.121195 ,0 ,
0.08244 ,-0.121195 ,0 ,
0.08244 ,-0.121195 ,0 ,
0.08244 ,-0.121195 ,0 ,
0.08244 ,-0.121195 ,0 ,
0.08244 ,-0.121195 ,0 ,
0.08244 ,-0.121195 ,0 ,
0.08244 ,-0.121195 ,0 ,
0.08244 ,-0.121195 ,0 ,
0.08244 ,-0.121195 ,0 ,
0.08244 ,-0.121195 ,0 ,
0.08244 ,-0.121195 ,0 ,
0.08244 ,-0.121195 ,0 ,
0.08244 ,-0.121195 ,0 ,
0.08244 ,-0.121195 ,0 ,
0.08244 ,-0.121195 ,0 ,
0.08244 ,-0.121195 ,0 ,
0.08244 ,-0.121195 ,0 ,
0.08244 ,-0.121195 ,0 ,
0.08244 ,-0.121195 ,0 ,
0.08244 ,-0.121195 ,0 ,
0.08244 ,-0.121195 ,0 ,
0.08244 ,-0.121195 ,0 ,
0.08244 ,-0.121195 ,0 ,
0.08244 ,-0.121195 ,0 ,
0.08244 ,-0.121195 ,0 ,
0.08244 ,-0.121195 ,0 ,
0.08244 ,-0.121195 ,0 ,
0.08244 ,-0.121195 ,0 ,
0.08244 ,-0.121195 ,0 ,
0.08244 ,-0.121195 ,0 ,
0.08244 ,-0.121195 ,0 ,
0.08244 ,-0.121195 ,0 ,
0.08244 ,-0.121195 ,0 ,
0.08244 ,-0.121195 ,0 ,
0.08244 ,-0.121195 ,0 ,
0.08244 ,-0.121195 ,0 ,
0.08244 ,-0.121195 ,0 ,
0.08244 ,-0.121195 ,0 ,
0.08244 ,-0.121195 ,0 ,
0.08244 ,-0.121195 ,0 ,
0.08244 ,-0.121195 ,0 ,
0.08244 ,-0.121195 ,0 ,
0.08244 ,-0.121195 ,0 ,
0.08244 ,-0.121195 ,0 ,
0.08244 ,-0.121195 ,0 ,
0.08244 ,-0.121195 ,0 ,
0.08244 ,-0.121195 ,0 ,
0.08244 ,-0.121195 ,0 ,
0.08244 ,-0.121195 ,0 ,
0.08244 ,-0.121195 ,0 ,
0.08244 ,-0.121195 ,0 ,
0.08244 ,-0.121195 ,0 ,
0.08244 ,-0.121195 ,0 ,
0.08244 ,-0.121195 ,0 ,
0.08244 ,-0.121195 ,0 ,
0.08244 ,-0.121195 ,0 ,
0.08244 ,-0.121195 ,0 ,
0.08244 ,-0.121195 ,0 ,
0.08244 ,-0.121195 ,0 ,
0.08244 ,-0.121195 ,0 ,
0.08244 ,-0.121195 ,0 ,
0.08244 ,-0.121195 ,0 ,
0.08244 ,-0.121195 ,0 ,
0.08244 ,-0.121195 ,0 ,
0.08244 ,-0.121195 ,0 ,
0.08244 ,-0.121195 ,0 ,
0.08244 ,-0.121195 ,0 ,
0.08244 ,-0.121195 ,0 ,
0.08244 ,-0.121195 ,0 ,
0.08244 ,-0.121195 ,0 ,
0.08244 ,-0.121195 ,0 ,
0.08244 ,-0.121195 ,0 ,
0.08244 ,-0.121195 ,0 ,
0.08244 ,-0.121195 ,0 ,
0.08244 ,-0.121195 ,0 ,
0.08244 ,-0.121195 ,0 ,
0.08244 ,-0.121195 ,0 ,
0.08244 ,-0.121195 ,0 ,
0.08244 ,-0.121195 ,0 ,
0.08244 ,-0.121195 ,0 ,
0.08244 ,-0.121195 ,0 ,
0.08244 ,-0.121195 ,0 ,
0.08244 ,-0.121195 ,0 ,
0.08244 ,-0.121195 ,0 ,
0.08244 ,-0.121195 ,0 ,
0.08244 ,-0.121195 ,0 ,
0.08244 ,-0.121195 ,0 ,
0.08244 ,-0.121195 ,0 ,
0.08244 ,-0.121195 ,0 ,
0.08244 ,-0.121195 ,0 ,
0.08244 ,-0.121195 ,0 ,
0.08244 ,-0.121195 ,0 ,
0.08244 ,-0.121195 ,0 ,
0.08244 ,-0.121195 ,0 ,
0.08244 ,-0.121195 ,0 ,
0.08244 ,-0.121195 ,0 ,
0.08244 ,-0.121195 ,0 ,
0.08244 ,-0.121195 ,0 ,
0.08244 ,-0.121195 ,0 ,
0.08244 ,-0.121195 ,0 ,
0.08244 ,-0.121195 ,0 ,
0.08244 ,-0.121195 ,0 ,
0.08244 ,-0.121195 ,0 ,
0.08244 ,-0.121195 ,0 ,
0.08244 ,-0.121195 ,0 ,
0.08244 ,-0.121195 ,0 ,
0.08244 ,-0.121195 ,0 ,
0.08244 ,-0.121195 ,0 ,
0.08244 ,-0.121195 ,0 ,
0.08244 ,-0.121195 ,0 ,
0.08244 ,-0.121195 ,0 ,
0.08244 ,-0.121195 ,0 ,
0.08244 ,-0.121195 ,0 ,
0.08244 ,-0.121195 ,0 ,
0.08244 ,-0.121195 ,0 ,
0.08244 ,-0.121195 ,0 ,
0.08244 ,-0.121195 ,0 ,
0.08244 ,-0.121195 ,0 ,
0.08244 ,-0.121195 ,0 ,
0.08244 ,-0.121195 ,0 ,
0.08244 ,-0.121195 ,0 ,
0.08244 ,-0.121195 ,0 ,
0.08244 ,-0.121195 ,0 ,
0.08244 ,-0.121195 ,0 ,
0.08244 ,-0.121195 ,0 ,
0.08244 ,-0.121195 ,0 ,
0.08244 ,-0.121195 ,0 ,
0.08244 ,-0.121195 ,0 ,
0.08244 ,-0.121195 ,0 ,
0.08244 ,-0.121195 ,0 ,
0.08244 ,-0.121195 ,0 ,
0.08244 ,-0.121195 ,0 ,
0.08244 ,-0.121195 ,0 ,
0.08244 ,-0.121195 ,0 ,
0.08244 ,-0.121195 ,0 ,
0.08244 ,-0.121195 ,0 ,
0.08244 ,-0.121195 ,0 ,
0.08244 ,-0.121195 ,0 ,
0.08244 ,-0.121195 ,0 ,
0.08244 ,-0.121195 ,0 ,
0.08244 ,-0.121195 ,0 ,
0.08244 ,-0.121195 ,0 ,
0.08244 ,-0.121195 ,0 ,
0.08244 ,-0.121195 ,0 ,
0.08244 ,-0.121195 ,0 ,
0.08244 ,-0.121195 ,0 ,
0.08244 ,-0.121195 ,0 ,
0.08244 ,-0.121195 ,0 ,
0.08244 ,-0.121195 ,0 ,
0.08244 ,-0.121195 ,0 ,
0.08244 ,-0.121195 ,0 ,
0.08244 ,-0.121195 ,0 ,
0.08244 ,-0.121195 ,0 ,
0.08244 ,-0.121195 ,0 ,
0.08244 ,-0.121195 ,0 ,
0.08244 ,-0.121195 ,0 ,
0.08244 ,-0.121195 ,0 ,
0.08244 ,-0.121195 ,0 ,
0.08244 ,-0.121195 ,0 ,
0.08244 ,-0.121195 ,0 ,
0.08244 ,-0.121195 ,0 ,
0.08244 ,-0.121195 ,0 ,
0.08244 ,-0.121195 ,0 ,
0.08244 ,-0.121195 ,0 ,
0.08244 ,-0.121195 ,0 ,
0.08244 ,-0.121195 ,0 ,
0.08244 ,-0.121195 ,0 ,
0.08244 ,-0.121195 ,0 ,
0.08244 ,-0.121195 ,0 ,
0.08244 ,-0.121195 ,0 ,
0.08244 ,-0.121195 ,0 ,
0.08244 ,-0.121195 ,0 ,
0.08244 ,-0.121195 ,0 ,
0.08244 ,-0.121195 ,0 ,
0.08244 ,-0.121195 ,0 ,
0.08244 ,-0.121195 ,0 ,
0.08244 ,-0.121195 ,0 ,
0.08244 ,-0.121195 ,0 ,
0.08244 ,-0.121195 ,0 ,
0.08244 ,-0.121195 ,0 ,
0.08244 ,-0.121195 ,0 ,
0.08244 ,-0.121195 ,0 ,
0.08244 ,-0.121195 ,0 ,
0.08244 ,-0.121195 ,0 ,
0.08244 ,-0.121195 ,0 ,
0.08244 ,-0.121195 ,0 ,
0.08244 ,-0.121195 ,0 ,
0.08244 ,-0.121195 ,0 ,
0.08244 ,-0.121195 ,0 ,
0.08244 ,-0.121195 ,0 ,
0.08244 ,-0.121195 ,0 ,
0.08244 ,-0.121195 ,0 ,
0.08244 ,-0.121195 ,0 ,
0.08244 ,-0.121195 ,0 ,
0.08244 ,-0.121195 ,0 ,
0.08244 ,-0.121195 ,0 ,
0.08244 ,-0.121195 ,0 ,
0.08244 ,-0.121195 ,0 ,
0.08244 ,-0.121195 ,0 ,
0.08244 ,-0.121195 ,0 ,
0.08244 ,-0.121195 ,0 ,
0.08244 ,-0.121195 ,0 ,
0.08244 ,-0.121195 ,0 ,
0.08244 ,-0.121195 ,0 ,
0.08244 ,-0.121195 ,0 ,
0.08244 ,-0.121195 ,0 ,
0.08244 ,-0.121195 ,0 ,
0.08244 ,-0.121195 ,0 ,
0.08244 ,-0.121195 ,0 ,
0.08244 ,-0.121195 ,0 ,
0.08244 ,-0.121195 ,0 ,
0.08244 ,-0.121195 ,0 ,
0.08244 ,-0.121195 ,0 ,
0.08244 ,-0.121195 ,0 ,
0.08244 ,-0.121195 ,0 ,
0.08244 ,-0.121195 ,0 ,
0.08244 ,-0.121195 ,0 ,
0.08244 ,-0.121195 ,0 ,
0.08244 ,-0.121195 ,0 ,
0.08244 ,-0.121195 ,0 ,
0.08244 ,-0.121195 ,0 ,
0.08244 ,-0.121195 ,0 ,
0.08244 ,-0.121195 ,0 ,
0.08244 ,-0.121195 ,0 ,
0.08244 ,-0.121195 ,0 ,
0.08244 ,-0.121195 ,0 ,
0.08244 ,-0.121195 ,0 ,
0.08244 ,-0.121195 ,0 ,
0.0824402 ,-0.121195 ,8.49419e-06 ,
0.0824413 ,-0.121195 ,3.36614e-05 ,
0.0824442 ,-0.121196 ,7.5032e-05 ,
0.0824498 ,-0.121198 ,0.000132141 ,
0.0824589 ,-0.1212 ,0.000204527 ,
0.0824724 ,-0.121205 ,0.000291733 ,
0.0824911 ,-0.12121 ,0.000393309 ,
0.0825157 ,-0.121218 ,0.000508805 ,
0.082547 ,-0.121228 ,0.00063778 ,
0.0825857 ,-0.12124 ,0.000779793 ,
0.0826325 ,-0.121254 ,0.000934411 ,
0.0826881 ,-0.121271 ,0.0011012 ,
0.0827532 ,-0.121291 ,0.00127975 ,
0.0828283 ,-0.121315 ,0.00146962 ,
0.0829141 ,-0.121341 ,0.0016704 ,
0.0830112 ,-0.121371 ,0.00188168 ,
0.0831201 ,-0.121405 ,0.00210305 ,
0.0832414 ,-0.121443 ,0.0023341 ,
0.0833756 ,-0.121484 ,0.00257445 ,
0.0835232 ,-0.12153 ,0.00282369 ,
0.0836847 ,-0.12158 ,0.00308143 ,
0.0838604 ,-0.121634 ,0.00334729 ,
0.0840509 ,-0.121693 ,0.00362089 ,
0.0842566 ,-0.121757 ,0.00390184 ,
0.0844779 ,-0.121825 ,0.00418979 ,
0.0847151 ,-0.121898 ,0.00448434 ,
0.0849685 ,-0.121977 ,0.00478516 ,
0.0852386 ,-0.12206 ,0.00509186 ,
0.0855256 ,-0.122149 ,0.00540411 ,
0.0858298 ,-0.122243 ,0.00572155 ,
0.0861515 ,-0.122343 ,0.00604382 ,
0.086491 ,-0.122448 ,0.0063706 ,
0.0868485 ,-0.122558 ,0.00670155 ,
0.0872241 ,-0.122675 ,0.00703632 ,
0.0876182 ,-0.122796 ,0.0073746 ,
0.0880309 ,-0.122924 ,0.00771605 ,
0.0884623 ,-0.123058 ,0.00806036 ,
0.0889126 ,-0.123197 ,0.00840722 ,
0.089382 ,-0.123342 ,0.0087563 ,
0.0898705 ,-0.123493 ,0.00910731 ,
0.0903782 ,-0.12365 ,0.00945995 ,
0.0909053 ,-0.123813 ,0.00981391 ,
0.0914517 ,-0.123982 ,0.0101689 ,
0.0920176 ,-0.124157 ,0.0105246 ,
0.092603 ,-0.124338 ,0.0108808 ,
0.0932078 ,-0.124525 ,0.0112372 ,
0.0938322 ,-0.124719 ,0.0115935 ,
0.094476 ,-0.124918 ,0.0119494 ,
0.0951393 ,-0.125123 ,0.0123047 ,
0.095822 ,-0.125334 ,0.0126591 ,
0.096524 ,-0.125551 ,0.0130123 ,
0.0972453 ,-0.125774 ,0.0133641 ,
0.0979858 ,-0.126003 ,0.0137142 ,
0.0987454 ,-0.126238 ,0.0140625 ,
0.099524 ,-0.126479 ,0.0144086 ,
0.100321 ,-0.126726 ,0.0147523 ,
0.101138 ,-0.126978 ,0.0150935 ,
0.101972 ,-0.127237 ,0.0154317 ,
0.102826 ,-0.127501 ,0.015767 ,
0.103697 ,-0.12777 ,0.0160989 ,
0.104587 ,-0.128045 ,0.0164274 ,
0.105494 ,-0.128326 ,0.0167521 ,
0.106419 ,-0.128612 ,0.017073 ,
0.107361 ,-0.128904 ,0.0173897 ,
0.108321 ,-0.129201 ,0.0177021 ,
0.109298 ,-0.129503 ,0.0180101 ,
0.110291 ,-0.12981 ,0.0183133 ,
0.111301 ,-0.130122 ,0.0186117 ,
0.112327 ,-0.13044 ,0.0189051 ,
0.113369 ,-0.130762 ,0.0191932 ,
0.114426 ,-0.131089 ,0.0194759 ,
0.115499 ,-0.131421 ,0.0197531 ,
0.116587 ,-0.131757 ,0.0200246 ,
0.117689 ,-0.132098 ,0.0202901 ,
0.118806 ,-0.132444 ,0.0205497 ,
0.119937 ,-0.132794 ,0.0208031 ,
0.121082 ,-0.133148 ,0.0210502 ,
0.122239 ,-0.133506 ,0.0212908 ,
0.12341 ,-0.133868 ,0.0215249 ,
0.124594 ,-0.134234 ,0.0217522 ,
0.12579 ,-0.134604 ,0.0219727 ,
0.126997 ,-0.134978 ,0.0221862 ,
0.128216 ,-0.135355 ,0.0223926 ,
0.129447 ,-0.135735 ,0.0225918 ,
0.130687 ,-0.136119 ,0.0227838 ,
0.131939 ,-0.136506 ,0.0229683 ,
0.1332 ,-0.136896 ,0.0231453 ,
0.13447 ,-0.137289 ,0.0233147 ,
0.13575 ,-0.137685 ,0.0234765 ,
0.137038 ,-0.138084 ,0.0236304 ,
0.138335 ,-0.138485 ,0.0237765 ,
0.139639 ,-0.138888 ,0.0239146 ,
0.14095 ,-0.139294 ,0.0240448 ,
0.142269 ,-0.139702 ,0.0241669 ,
0.143594 ,-0.140112 ,0.0242808 ,
0.144925 ,-0.140523 ,0.0243865 ,
0.146261 ,-0.140937 ,0.024484 ,
0.147603 ,-0.141352 ,0.0245732 ,
0.148949 ,-0.141768 ,0.024654 ,
0.150299 ,-0.142186 ,0.0247264 ,
0.151654 ,-0.142605 ,0.0247904 ,
0.153011 ,-0.143025 ,0.0248459 ,
0.154371 ,-0.143446 ,0.0248929 ,
0.155734 ,-0.143867 ,0.0249315 ,
0.157098 ,-0.144289 ,0.0249614 ,
0.158464 ,-0.144712 ,0.0249829 ,
0.159831 ,-0.145134 ,0.0249957 ,
0.161198 ,-0.145557 ,0.025 ,
0.162565 ,-0.14598 ,0.0249957 ,
0.163932 ,-0.146403 ,0.0249829 ,
0.165298 ,-0.146826 ,0.0249614 ,
0.166662 ,-0.147248 ,0.0249315 ,
0.168025 ,-0.147669 ,0.0248929 ,
0.169385 ,-0.14809 ,0.0248459 ,
0.170743 ,-0.14851 ,0.0247904 ,
0.172097 ,-0.148929 ,0.0247264 ,
0.173447 ,-0.149346 ,0.024654 ,
0.174793 ,-0.149763 ,0.0245732 ,
0.176135 ,-0.150178 ,0.024484 ,
0.177471 ,-0.150591 ,0.0243865 ,
0.178802 ,-0.151003 ,0.0242808 ,
0.180127 ,-0.151413 ,0.0241669 ,
0.181446 ,-0.151821 ,0.0240448 ,
0.182757 ,-0.152226 ,0.0239146 ,
0.184061 ,-0.15263 ,0.0237765 ,
0.185358 ,-0.153031 ,0.0236304 ,
0.186646 ,-0.153429 ,0.0234765 ,
0.187926 ,-0.153825 ,0.0233147 ,
0.189196 ,-0.154218 ,0.0231453 ,
0.190457 ,-0.154608 ,0.0229683 ,
0.191709 ,-0.154995 ,0.0227838 ,
0.192949 ,-0.155379 ,0.0225918 ,
0.19418 ,-0.15576 ,0.0223926 ,
0.195399 ,-0.156137 ,0.0221862 ,
0.196606 ,-0.15651 ,0.0219727 ,
0.197802 ,-0.15688 ,0.0217522 ,
0.198986 ,-0.157246 ,0.0215249 ,
0.200157 ,-0.157609 ,0.0212908 ,
0.201314 ,-0.157967 ,0.0210502 ,
0.202459 ,-0.158321 ,0.0208031 ,
0.20359 ,-0.158671 ,0.0205497 ,
0.204707 ,-0.159016 ,0.0202901 ,
0.205809 ,-0.159357 ,0.0200246 ,
0.206897 ,-0.159694 ,0.0197531 ,
0.20797 ,-0.160026 ,0.0194759 ,
0.209027 ,-0.160353 ,0.0191932 ,
0.210069 ,-0.160675 ,0.0189051 ,
0.211095 ,-0.160992 ,0.0186117 ,
0.212105 ,-0.161305 ,0.0183133 ,
0.213098 ,-0.161612 ,0.0180101 ,
0.214075 ,-0.161914 ,0.0177021 ,
0.215035 ,-0.162211 ,0.0173897 ,
0.215977 ,-0.162502 ,0.017073 ,
0.216902 ,-0.162789 ,0.0167521 ,
0.217809 ,-0.163069 ,0.0164274 ,
0.218699 ,-0.163344 ,0.0160989 ,
0.21957 ,-0.163614 ,0.015767 ,
0.220424 ,-0.163878 ,0.0154317 ,
0.221258 ,-0.164136 ,0.0150935 ,
0.222075 ,-0.164389 ,0.0147523 ,
0.222872 ,-0.164635 ,0.0144086 ,
0.223651 ,-0.164876 ,0.0140625 ,
0.22441 ,-0.165111 ,0.0137142 ,
0.225151 ,-0.16534 ,0.0133641 ,
0.225872 ,-0.165563 ,0.0130123 ,
0.226574 ,-0.165781 ,0.0126591 ,
0.227257 ,-0.165992 ,0.0123047 ,
0.22792 ,-0.166197 ,0.0119494 ,
0.228564 ,-0.166396 ,0.0115935 ,
0.229188 ,-0.166589 ,0.0112372 ,
0.229793 ,-0.166776 ,0.0108808 ,
0.230378 ,-0.166957 ,0.0105246 ,
0.230944 ,-0.167132 ,0.0101689 ,
0.231491 ,-0.167301 ,0.00981391 ,
0.232018 ,-0.167464 ,0.00945995 ,
0.232526 ,-0.167622 ,0.00910731 ,
0.233014 ,-0.167773 ,0.0087563 ,
0.233483 ,-0.167918 ,0.00840722 ,
0.233934 ,-0.168057 ,0.00806036 ,
0.234365 ,-0.168191 ,0.00771605 ,
0.234778 ,-0.168318 ,0.0073746 ,
0.235172 ,-0.16844 ,0.00703632 ,
0.235548 ,-0.168556 ,0.00670155 ,
0.235905 ,-0.168667 ,0.0063706 ,
0.236244 ,-0.168772 ,0.00604382 ,
0.236566 ,-0.168871 ,0.00572155 ,
0.23687 ,-0.168966 ,0.00540411 ,
0.237157 ,-0.169054 ,0.00509186 ,
0.237427 ,-0.169138 ,0.00478516 ,
0.237681 ,-0.169216 ,0.00448434 ,
0.237918 ,-0.16929 ,0.00418979 ,
0.238139 ,-0.169358 ,0.00390184 ,
0.238345 ,-0.169422 ,0.00362089 ,
0.238536 ,-0.169481 ,0.00334729 ,
0.238711 ,-0.169535 ,0.00308143 ,
0.238873 ,-0.169585 ,0.00282369 ,
0.23902 ,-0.169631 ,0.00257445 ,
0.239155 ,-0.169672 ,0.0023341 ,
0.239276 ,-0.16971 ,0.00210305 ,
0.239385 ,-0.169743 ,0.00188168 ,
0.239482 ,-0.169773 ,0.0016704 ,
0.239568 ,-0.1698 ,0.00146962 ,
0.239643 ,-0.169823 ,0.00127975 ,
0.239708 ,-0.169843 ,0.0011012 ,
0.239764 ,-0.16986 ,0.000934411 ,
0.23981 ,-0.169875 ,0.000779793 ,
0.239849 ,-0.169887 ,0.00063778 ,
0.23988 ,-0.169897 ,0.000508805 ,
0.239905 ,-0.169904 ,0.000393309 ,
0.239924 ,-0.16991 ,0.000291733 ,
0.239937 ,-0.169914 ,0.000204527 ,
0.239946 ,-0.169917 ,0.000132141 ,
0.239952 ,-0.169919 ,7.5032e-05 ,
0.239955 ,-0.16992 ,3.36614e-05 ,
0.239956 ,-0.16992 ,8.49419e-06 ,
0.239956 ,-0.16992 ,1.11022e-16 ,
0.239956 ,-0.16992 ,0 ,
0.239956 ,-0.16992 ,0 ,
0.239956 ,-0.16992 ,0 ,
0.239956 ,-0.16992 ,0 ,
0.239956 ,-0.16992 ,0 ,
0.239956 ,-0.16992 ,0 ,
0.239956 ,-0.16992 ,0 ,
0.239956 ,-0.16992 ,0 ,
0.239956 ,-0.16992 ,0 ,
0.239956 ,-0.16992 ,0 ,
0.239956 ,-0.16992 ,0 ,
0.239956 ,-0.16992 ,0 ,
0.239956 ,-0.16992 ,0 ,
0.239956 ,-0.16992 ,0 ,
0.239956 ,-0.16992 ,0 ,
0.239956 ,-0.16992 ,0 ,
0.239956 ,-0.16992 ,0 ,
0.239956 ,-0.16992 ,0 ,
0.239956 ,-0.16992 ,0 ,
0.239956 ,-0.16992 ,0 ,
0.239956 ,-0.16992 ,0 ,
0.239956 ,-0.16992 ,0 ,
0.239956 ,-0.16992 ,0 ,
0.239956 ,-0.16992 ,0 ,
0.239956 ,-0.16992 ,0 ,
0.239956 ,-0.16992 ,0 ,
0.239956 ,-0.16992 ,0 ,
0.239956 ,-0.16992 ,0 ,
0.239956 ,-0.16992 ,0 ,
0.239956 ,-0.16992 ,0 ,
0.239956 ,-0.16992 ,0 ,
0.239956 ,-0.16992 ,0 ,
0.239956 ,-0.16992 ,0 ,
0.239956 ,-0.16992 ,0 ,
0.239956 ,-0.16992 ,0 ,
0.239956 ,-0.16992 ,0 ,
0.239956 ,-0.16992 ,0 ,
0.239956 ,-0.16992 ,0 ,
0.239956 ,-0.16992 ,0 ,
0.239956 ,-0.16992 ,0 ,
0.239956 ,-0.16992 ,0 ,
0.239956 ,-0.16992 ,0 ,
0.239956 ,-0.16992 ,0 ,
0.239956 ,-0.16992 ,0 ,
0.239956 ,-0.16992 ,0 ,
0.239956 ,-0.16992 ,0 ,
0.239956 ,-0.16992 ,0 ,
0.239956 ,-0.16992 ,0 ,
0.239956 ,-0.16992 ,0 ,
0.239956 ,-0.16992 ,0 ,
0.239956 ,-0.16992 ,0 ,
0.239956 ,-0.16992 ,0 ,
0.239956 ,-0.16992 ,0 ,
0.239956 ,-0.16992 ,0 ,
0.239956 ,-0.16992 ,0 ,
0.239956 ,-0.16992 ,0 ,
0.239956 ,-0.16992 ,0 ,
0.239956 ,-0.16992 ,0 ,
0.239956 ,-0.16992 ,0 ,
0.239956 ,-0.16992 ,0 ,
0.239956 ,-0.16992 ,0 ,
0.239956 ,-0.16992 ,0 ,
0.239956 ,-0.16992 ,0 ,
0.239956 ,-0.16992 ,0 ,
0.239956 ,-0.16992 ,0 ,
0.239956 ,-0.16992 ,0 ,
0.239956 ,-0.16992 ,0 ,
0.239956 ,-0.16992 ,0 ,
0.239956 ,-0.16992 ,0 ,
0.239956 ,-0.16992 ,0 ,
0.239956 ,-0.16992 ,0 ,
0.239956 ,-0.16992 ,0 ,
0.239956 ,-0.16992 ,0 ,
0.239956 ,-0.16992 ,0 ,
0.239956 ,-0.16992 ,0 ,
0.239956 ,-0.16992 ,0 ,
0.239956 ,-0.16992 ,0 ,
0.239956 ,-0.16992 ,0 ,
0.239956 ,-0.16992 ,0 ,
0.239956 ,-0.16992 ,0 ,
0.239956 ,-0.16992 ,0 ,
0.239956 ,-0.16992 ,0 ,
0.239956 ,-0.16992 ,0 ,
0.239956 ,-0.16992 ,0 ,
0.239956 ,-0.16992 ,0 ,
0.239956 ,-0.16992 ,0 ,
0.239956 ,-0.16992 ,0 ,
0.239956 ,-0.16992 ,0 ,
0.239956 ,-0.16992 ,0 ,
0.239956 ,-0.16992 ,0 ,
0.239956 ,-0.16992 ,0 ,
0.239956 ,-0.16992 ,0 ,
0.239956 ,-0.16992 ,0 ,
0.239956 ,-0.16992 ,0 ,
0.239956 ,-0.16992 ,0 ,
0.239956 ,-0.16992 ,0 ,
0.239956 ,-0.16992 ,0 ,
0.239956 ,-0.16992 ,0 ,
0.239956 ,-0.16992 ,0 ,
0.239956 ,-0.16992 ,0 ,
0.239956 ,-0.16992 ,0 ,
0.239956 ,-0.16992 ,0 ,
0.239956 ,-0.16992 ,0 ,
0.239956 ,-0.16992 ,0 ,
0.239956 ,-0.16992 ,0 ,
0.239956 ,-0.16992 ,0 ,
0.239956 ,-0.16992 ,0 ,
0.239956 ,-0.16992 ,0 ,
0.239956 ,-0.16992 ,0 ,
0.239956 ,-0.16992 ,0 ,
0.239956 ,-0.16992 ,0 ,
0.239956 ,-0.16992 ,0 ,
0.239956 ,-0.16992 ,0 ,
0.239956 ,-0.16992 ,0 ,
0.239956 ,-0.16992 ,0 ,
0.239956 ,-0.16992 ,0 ,
0.239956 ,-0.16992 ,0 ,
0.239956 ,-0.16992 ,0 ,
0.239956 ,-0.16992 ,0 ,
0.239956 ,-0.16992 ,0 ,
0.239956 ,-0.16992 ,0 ,
0.239956 ,-0.16992 ,0 ,
0.239956 ,-0.16992 ,0 ,
0.239956 ,-0.16992 ,0 ,
0.239956 ,-0.16992 ,0 ,
0.239956 ,-0.16992 ,0 ,
0.239956 ,-0.16992 ,0 ,
0.239956 ,-0.16992 ,0 ,
0.239956 ,-0.16992 ,0 ,
0.239956 ,-0.16992 ,0 ,
0.239956 ,-0.16992 ,0 ,
0.239956 ,-0.16992 ,0 ,
0.239956 ,-0.16992 ,0 ,
0.239956 ,-0.16992 ,0 ,
0.239956 ,-0.16992 ,0 ,
0.239956 ,-0.16992 ,0 ,
0.239956 ,-0.16992 ,0 ,
0.239956 ,-0.16992 ,0 ,
0.239956 ,-0.16992 ,0 ,
0.239956 ,-0.16992 ,0 ,
0.239956 ,-0.16992 ,0 ,
0.239956 ,-0.16992 ,0 ,
0.239956 ,-0.16992 ,0 ,
0.239956 ,-0.16992 ,0 ,
0.239956 ,-0.16992 ,0 ,
0.239956 ,-0.16992 ,0 ,
0.239956 ,-0.16992 ,0 ,
0.239956 ,-0.16992 ,0 ,
0.239956 ,-0.16992 ,0 ,
0.239956 ,-0.16992 ,0 ,
0.239956 ,-0.16992 ,0 ,
0.239956 ,-0.16992 ,0 ,
0.239956 ,-0.16992 ,0 ,
0.239956 ,-0.16992 ,0 ,
0.239956 ,-0.16992 ,0 ,
0.239956 ,-0.16992 ,0 ,
0.239956 ,-0.16992 ,0 ,
0.239956 ,-0.16992 ,0 ,
0.239956 ,-0.16992 ,0 ,
0.239956 ,-0.16992 ,0 ,
0.239956 ,-0.16992 ,0 ,
0.239956 ,-0.16992 ,0 ,
0.239956 ,-0.16992 ,0 ,
0.239956 ,-0.16992 ,0 ,
0.239956 ,-0.16992 ,0 ,
0.239956 ,-0.16992 ,0 ,
0.239956 ,-0.16992 ,0 ,
0.239956 ,-0.16992 ,0 ,
0.239956 ,-0.16992 ,0 ,
0.239956 ,-0.16992 ,0 ,
0.239956 ,-0.16992 ,0 ,
0.239956 ,-0.16992 ,0 ,
0.239956 ,-0.16992 ,0 ,
0.239956 ,-0.16992 ,0 ,
0.239956 ,-0.16992 ,0 ,
0.239956 ,-0.16992 ,0 ,
0.239956 ,-0.16992 ,0 ,
0.239956 ,-0.16992 ,0 ,
0.239956 ,-0.16992 ,0 ,
0.239956 ,-0.16992 ,0 ,
0.239956 ,-0.16992 ,0 ,
0.239956 ,-0.16992 ,0 ,
0.239956 ,-0.16992 ,0 ,
0.239956 ,-0.16992 ,0 ,
0.239956 ,-0.16992 ,0 ,
0.239956 ,-0.16992 ,0 ,
0.239956 ,-0.16992 ,0 ,
0.239956 ,-0.16992 ,0 ,
0.239956 ,-0.16992 ,0 ,
0.239956 ,-0.16992 ,0 ,
0.239956 ,-0.16992 ,0 ,
0.239956 ,-0.16992 ,0 ,
0.239956 ,-0.16992 ,0 ,
0.239956 ,-0.16992 ,0 ,
0.239956 ,-0.16992 ,0 ,
0.239956 ,-0.16992 ,0 ,
0.239956 ,-0.16992 ,0 ,
0.239956 ,-0.16992 ,0 ,
0.239956 ,-0.16992 ,0 ,
0.239956 ,-0.16992 ,0 ,
0.239956 ,-0.16992 ,0 ,
0.239956 ,-0.16992 ,0 ,
0.239956 ,-0.16992 ,0 ,
0.239956 ,-0.16992 ,0 ,
0.239956 ,-0.16992 ,0 ,
0.239956 ,-0.16992 ,0 ,
0.239956 ,-0.16992 ,0 ,
0.239956 ,-0.16992 ,0 ,
0.239956 ,-0.16992 ,0 ,
0.239956 ,-0.16992 ,0 ,
0.239956 ,-0.16992 ,0 ,
0.239956 ,-0.16992 ,0 ,
0.239956 ,-0.16992 ,0 ,
0.239956 ,-0.16992 ,0 ,
0.239956 ,-0.16992 ,0 ,
0.239956 ,-0.16992 ,0 ,
0.239956 ,-0.16992 ,0 ,
0.239956 ,-0.16992 ,0 ,
0.239956 ,-0.16992 ,0 ,
0.239956 ,-0.16992 ,0 ,
0.239956 ,-0.16992 ,0 ,
0.239956 ,-0.16992 ,0 ,
0.239956 ,-0.16992 ,0 ,
0.239956 ,-0.16992 ,0 ,
0.239956 ,-0.16992 ,0 ,
0.239956 ,-0.16992 ,0 ,
0.239956 ,-0.16992 ,0 ,
0.239956 ,-0.16992 ,0 ,
0.239956 ,-0.16992 ,0 ,
0.239956 ,-0.16992 ,0 ,
0.239956 ,-0.16992 ,0 ,
0.239956 ,-0.16992 ,0 ,
0.239956 ,-0.16992 ,0 ,
0.239956 ,-0.16992 ,0 ,
0.239956 ,-0.16992 ,0 ,
0.239956 ,-0.16992 ,0 ,
0.239956 ,-0.16992 ,0 ,
0.239956 ,-0.16992 ,0 ,
0.239956 ,-0.16992 ,0 ,
0.239956 ,-0.16992 ,0 ,
0.239956 ,-0.16992 ,0 ,
0.239956 ,-0.16992 ,0 ,
0.239956 ,-0.16992 ,0 ,
0.239956 ,-0.16992 ,0 ,
0.239956 ,-0.16992 ,0 ,
0.239956 ,-0.16992 ,0 ,
0.239956 ,-0.16992 ,0 ,
0.239956 ,-0.16992 ,0 ,
0.239956 ,-0.16992 ,0 ,
0.239956 ,-0.16992 ,0 ,
0.239956 ,-0.16992 ,0 ,
0.239956 ,-0.16992 ,0 ,
0.239956 ,-0.16992 ,0 ,
0.239956 ,-0.16992 ,0 ,
0.239956 ,-0.16992 ,0 ,
0.239956 ,-0.16992 ,0 ,
0.239956 ,-0.16992 ,0 ,
0.239956 ,-0.16992 ,0 ,
0.239956 ,-0.16992 ,0 ,
0.239956 ,-0.16992 ,0 ,
0.239956 ,-0.16992 ,0 ,
0.239956 ,-0.16992 ,0 ,
0.239956 ,-0.16992 ,0 ,
0.239956 ,-0.16992 ,0 ,
0.239956 ,-0.16992 ,0 ,
0.239956 ,-0.16992 ,0 ,
0.239956 ,-0.16992 ,0 ,
0.239956 ,-0.16992 ,0 ,
0.239956 ,-0.16992 ,8.49419e-06 ,
0.239957 ,-0.169921 ,3.36614e-05 ,
0.23996 ,-0.169922 ,7.5032e-05 ,
0.239964 ,-0.169926 ,0.000132141 ,
0.239972 ,-0.169931 ,0.000204527 ,
0.239984 ,-0.169939 ,0.000291733 ,
0.24 ,-0.16995 ,0.000393309 ,
0.240021 ,-0.169965 ,0.000508805 ,
0.240048 ,-0.169983 ,0.00063778 ,
0.240082 ,-0.170006 ,0.000779793 ,
0.240122 ,-0.170034 ,0.000934411 ,
0.24017 ,-0.170067 ,0.0011012 ,
0.240227 ,-0.170105 ,0.00127975 ,
0.240291 ,-0.17015 ,0.00146962 ,
0.240366 ,-0.1702 ,0.0016704 ,
0.240449 ,-0.170258 ,0.00188168 ,
0.240544 ,-0.170322 ,0.00210305 ,
0.240648 ,-0.170394 ,0.0023341 ,
0.240764 ,-0.170473 ,0.00257445 ,
0.240892 ,-0.17056 ,0.00282369 ,
0.241031 ,-0.170656 ,0.00308143 ,
0.241183 ,-0.17076 ,0.00334729 ,
0.241348 ,-0.170872 ,0.00362089 ,
0.241525 ,-0.170994 ,0.00390184 ,
0.241717 ,-0.171124 ,0.00418979 ,
0.241921 ,-0.171265 ,0.00448434 ,
0.24214 ,-0.171414 ,0.00478516 ,
0.242374 ,-0.171574 ,0.00509186 ,
0.242622 ,-0.171744 ,0.00540411 ,
0.242884 ,-0.171924 ,0.00572155 ,
0.243162 ,-0.172114 ,0.00604382 ,
0.243456 ,-0.172314 ,0.0063706 ,
0.243765 ,-0.172526 ,0.00670155 ,
0.244089 ,-0.172748 ,0.00703632 ,
0.24443 ,-0.172981 ,0.0073746 ,
0.244786 ,-0.173224 ,0.00771605 ,
0.245159 ,-0.173479 ,0.00806036 ,
0.245548 ,-0.173746 ,0.00840722 ,
0.245953 ,-0.174023 ,0.0087563 ,
0.246375 ,-0.174312 ,0.00910731 ,
0.246814 ,-0.174612 ,0.00945995 ,
0.247269 ,-0.174923 ,0.00981391 ,
0.247741 ,-0.175246 ,0.0101689 ,
0.24823 ,-0.175581 ,0.0105246 ,
0.248736 ,-0.175927 ,0.0108808 ,
0.249259 ,-0.176284 ,0.0112372 ,
0.249798 ,-0.176653 ,0.0115935 ,
0.250354 ,-0.177034 ,0.0119494 ,
0.250927 ,-0.177426 ,0.0123047 ,
0.251517 ,-0.177829 ,0.0126591 ,
0.252123 ,-0.178244 ,0.0130123 ,
0.252747 ,-0.178671 ,0.0133641 ,
0.253386 ,-0.179108 ,0.0137142 ,
0.254043 ,-0.179557 ,0.0140625 ,
0.254715 ,-0.180017 ,0.0144086 ,
0.255404 ,-0.180489 ,0.0147523 ,
0.256109 ,-0.180971 ,0.0150935 ,
0.25683 ,-0.181464 ,0.0154317 ,
0.257568 ,-0.181969 ,0.015767 ,
0.25832 ,-0.182484 ,0.0160989 ,
0.259089 ,-0.18301 ,0.0164274 ,
0.259873 ,-0.183546 ,0.0167521 ,
0.260672 ,-0.184093 ,0.017073 ,
0.261486 ,-0.18465 ,0.0173897 ,
0.262315 ,-0.185217 ,0.0177021 ,
0.263159 ,-0.185794 ,0.0180101 ,
0.264017 ,-0.186381 ,0.0183133 ,
0.264889 ,-0.186978 ,0.0186117 ,
0.265776 ,-0.187584 ,0.0189051 ,
0.266676 ,-0.1882 ,0.0191932 ,
0.267589 ,-0.188825 ,0.0194759 ,
0.268516 ,-0.189459 ,0.0197531 ,
0.269456 ,-0.190102 ,0.0200246 ,
0.270409 ,-0.190754 ,0.0202901 ,
0.271373 ,-0.191414 ,0.0205497 ,
0.27235 ,-0.192082 ,0.0208031 ,
0.273339 ,-0.192759 ,0.0210502 ,
0.27434 ,-0.193443 ,0.0212908 ,
0.275351 ,-0.194135 ,0.0215249 ,
0.276374 ,-0.194835 ,0.0217522 ,
0.277407 ,-0.195541 ,0.0219727 ,
0.27845 ,-0.196255 ,0.0221862 ,
0.279503 ,-0.196976 ,0.0223926 ,
0.280566 ,-0.197703 ,0.0225918 ,
0.281638 ,-0.198436 ,0.0227838 ,
0.282719 ,-0.199176 ,0.0229683 ,
0.283808 ,-0.199921 ,0.0231453 ,
0.284906 ,-0.200672 ,0.0233147 ,
0.286011 ,-0.201428 ,0.0234765 ,
0.287124 ,-0.20219 ,0.0236304 ,
0.288244 ,-0.202956 ,0.0237765 ,
0.289371 ,-0.203727 ,0.0239146 ,
0.290504 ,-0.204502 ,0.0240448 ,
0.291643 ,-0.205281 ,0.0241669 ,
0.292788 ,-0.206064 ,0.0242808 ,
0.293938 ,-0.206851 ,0.0243865 ,
0.295092 ,-0.207641 ,0.024484 ,
0.296251 ,-0.208434 ,0.0245732 ,
0.297414 ,-0.209229 ,0.024654 ,
0.298581 ,-0.210028 ,0.0247264 ,
0.299751 ,-0.210828 ,0.0247904 ,
0.300924 ,-0.21163 ,0.0248459 ,
0.302099 ,-0.212434 ,0.0248929 ,
0.303276 ,-0.21324 ,0.0249315 ,
0.304455 ,-0.214046 ,0.0249614 ,
0.305635 ,-0.214853 ,0.0249829 ,
0.306815 ,-0.215661 ,0.0249957 ,
0.307997 ,-0.216469 ,0.025 ,
0.309178 ,-0.217277 ,0.0249957 ,
0.310359 ,-0.218085 ,0.0249829 ,
0.311539 ,-0.218892 ,0.0249614 ,
0.312717 ,-0.219699 ,0.0249315 ,
0.313895 ,-0.220504 ,0.0248929 ,
0.31507 ,-0.221308 ,0.0248459 ,
0.316242 ,-0.22211 ,0.0247904 ,
0.317412 ,-0.222911 ,0.0247264 ,
0.318579 ,-0.223709 ,0.024654 ,
0.319742 ,-0.224505 ,0.0245732 ,
0.320901 ,-0.225297 ,0.024484 ,
0.322056 ,-0.226087 ,0.0243865 ,
0.323205 ,-0.226874 ,0.0242808 ,
0.32435 ,-0.227657 ,0.0241669 ,
0.325489 ,-0.228436 ,0.0240448 ,
0.326622 ,-0.229212 ,0.0239146 ,
0.327749 ,-0.229982 ,0.0237765 ,
0.328869 ,-0.230749 ,0.0236304 ,
0.329982 ,-0.23151 ,0.0234765 ,
0.331087 ,-0.232266 ,0.0233147 ,
0.332185 ,-0.233017 ,0.0231453 ,
0.333274 ,-0.233763 ,0.0229683 ,
0.334355 ,-0.234502 ,0.0227838 ,
0.335427 ,-0.235236 ,0.0225918 ,
0.33649 ,-0.235963 ,0.0223926 ,
0.337543 ,-0.236683 ,0.0221862 ,
0.338587 ,-0.237397 ,0.0219727 ,
0.33962 ,-0.238104 ,0.0217522 ,
0.340642 ,-0.238803 ,0.0215249 ,
0.341654 ,-0.239495 ,0.0212908 ,
0.342654 ,-0.24018 ,0.0210502 ,
0.343643 ,-0.240856 ,0.0208031 ,
0.34462 ,-0.241524 ,0.0205497 ,
0.345585 ,-0.242185 ,0.0202901 ,
0.346537 ,-0.242836 ,0.0200246 ,
0.347477 ,-0.243479 ,0.0197531 ,
0.348404 ,-0.244113 ,0.0194759 ,
0.349317 ,-0.244738 ,0.0191932 ,
0.350218 ,-0.245354 ,0.0189051 ,
0.351104 ,-0.24596 ,0.0186117 ,
0.351976 ,-0.246557 ,0.0183133 ,
0.352835 ,-0.247144 ,0.0180101 ,
0.353678 ,-0.247722 ,0.0177021 ,
0.354507 ,-0.248289 ,0.0173897 ,
0.355322 ,-0.248846 ,0.017073 ,
0.356121 ,-0.249393 ,0.0167521 ,
0.356905 ,-0.249929 ,0.0164274 ,
0.357673 ,-0.250455 ,0.0160989 ,
0.358426 ,-0.25097 ,0.015767 ,
0.359163 ,-0.251474 ,0.0154317 ,
0.359884 ,-0.251967 ,0.0150935 ,
0.360589 ,-0.25245 ,0.0147523 ,
0.361278 ,-0.252921 ,0.0144086 ,
0.361951 ,-0.253381 ,0.0140625 ,
0.362607 ,-0.25383 ,0.0137142 ,
0.363247 ,-0.254268 ,0.0133641 ,
0.36387 ,-0.254694 ,0.0130123 ,
0.364476 ,-0.255109 ,0.0126591 ,
0.365066 ,-0.255513 ,0.0123047 ,
0.365639 ,-0.255905 ,0.0119494 ,
0.366195 ,-0.256285 ,0.0115935 ,
0.366735 ,-0.256654 ,0.0112372 ,
0.367257 ,-0.257012 ,0.0108808 ,
0.367763 ,-0.257358 ,0.0105246 ,
0.368252 ,-0.257692 ,0.0101689 ,
0.368724 ,-0.258015 ,0.00981391 ,
0.369179 ,-0.258327 ,0.00945995 ,
0.369618 ,-0.258627 ,0.00910731 ,
0.37004 ,-0.258915 ,0.0087563 ,
0.370446 ,-0.259193 ,0.00840722 ,
0.370835 ,-0.259459 ,0.00806036 ,
0.371207 ,-0.259714 ,0.00771605 ,
0.371564 ,-0.259958 ,0.0073746 ,
0.371904 ,-0.260191 ,0.00703632 ,
0.372229 ,-0.260413 ,0.00670155 ,
0.372538 ,-0.260624 ,0.0063706 ,
0.372831 ,-0.260825 ,0.00604382 ,
0.373109 ,-0.261015 ,0.00572155 ,
0.373372 ,-0.261195 ,0.00540411 ,
0.37362 ,-0.261364 ,0.00509186 ,
0.373853 ,-0.261524 ,0.00478516 ,
0.374072 ,-0.261674 ,0.00448434 ,
0.374277 ,-0.261814 ,0.00418979 ,
0.374468 ,-0.261945 ,0.00390184 ,
0.374646 ,-0.262066 ,0.00362089 ,
0.37481 ,-0.262179 ,0.00334729 ,
0.374962 ,-0.262283 ,0.00308143 ,
0.375102 ,-0.262378 ,0.00282369 ,
0.375229 ,-0.262465 ,0.00257445 ,
0.375345 ,-0.262545 ,0.0023341 ,
0.37545 ,-0.262616 ,0.00210305 ,
0.375544 ,-0.262681 ,0.00188168 ,
0.375628 ,-0.262738 ,0.0016704 ,
0.375702 ,-0.262789 ,0.00146962 ,
0.375767 ,-0.262833 ,0.00127975 ,
0.375823 ,-0.262872 ,0.0011012 ,
0.375871 ,-0.262905 ,0.000934411 ,
0.375912 ,-0.262932 ,0.000779793 ,
0.375945 ,-0.262955 ,0.00063778 ,
0.375972 ,-0.262974 ,0.000508805 ,
0.375993 ,-0.262988 ,0.000393309 ,
0.376009 ,-0.262999 ,0.000291733 ,
0.376021 ,-0.263007 ,0.000204527 ,
0.376029 ,-0.263013 ,0.000132141 ,
0.376034 ,-0.263016 ,7.5032e-05 ,
0.376036 ,-0.263018 ,3.36614e-05 ,
0.376037 ,-0.263018 ,8.49419e-06 ,
0.376037 ,-0.263018 ,1.11022e-16 ,
0.376037 ,-0.263018 ,0 ,
0.376037 ,-0.263018 ,0 ,
0.376037 ,-0.263018 ,0 ,
0.376037 ,-0.263018 ,0 ,
0.376037 ,-0.263018 ,0 ,
0.376037 ,-0.263018 ,0 ,
0.376037 ,-0.263018 ,0 ,
0.376037 ,-0.263018 ,0 ,
0.376037 ,-0.263018 ,0 ,
0.376037 ,-0.263018 ,0 ,
0.376037 ,-0.263018 ,0 ,
0.376037 ,-0.263018 ,0 ,
0.376037 ,-0.263018 ,0 ,
0.376037 ,-0.263018 ,0 ,
0.376037 ,-0.263018 ,0 ,
0.376037 ,-0.263018 ,0 ,
0.376037 ,-0.263018 ,0 ,
0.376037 ,-0.263018 ,0 ,
0.376037 ,-0.263018 ,0 ,
0.376037 ,-0.263018 ,0 ,
0.376037 ,-0.263018 ,0 ,
0.376037 ,-0.263018 ,0 ,
0.376037 ,-0.263018 ,0 ,
0.376037 ,-0.263018 ,0 ,
0.376037 ,-0.263018 ,0 ,
0.376037 ,-0.263018 ,0 ,
0.376037 ,-0.263018 ,0 ,
0.376037 ,-0.263018 ,0 ,
0.376037 ,-0.263018 ,0 ,
0.376037 ,-0.263018 ,0 ,
0.376037 ,-0.263018 ,0 ,
0.376037 ,-0.263018 ,0 ,
0.376037 ,-0.263018 ,0 ,
0.376037 ,-0.263018 ,0 ,
0.376037 ,-0.263018 ,0 ,
0.376037 ,-0.263018 ,0 ,
0.376037 ,-0.263018 ,0 ,
0.376037 ,-0.263018 ,0 ,
0.376037 ,-0.263018 ,0 ,
0.376037 ,-0.263018 ,0 ,
0.376037 ,-0.263018 ,0 ,
0.376037 ,-0.263018 ,0 ,
0.376037 ,-0.263018 ,0 ,
0.376037 ,-0.263018 ,0 ,
0.376037 ,-0.263018 ,0 ,
0.376037 ,-0.263018 ,0 ,
0.376037 ,-0.263018 ,0 ,
0.376037 ,-0.263018 ,0 ,
0.376037 ,-0.263018 ,0 ,
0.376037 ,-0.263018 ,0 ,
0.376037 ,-0.263018 ,0 ,
0.376037 ,-0.263018 ,0 ,
0.376037 ,-0.263018 ,0 ,
0.376037 ,-0.263018 ,0 ,
0.376037 ,-0.263018 ,0 ,
0.376037 ,-0.263018 ,0 ,
0.376037 ,-0.263018 ,0 ,
0.376037 ,-0.263018 ,0 ,
0.376037 ,-0.263018 ,0 ,
0.376037 ,-0.263018 ,0 ,
0.376037 ,-0.263018 ,0 ,
0.376037 ,-0.263018 ,0 ,
0.376037 ,-0.263018 ,0 ,
0.376037 ,-0.263018 ,0 ,
0.376037 ,-0.263018 ,0 ,
0.376037 ,-0.263018 ,0 ,
0.376037 ,-0.263018 ,0 ,
0.376037 ,-0.263018 ,0 ,
0.376037 ,-0.263018 ,0 ,
0.376037 ,-0.263018 ,0 ,
0.376037 ,-0.263018 ,0 ,
0.376037 ,-0.263018 ,0 ,
0.376037 ,-0.263018 ,0 ,
0.376037 ,-0.263018 ,0 ,
0.376037 ,-0.263018 ,0 ,
0.376037 ,-0.263018 ,0 ,
0.376037 ,-0.263018 ,0 ,
0.376037 ,-0.263018 ,0 ,
0.376037 ,-0.263018 ,0 ,
0.376037 ,-0.263018 ,0 ,
0.376037 ,-0.263018 ,0 ,
0.376037 ,-0.263018 ,0 ,
0.376037 ,-0.263018 ,0 ,
0.376037 ,-0.263018 ,0 ,
0.376037 ,-0.263018 ,0 ,
0.376037 ,-0.263018 ,0 ,
0.376037 ,-0.263018 ,0 ,
0.376037 ,-0.263018 ,0 ,
0.376037 ,-0.263018 ,0 ,
0.376037 ,-0.263018 ,0 ,
0.376037 ,-0.263018 ,0 ,
0.376037 ,-0.263018 ,0 ,
0.376037 ,-0.263018 ,0 ,
0.376037 ,-0.263018 ,0 ,
0.376037 ,-0.263018 ,0 ,
0.376037 ,-0.263018 ,0 ,
0.376037 ,-0.263018 ,0 ,
0.376037 ,-0.263018 ,0 ,
0.376037 ,-0.263018 ,0 ,
0.376037 ,-0.263018 ,0 ,
0.376037 ,-0.263018 ,0 ,
0.376037 ,-0.263018 ,0 ,
0.376037 ,-0.263018 ,0 ,
0.376037 ,-0.263018 ,0 ,
0.376037 ,-0.263018 ,0 ,
0.376037 ,-0.263018 ,0 ,
0.376037 ,-0.263018 ,0 ,
0.376037 ,-0.263018 ,0 ,
0.376037 ,-0.263018 ,0 ,
0.376037 ,-0.263018 ,0 ,
0.376037 ,-0.263018 ,0 ,
0.376037 ,-0.263018 ,0 ,
0.376037 ,-0.263018 ,0 ,
0.376037 ,-0.263018 ,0 ,
0.376037 ,-0.263018 ,0 ,
0.376037 ,-0.263018 ,0 ,
0.376037 ,-0.263018 ,0 ,
0.376037 ,-0.263018 ,0 ,
0.376037 ,-0.263018 ,0 ,
0.376037 ,-0.263018 ,0 ,
0.376037 ,-0.263018 ,0 ,
0.376037 ,-0.263018 ,0 ,
0.376037 ,-0.263018 ,0 ,
0.376037 ,-0.263018 ,0 ,
0.376037 ,-0.263018 ,0 ,
0.376037 ,-0.263018 ,0 ,
0.376037 ,-0.263018 ,0 ,
0.376037 ,-0.263018 ,0 ,
0.376037 ,-0.263018 ,0 ,
0.376037 ,-0.263018 ,0 ,
0.376037 ,-0.263018 ,0 ,
0.376037 ,-0.263018 ,0 ,
0.376037 ,-0.263018 ,0 ,
0.376037 ,-0.263018 ,0 ,
0.376037 ,-0.263018 ,0 ,
0.376037 ,-0.263018 ,0 ,
0.376037 ,-0.263018 ,0 ,
0.376037 ,-0.263018 ,0 ,
0.376037 ,-0.263018 ,0 ,
0.376037 ,-0.263018 ,0 ,
0.376037 ,-0.263018 ,0 ,
0.376037 ,-0.263018 ,0 ,
0.376037 ,-0.263018 ,0 ,
0.376037 ,-0.263018 ,0 ,
0.376037 ,-0.263018 ,0 ,
0.376037 ,-0.263018 ,0 ,
0.376037 ,-0.263018 ,0 ,
0.376037 ,-0.263018 ,0 ,
0.376037 ,-0.263018 ,0 ,
0.376037 ,-0.263018 ,0 ,
0.376037 ,-0.263018 ,0 ,
0.376037 ,-0.263018 ,0 ,
0.376037 ,-0.263018 ,0 ,
0.376037 ,-0.263018 ,0 ,
0.376037 ,-0.263018 ,0 ,
0.376037 ,-0.263018 ,0 ,
0.376037 ,-0.263018 ,0 ,
0.376037 ,-0.263018 ,0 ,
0.376037 ,-0.263018 ,0 ,
0.376037 ,-0.263018 ,0 ,
0.376037 ,-0.263018 ,0 ,
0.376037 ,-0.263018 ,0 ,
0.376037 ,-0.263018 ,0 ,
0.376037 ,-0.263018 ,0 ,
0.376037 ,-0.263018 ,0 ,
0.376037 ,-0.263018 ,0 ,
0.376037 ,-0.263018 ,0 ,
0.376037 ,-0.263018 ,0 ,
0.376037 ,-0.263018 ,0 ,
0.376037 ,-0.263018 ,0 ,
0.376037 ,-0.263018 ,0 ,
0.376037 ,-0.263018 ,0 ,
0.376037 ,-0.263018 ,0 ,
0.376037 ,-0.263018 ,0 ,
0.376037 ,-0.263018 ,0 ,
0.376037 ,-0.263018 ,0 ,
0.376037 ,-0.263018 ,0 ,
0.376037 ,-0.263018 ,0 ,
0.376037 ,-0.263018 ,0 ,
0.376037 ,-0.263018 ,0 ,
0.376037 ,-0.263018 ,0 ,
0.376037 ,-0.263018 ,0 ,
0.376037 ,-0.263018 ,0 ,
0.376037 ,-0.263018 ,0 ,
0.376037 ,-0.263018 ,0 ,
0.376037 ,-0.263018 ,0 ,
0.376037 ,-0.263018 ,0 ,
0.376037 ,-0.263018 ,0 ,
0.376037 ,-0.263018 ,0 ,
0.376037 ,-0.263018 ,0 ,
0.376037 ,-0.263018 ,0 ,
0.376037 ,-0.263018 ,0 ,
0.376037 ,-0.263018 ,0 ,
0.376037 ,-0.263018 ,0 ,
0.376037 ,-0.263018 ,0 ,
0.376037 ,-0.263018 ,0 ,
0.376037 ,-0.263018 ,0 ,
0.376037 ,-0.263018 ,0 ,
0.376037 ,-0.263018 ,0 ,
0.376037 ,-0.263018 ,0 ,
0.376037 ,-0.263018 ,0 ,
0.376037 ,-0.263018 ,0 ,
0.376037 ,-0.263018 ,0 ,
0.376037 ,-0.263018 ,0 ,
0.376037 ,-0.263018 ,0 ,
0.376037 ,-0.263018 ,0 ,
0.376037 ,-0.263018 ,0 ,
0.376037 ,-0.263018 ,0 ,
0.376037 ,-0.263018 ,0 ,
0.376037 ,-0.263018 ,0 ,
0.376037 ,-0.263018 ,0 ,
0.376037 ,-0.263018 ,0 ,
0.376037 ,-0.263018 ,0 ,
0.376037 ,-0.263018 ,0 ,
0.376037 ,-0.263018 ,0 ,
0.376037 ,-0.263018 ,0 ,
0.376037 ,-0.263018 ,0 ,
0.376037 ,-0.263018 ,0 ,
0.376037 ,-0.263018 ,0 ,
0.376037 ,-0.263018 ,0 ,
0.376037 ,-0.263018 ,0 ,
0.376037 ,-0.263018 ,0 ,
0.376037 ,-0.263018 ,0 ,
0.376037 ,-0.263018 ,0 ,
0.376037 ,-0.263018 ,0 ,
0.376037 ,-0.263018 ,0 ,
0.376037 ,-0.263018 ,0 ,
0.376037 ,-0.263018 ,0 ,
0.376037 ,-0.263018 ,0 ,
0.376037 ,-0.263018 ,0 ,
0.376037 ,-0.263018 ,0 ,
0.376037 ,-0.263018 ,0 ,
0.376037 ,-0.263018 ,0 ,
0.376037 ,-0.263018 ,0 ,
0.376037 ,-0.263018 ,0 ,
0.376037 ,-0.263018 ,0 ,
0.376037 ,-0.263018 ,0 ,
0.376037 ,-0.263018 ,0 ,
0.376037 ,-0.263018 ,0 ,
0.376037 ,-0.263018 ,0 ,
0.376037 ,-0.263018 ,0 ,
0.376037 ,-0.263018 ,0 ,
0.376037 ,-0.263018 ,0 ,
0.376037 ,-0.263018 ,0 ,
0.376037 ,-0.263018 ,0 ,
0.376037 ,-0.263018 ,0 ,
0.376037 ,-0.263018 ,0 ,
0.376037 ,-0.263018 ,0 ,
0.376037 ,-0.263018 ,0 ,
0.376037 ,-0.263018 ,0 ,
0.376037 ,-0.263018 ,0 ,
0.376037 ,-0.263018 ,0 ,
0.376037 ,-0.263018 ,0 ,
0.376037 ,-0.263018 ,0 ,
0.376037 ,-0.263018 ,0 ,
0.376037 ,-0.263018 ,0 ,
0.376037 ,-0.263018 ,0 ,
0.376037 ,-0.263018 ,0 ,
0.376037 ,-0.263018 ,0 ,
0.376037 ,-0.263018 ,0 ,
0.376037 ,-0.263018 ,0 ,
0.376037 ,-0.263018 ,0 ,
0.376037 ,-0.263018 ,0 ,
0.376037 ,-0.263018 ,0 ,
0.376037 ,-0.263018 ,0 ,
0.376037 ,-0.263018 ,0 ,
0.376037 ,-0.263018 ,0 ,
0.376037 ,-0.263018 ,0 ,
0.376037 ,-0.263018 ,8.49419e-06 ,
0.376038 ,-0.263019 ,3.36614e-05 ,
0.37604 ,-0.263022 ,7.5032e-05 ,
0.376044 ,-0.263026 ,0.000132141 ,
0.37605 ,-0.263034 ,0.000204527 ,
0.376058 ,-0.263045 ,0.000291733 ,
0.376071 ,-0.26306 ,0.000393309 ,
0.376087 ,-0.26308 ,0.000508805 ,
0.376107 ,-0.263106 ,0.00063778 ,
0.376132 ,-0.263138 ,0.000779793 ,
0.376163 ,-0.263176 ,0.000934411 ,
0.376199 ,-0.263222 ,0.0011012 ,
0.376241 ,-0.263275 ,0.00127975 ,
0.37629 ,-0.263337 ,0.00146962 ,
0.376346 ,-0.263407 ,0.0016704 ,
0.376409 ,-0.263487 ,0.00188168 ,
0.37648 ,-0.263576 ,0.00210305 ,
0.376559 ,-0.263675 ,0.0023341 ,
0.376646 ,-0.263785 ,0.00257445 ,
0.376742 ,-0.263906 ,0.00282369 ,
0.376847 ,-0.264039 ,0.00308143 ,
0.376962 ,-0.264183 ,0.00334729 ,
0.377086 ,-0.264339 ,0.00362089 ,
0.377219 ,-0.264508 ,0.00390184 ,
0.377363 ,-0.264689 ,0.00418979 ,
0.377518 ,-0.264884 ,0.00448434 ,
0.377683 ,-0.265092 ,0.00478516 ,
0.377858 ,-0.265313 ,0.00509186 ,
0.378045 ,-0.265548 ,0.00540411 ,
0.378243 ,-0.265798 ,0.00572155 ,
0.378452 ,-0.266062 ,0.00604382 ,
0.378673 ,-0.26634 ,0.0063706 ,
0.378906 ,-0.266633 ,0.00670155 ,
0.37915 ,-0.266941 ,0.00703632 ,
0.379407 ,-0.267264 ,0.0073746 ,
0.379675 ,-0.267603 ,0.00771605 ,
0.379956 ,-0.267956 ,0.00806036 ,
0.380249 ,-0.268325 ,0.00840722 ,
0.380554 ,-0.26871 ,0.0087563 ,
0.380872 ,-0.269111 ,0.00910731 ,
0.381203 ,-0.269527 ,0.00945995 ,
0.381545 ,-0.269959 ,0.00981391 ,
0.381901 ,-0.270407 ,0.0101689 ,
0.382269 ,-0.270871 ,0.0105246 ,
0.38265 ,-0.271351 ,0.0108808 ,
0.383044 ,-0.271847 ,0.0112372 ,
0.38345 ,-0.272359 ,0.0115935 ,
0.383869 ,-0.272887 ,0.0119494 ,
0.3843 ,-0.273431 ,0.0123047 ,
0.384745 ,-0.273991 ,0.0126591 ,
0.385201 ,-0.274566 ,0.0130123 ,
0.385671 ,-0.275158 ,0.0133641 ,
0.386153 ,-0.275765 ,0.0137142 ,
0.386647 ,-0.276388 ,0.0140625 ,
0.387153 ,-0.277026 ,0.0144086 ,
0.387672 ,-0.27768 ,0.0147523 ,
0.388203 ,-0.278349 ,0.0150935 ,
0.388747 ,-0.279034 ,0.0154317 ,
0.389302 ,-0.279733 ,0.015767 ,
0.389869 ,-0.280448 ,0.0160989 ,
0.390447 ,-0.281177 ,0.0164274 ,
0.391038 ,-0.281921 ,0.0167521 ,
0.39164 ,-0.28268 ,0.017073 ,
0.392253 ,-0.283453 ,0.0173897 ,
0.392877 ,-0.284239 ,0.0177021 ,
0.393513 ,-0.28504 ,0.0180101 ,
0.394159 ,-0.285855 ,0.0183133 ,
0.394816 ,-0.286683 ,0.0186117 ,
0.395484 ,-0.287524 ,0.0189051 ,
0.396162 ,-0.288378 ,0.0191932 ,
0.39685 ,-0.289245 ,0.0194759 ,
0.397548 ,-0.290125 ,0.0197531 ,
0.398256 ,-0.291017 ,0.0200246 ,
0.398973 ,-0.291921 ,0.0202901 ,
0.3997 ,-0.292837 ,0.0205497 ,
0.400436 ,-0.293764 ,0.0208031 ,
0.40118 ,-0.294702 ,0.0210502 ,
0.401934 ,-0.295652 ,0.0212908 ,
0.402696 ,-0.296612 ,0.0215249 ,
0.403466 ,-0.297582 ,0.0217522 ,
0.404244 ,-0.298563 ,0.0219727 ,
0.405029 ,-0.299553 ,0.0221862 ,
0.405823 ,-0.300553 ,0.0223926 ,
0.406623 ,-0.301561 ,0.0225918 ,
0.407431 ,-0.302579 ,0.0227838 ,
0.408245 ,-0.303605 ,0.0229683 ,
0.409065 ,-0.304639 ,0.0231453 ,
0.409892 ,-0.30568 ,0.0233147 ,
0.410725 ,-0.30673 ,0.0234765 ,
0.411563 ,-0.307786 ,0.0236304 ,
0.412406 ,-0.308849 ,0.0237765 ,
0.413255 ,-0.309918 ,0.0239146 ,
0.414108 ,-0.310994 ,0.0240448 ,
0.414966 ,-0.312075 ,0.0241669 ,
0.415828 ,-0.313161 ,0.0242808 ,
0.416694 ,-0.314252 ,0.0243865 ,
0.417564 ,-0.315348 ,0.024484 ,
0.418437 ,-0.316448 ,0.0245732 ,
0.419313 ,-0.317552 ,0.024654 ,
0.420191 ,-0.318659 ,0.0247264 ,
0.421073 ,-0.31977 ,0.0247904 ,
0.421956 ,-0.320883 ,0.0248459 ,
0.422841 ,-0.321998 ,0.0248929 ,
0.423727 ,-0.323115 ,0.0249315 ,
0.424615 ,-0.324234 ,0.0249614 ,
0.425504 ,-0.325354 ,0.0249829 ,
0.426393 ,-0.326475 ,0.0249957 ,
0.427283 ,-0.327596 ,0.025 ,
0.428173 ,-0.328717 ,0.0249957 ,
0.429062 ,-0.329838 ,0.0249829 ,
0.429951 ,-0.330957 ,0.0249614 ,
0.430838 ,-0.332076 ,0.0249315 ,
0.431725 ,-0.333193 ,0.0248929 ,
0.43261 ,-0.334309 ,0.0248459 ,
0.433493 ,-0.335422 ,0.0247904 ,
0.434374 ,-0.336532 ,0.0247264 ,
0.435253 ,-0.337639 ,0.024654 ,
0.436129 ,-0.338743 ,0.0245732 ,
0.437002 ,-0.339843 ,0.024484 ,
0.437872 ,-0.340939 ,0.0243865 ,
0.438738 ,-0.34203 ,0.0242808 ,
0.4396 ,-0.343117 ,0.0241669 ,
0.440457 ,-0.344198 ,0.0240448 ,
0.441311 ,-0.345273 ,0.0239146 ,
0.442159 ,-0.346343 ,0.0237765 ,
0.443003 ,-0.347406 ,0.0236304 ,
0.443841 ,-0.348462 ,0.0234765 ,
0.444674 ,-0.349511 ,0.0233147 ,
0.445501 ,-0.350553 ,0.0231453 ,
0.446321 ,-0.351587 ,0.0229683 ,
0.447135 ,-0.352613 ,0.0227838 ,
0.447943 ,-0.35363 ,0.0225918 ,
0.448743 ,-0.354639 ,0.0223926 ,
0.449536 ,-0.355639 ,0.0221862 ,
0.450322 ,-0.356629 ,0.0219727 ,
0.4511 ,-0.357609 ,0.0217522 ,
0.45187 ,-0.35858 ,0.0215249 ,
0.452632 ,-0.35954 ,0.0212908 ,
0.453386 ,-0.360489 ,0.0210502 ,
0.45413 ,-0.361428 ,0.0208031 ,
0.454866 ,-0.362355 ,0.0205497 ,
0.455593 ,-0.363271 ,0.0202901 ,
0.45631 ,-0.364175 ,0.0200246 ,
0.457018 ,-0.365067 ,0.0197531 ,
0.457716 ,-0.365946 ,0.0194759 ,
0.458404 ,-0.366813 ,0.0191932 ,
0.459082 ,-0.367668 ,0.0189051 ,
0.45975 ,-0.368509 ,0.0186117 ,
0.460407 ,-0.369337 ,0.0183133 ,
0.461053 ,-0.370151 ,0.0180101 ,
0.461688 ,-0.370952 ,0.0177021 ,
0.462313 ,-0.371739 ,0.0173897 ,
0.462926 ,-0.372512 ,0.017073 ,
0.463528 ,-0.37327 ,0.0167521 ,
0.464118 ,-0.374014 ,0.0164274 ,
0.464697 ,-0.374744 ,0.0160989 ,
0.465264 ,-0.375458 ,0.015767 ,
0.465819 ,-0.376158 ,0.0154317 ,
0.466362 ,-0.376842 ,0.0150935 ,
0.466894 ,-0.377511 ,0.0147523 ,
0.467412 ,-0.378165 ,0.0144086 ,
0.467919 ,-0.378804 ,0.0140625 ,
0.468413 ,-0.379427 ,0.0137142 ,
0.468895 ,-0.380034 ,0.0133641 ,
0.469364 ,-0.380625 ,0.0130123 ,
0.469821 ,-0.381201 ,0.0126591 ,
0.470265 ,-0.381761 ,0.0123047 ,
0.470697 ,-0.382304 ,0.0119494 ,
0.471116 ,-0.382832 ,0.0115935 ,
0.471522 ,-0.383344 ,0.0112372 ,
0.471916 ,-0.38384 ,0.0108808 ,
0.472297 ,-0.38432 ,0.0105246 ,
0.472665 ,-0.384784 ,0.0101689 ,
0.47302 ,-0.385232 ,0.00981391 ,
0.473363 ,-0.385664 ,0.00945995 ,
0.473694 ,-0.386081 ,0.00910731 ,
0.474012 ,-0.386481 ,0.0087563 ,
0.474317 ,-0.386866 ,0.00840722 ,
0.47461 ,-0.387235 ,0.00806036 ,
0.474891 ,-0.387589 ,0.00771605 ,
0.475159 ,-0.387927 ,0.0073746 ,
0.475416 ,-0.388251 ,0.00703632 ,
0.47566 ,-0.388559 ,0.00670155 ,
0.475893 ,-0.388852 ,0.0063706 ,
0.476113 ,-0.38913 ,0.00604382 ,
0.476323 ,-0.389394 ,0.00572155 ,
0.476521 ,-0.389643 ,0.00540411 ,
0.476708 ,-0.389879 ,0.00509186 ,
0.476883 ,-0.3901 ,0.00478516 ,
0.477048 ,-0.390308 ,0.00448434 ,
0.477202 ,-0.390502 ,0.00418979 ,
0.477346 ,-0.390684 ,0.00390184 ,
0.47748 ,-0.390852 ,0.00362089 ,
0.477604 ,-0.391009 ,0.00334729 ,
0.477719 ,-0.391153 ,0.00308143 ,
0.477824 ,-0.391285 ,0.00282369 ,
0.47792 ,-0.391406 ,0.00257445 ,
0.478007 ,-0.391516 ,0.0023341 ,
0.478086 ,-0.391616 ,0.00210305 ,
0.478157 ,-0.391705 ,0.00188168 ,
0.47822 ,-0.391785 ,0.0016704 ,
0.478276 ,-0.391855 ,0.00146962 ,
0.478325 ,-0.391917 ,0.00127975 ,
0.478367 ,-0.39197 ,0.0011012 ,
0.478403 ,-0.392016 ,0.000934411 ,
0.478434 ,-0.392054 ,0.000779793 ,
0.478459 ,-0.392086 ,0.00063778 ,
0.478479 ,-0.392111 ,0.000508805 ,
0.478495 ,-0.392131 ,0.000393309 ,
0.478507 ,-0.392147 ,0.000291733 ,
0.478516 ,-0.392158 ,0.000204527 ,
0.478522 ,-0.392165 ,0.000132141 ,
0.478526 ,-0.39217 ,7.5032e-05 ,
0.478528 ,-0.392172 ,3.36614e-05 ,
0.478528 ,-0.392173 ,8.49419e-06 ,
0.478528 ,-0.392173 ,1.11022e-16 ,
0.478528 ,-0.392173 ,0 ,
0.478528 ,-0.392173 ,0 ,
0.478528 ,-0.392173 ,0 ,
0.478528 ,-0.392173 ,0 ,
0.478528 ,-0.392173 ,0 ,
0.478528 ,-0.392173 ,0 ,
0.478528 ,-0.392173 ,0 ,
0.478528 ,-0.392173 ,0 ,
0.478528 ,-0.392173 ,0 ,
0.478528 ,-0.392173 ,0 ,
0.478528 ,-0.392173 ,0 ,
0.478528 ,-0.392173 ,0 ,
0.478528 ,-0.392173 ,0 ,
0.478528 ,-0.392173 ,0 ,
0.478528 ,-0.392173 ,0 ,
0.478528 ,-0.392173 ,0 ,
0.478528 ,-0.392173 ,0 ,
0.478528 ,-0.392173 ,0 ,
0.478528 ,-0.392173 ,0 ,
0.478528 ,-0.392173 ,0 ,
0.478528 ,-0.392173 ,0 ,
0.478528 ,-0.392173 ,0 ,
0.478528 ,-0.392173 ,0 ,
0.478528 ,-0.392173 ,0 ,
0.478528 ,-0.392173 ,0 ,
0.478528 ,-0.392173 ,0 ,
0.478528 ,-0.392173 ,0 ,
0.478528 ,-0.392173 ,0 ,
0.478528 ,-0.392173 ,0 ,
0.478528 ,-0.392173 ,0 ,
0.478528 ,-0.392173 ,0 ,
0.478528 ,-0.392173 ,0 ,
0.478528 ,-0.392173 ,0 ,
0.478528 ,-0.392173 ,0 ,
0.478528 ,-0.392173 ,0 ,
0.478528 ,-0.392173 ,0 ,
0.478528 ,-0.392173 ,0 ,
0.478528 ,-0.392173 ,0 ,
0.478528 ,-0.392173 ,0 ,
0.478528 ,-0.392173 ,0 ,
0.478528 ,-0.392173 ,0 ,
0.478528 ,-0.392173 ,0 ,
0.478528 ,-0.392173 ,0 ,
0.478528 ,-0.392173 ,0 ,
0.478528 ,-0.392173 ,0 ,
0.478528 ,-0.392173 ,0 ,
0.478528 ,-0.392173 ,0 ,
0.478528 ,-0.392173 ,0 ,
0.478528 ,-0.392173 ,0 ,
0.478528 ,-0.392173 ,0 ,
0.478528 ,-0.392173 ,0 ,
0.478528 ,-0.392173 ,0 ,
0.478528 ,-0.392173 ,0 ,
0.478528 ,-0.392173 ,0 ,
0.478528 ,-0.392173 ,0 ,
0.478528 ,-0.392173 ,0 ,
0.478528 ,-0.392173 ,0 ,
0.478528 ,-0.392173 ,0 ,
0.478528 ,-0.392173 ,0 ,
0.478528 ,-0.392173 ,0 ,
0.478528 ,-0.392173 ,0 ,
0.478528 ,-0.392173 ,0 ,
0.478528 ,-0.392173 ,0 ,
0.478528 ,-0.392173 ,0 ,
0.478528 ,-0.392173 ,0 ,
0.478528 ,-0.392173 ,0 ,
0.478528 ,-0.392173 ,0 ,
0.478528 ,-0.392173 ,0 ,
0.478528 ,-0.392173 ,0 ,
0.478528 ,-0.392173 ,0 ,
0.478528 ,-0.392173 ,0 ,
0.478528 ,-0.392173 ,0 ,
0.478528 ,-0.392173 ,0 ,
0.478528 ,-0.392173 ,0 ,
0.478528 ,-0.392173 ,0 ,
0.478528 ,-0.392173 ,0 ,
0.478528 ,-0.392173 ,0 ,
0.478528 ,-0.392173 ,0 ,
0.478528 ,-0.392173 ,0 ,
0.478528 ,-0.392173 ,0 ,
0.478528 ,-0.392173 ,0 ,
0.478528 ,-0.392173 ,0 ,
0.478528 ,-0.392173 ,0 ,
0.478528 ,-0.392173 ,0 ,
0.478528 ,-0.392173 ,0 ,
0.478528 ,-0.392173 ,0 ,
0.478528 ,-0.392173 ,0 ,
0.478528 ,-0.392173 ,0 ,
0.478528 ,-0.392173 ,0 ,
0.478528 ,-0.392173 ,0 ,
0.478528 ,-0.392173 ,0 ,
0.478528 ,-0.392173 ,0 ,
0.478528 ,-0.392173 ,0 ,
0.478528 ,-0.392173 ,0 ,
0.478528 ,-0.392173 ,0 ,
0.478528 ,-0.392173 ,0 ,
0.478528 ,-0.392173 ,0 ,
0.478528 ,-0.392173 ,0 ,
0.478528 ,-0.392173 ,0 ,
0.478528 ,-0.392173 ,0 ,
0.478528 ,-0.392173 ,0 ,
0.478528 ,-0.392173 ,0 ,
0.478528 ,-0.392173 ,0 ,
0.478528 ,-0.392173 ,0 ,
0.478528 ,-0.392173 ,0 ,
0.478528 ,-0.392173 ,0 ,
0.478528 ,-0.392173 ,0 ,
0.478528 ,-0.392173 ,0 ,
0.478528 ,-0.392173 ,0 ,
0.478528 ,-0.392173 ,0 ,
0.478528 ,-0.392173 ,0 ,
0.478528 ,-0.392173 ,0 ,
0.478528 ,-0.392173 ,0 ,
0.478528 ,-0.392173 ,0 ,
0.478528 ,-0.392173 ,0 ,
0.478528 ,-0.392173 ,0 ,
0.478528 ,-0.392173 ,0 ,
0.478528 ,-0.392173 ,0 ,
0.478528 ,-0.392173 ,0 ,
0.478528 ,-0.392173 ,0 ,
0.478528 ,-0.392173 ,0 ,
0.478528 ,-0.392173 ,0 ,
0.478528 ,-0.392173 ,0 ,
0.478528 ,-0.392173 ,0 ,
0.478528 ,-0.392173 ,0 ,
0.478528 ,-0.392173 ,0 ,
0.478528 ,-0.392173 ,0 ,
0.478528 ,-0.392173 ,0 ,
0.478528 ,-0.392173 ,0 ,
0.478528 ,-0.392173 ,0 ,
0.478528 ,-0.392173 ,0 ,
0.478528 ,-0.392173 ,0 ,
0.478528 ,-0.392173 ,0 ,
0.478528 ,-0.392173 ,0 ,
0.478528 ,-0.392173 ,0 ,
0.478528 ,-0.392173 ,0 ,
0.478528 ,-0.392173 ,0 ,
0.478528 ,-0.392173 ,0 ,
0.478528 ,-0.392173 ,0 ,
0.478528 ,-0.392173 ,0 ,
0.478528 ,-0.392173 ,0 ,
0.478528 ,-0.392173 ,0 ,
0.478528 ,-0.392173 ,0 ,
0.478528 ,-0.392173 ,0 ,
0.478528 ,-0.392173 ,0 ,
0.478528 ,-0.392173 ,0 ,
0.478528 ,-0.392173 ,0 ,
0.478528 ,-0.392173 ,0 ,
0.478528 ,-0.392173 ,0 ,
0.478528 ,-0.392173 ,0 ,
0.478528 ,-0.392173 ,0 ,
0.478528 ,-0.392173 ,0 ,
0.478528 ,-0.392173 ,0 ,
0.478528 ,-0.392173 ,0 ,
0.478528 ,-0.392173 ,0 ,
0.478528 ,-0.392173 ,0 ,
0.478528 ,-0.392173 ,0 ,
0.478528 ,-0.392173 ,0 ,
0.478528 ,-0.392173 ,0 ,
0.478528 ,-0.392173 ,0 ,
0.478528 ,-0.392173 ,0 ,
0.478528 ,-0.392173 ,0 ,
0.478528 ,-0.392173 ,0 ,
0.478528 ,-0.392173 ,0 ,
0.478528 ,-0.392173 ,0 ,
0.478528 ,-0.392173 ,0 ,
0.478528 ,-0.392173 ,0 ,
0.478528 ,-0.392173 ,0 ,
0.478528 ,-0.392173 ,0 ,
0.478528 ,-0.392173 ,0 ,
0.478528 ,-0.392173 ,0 ,
0.478528 ,-0.392173 ,0 ,
0.478528 ,-0.392173 ,0 ,
0.478528 ,-0.392173 ,0 ,
0.478528 ,-0.392173 ,0 ,
0.478528 ,-0.392173 ,0 ,
0.478528 ,-0.392173 ,0 ,
0.478528 ,-0.392173 ,0 ,
0.478528 ,-0.392173 ,0 ,
0.478528 ,-0.392173 ,0 ,
0.478528 ,-0.392173 ,0 ,
0.478528 ,-0.392173 ,0 ,
0.478528 ,-0.392173 ,0 ,
0.478528 ,-0.392173 ,0 ,
0.478528 ,-0.392173 ,0 ,
0.478528 ,-0.392173 ,0 ,
0.478528 ,-0.392173 ,0 ,
0.478528 ,-0.392173 ,0 ,
0.478528 ,-0.392173 ,0 ,
0.478528 ,-0.392173 ,0 ,
0.478528 ,-0.392173 ,0 ,
0.478528 ,-0.392173 ,0 ,
0.478528 ,-0.392173 ,0 ,
0.478528 ,-0.392173 ,0 ,
0.478528 ,-0.392173 ,0 ,
0.478528 ,-0.392173 ,0 ,
0.478528 ,-0.392173 ,0 ,
0.478528 ,-0.392173 ,0 ,
0.478528 ,-0.392173 ,0 ,
0.478528 ,-0.392173 ,0 ,
0.478528 ,-0.392173 ,0 ,
0.478528 ,-0.392173 ,0 ,
0.478528 ,-0.392173 ,0 ,
0.478528 ,-0.392173 ,0 ,
0.478528 ,-0.392173 ,0 ,
0.478528 ,-0.392173 ,0 ,
0.478528 ,-0.392173 ,0 ,
0.478528 ,-0.392173 ,0 ,
0.478528 ,-0.392173 ,0 ,
0.478528 ,-0.392173 ,0 ,
0.478528 ,-0.392173 ,0 ,
0.478528 ,-0.392173 ,0 ,
0.478528 ,-0.392173 ,0 ,
0.478528 ,-0.392173 ,0 ,
0.478528 ,-0.392173 ,0 ,
0.478528 ,-0.392173 ,0 ,
0.478528 ,-0.392173 ,0 ,
0.478528 ,-0.392173 ,0 ,
0.478528 ,-0.392173 ,0 ,
0.478528 ,-0.392173 ,0 ,
0.478528 ,-0.392173 ,0 ,
0.478528 ,-0.392173 ,0 ,
0.478528 ,-0.392173 ,0 ,
0.478528 ,-0.392173 ,0 ,
0.478528 ,-0.392173 ,0 ,
0.478528 ,-0.392173 ,0 ,
0.478528 ,-0.392173 ,0 ,
0.478528 ,-0.392173 ,0 ,
0.478528 ,-0.392173 ,0 ,
0.478528 ,-0.392173 ,0 ,
0.478528 ,-0.392173 ,0 ,
0.478528 ,-0.392173 ,0 ,
0.478528 ,-0.392173 ,0 ,
0.478528 ,-0.392173 ,0 ,
0.478528 ,-0.392173 ,0 ,
0.478528 ,-0.392173 ,0 ,
0.478528 ,-0.392173 ,0 ,
0.478528 ,-0.392173 ,0 ,
0.478528 ,-0.392173 ,0 ,
0.478528 ,-0.392173 ,0 ,
0.478528 ,-0.392173 ,0 ,
0.478528 ,-0.392173 ,0 ,
0.478528 ,-0.392173 ,0 ,
0.478528 ,-0.392173 ,0 ,
0.478528 ,-0.392173 ,0 ,
0.478528 ,-0.392173 ,0 ,
0.478528 ,-0.392173 ,0 ,
0.478528 ,-0.392173 ,0 ,
0.478528 ,-0.392173 ,0 ,
0.478528 ,-0.392173 ,0 ,
0.478528 ,-0.392173 ,0 ,
0.478528 ,-0.392173 ,0 ,
0.478528 ,-0.392173 ,0 ,
0.478528 ,-0.392173 ,0 ,
0.478528 ,-0.392173 ,0 ,
0.478528 ,-0.392173 ,0 ,
0.478528 ,-0.392173 ,0 ,
0.478528 ,-0.392173 ,0 ,
0.478528 ,-0.392173 ,0 ,
0.478528 ,-0.392173 ,0 ,
0.478528 ,-0.392173 ,0 ,
0.478528 ,-0.392173 ,0 ,
0.478528 ,-0.392173 ,0 ,
0.478528 ,-0.392173 ,0 ,
0.478528 ,-0.392173 ,0 ,
0.478528 ,-0.392173 ,0 ,
0.478528 ,-0.392173 ,0 ,
0.478528 ,-0.392173 ,0 ,
0.478529 ,-0.392173 ,8.49419e-06 ,
0.478529 ,-0.392175 ,3.36614e-05 ,
0.47853 ,-0.392177 ,7.5032e-05 ,
0.478532 ,-0.392183 ,0.000132141 ,
0.478536 ,-0.392192 ,0.000204527 ,
0.478541 ,-0.392205 ,0.000291733 ,
0.478548 ,-0.392223 ,0.000393309 ,
0.478557 ,-0.392247 ,0.000508805 ,
0.478569 ,-0.392278 ,0.00063778 ,
0.478584 ,-0.392315 ,0.000779793 ,
0.478601 ,-0.392361 ,0.000934411 ,
0.478623 ,-0.392415 ,0.0011012 ,
0.478647 ,-0.392479 ,0.00127975 ,
0.478676 ,-0.392552 ,0.00146962 ,
0.478708 ,-0.392636 ,0.0016704 ,
0.478745 ,-0.392731 ,0.00188168 ,
0.478786 ,-0.392837 ,0.00210305 ,
0.478832 ,-0.392955 ,0.0023341 ,
0.478883 ,-0.393086 ,0.00257445 ,
0.478939 ,-0.39323 ,0.00282369 ,
0.479001 ,-0.393388 ,0.00308143 ,
0.479067 ,-0.393559 ,0.00334729 ,
0.479139 ,-0.393745 ,0.00362089 ,
0.479217 ,-0.393946 ,0.00390184 ,
0.479301 ,-0.394161 ,0.00418979 ,
0.479391 ,-0.394393 ,0.00448434 ,
0.479488 ,-0.39464 ,0.00478516 ,
0.47959 ,-0.394904 ,0.00509186 ,
0.479699 ,-0.395184 ,0.00540411 ,
0.479814 ,-0.39548 ,0.00572155 ,
0.479936 ,-0.395794 ,0.00604382 ,
0.480065 ,-0.396126 ,0.0063706 ,
0.480201 ,-0.396474 ,0.00670155 ,
0.480343 ,-0.396841 ,0.00703632 ,
0.480493 ,-0.397225 ,0.0073746 ,
0.480649 ,-0.397628 ,0.00771605 ,
0.480813 ,-0.398049 ,0.00806036 ,
0.480984 ,-0.398488 ,0.00840722 ,
0.481162 ,-0.398946 ,0.0087563 ,
0.481347 ,-0.399423 ,0.00910731 ,
0.481539 ,-0.399918 ,0.00945995 ,
0.481739 ,-0.400432 ,0.00981391 ,
0.481947 ,-0.400965 ,0.0101689 ,
0.482161 ,-0.401517 ,0.0105246 ,
0.482383 ,-0.402088 ,0.0108808 ,
0.482613 ,-0.402679 ,0.0112372 ,
0.482849 ,-0.403288 ,0.0115935 ,
0.483094 ,-0.403916 ,0.0119494 ,
0.483345 ,-0.404563 ,0.0123047 ,
0.483604 ,-0.405229 ,0.0126591 ,
0.48387 ,-0.405914 ,0.0130123 ,
0.484144 ,-0.406618 ,0.0133641 ,
0.484425 ,-0.40734 ,0.0137142 ,
0.484713 ,-0.408081 ,0.0140625 ,
0.485008 ,-0.408841 ,0.0144086 ,
0.485311 ,-0.409619 ,0.0147523 ,
0.48562 ,-0.410415 ,0.0150935 ,
0.485937 ,-0.411229 ,0.0154317 ,
0.486261 ,-0.412062 ,0.015767 ,
0.486591 ,-0.412912 ,0.0160989 ,
0.486929 ,-0.41378 ,0.0164274 ,
0.487273 ,-0.414665 ,0.0167521 ,
0.487624 ,-0.415567 ,0.017073 ,
0.487981 ,-0.416487 ,0.0173897 ,
0.488345 ,-0.417423 ,0.0177021 ,
0.488716 ,-0.418376 ,0.0180101 ,
0.489092 ,-0.419345 ,0.0183133 ,
0.489475 ,-0.42033 ,0.0186117 ,
0.489864 ,-0.421331 ,0.0189051 ,
0.49026 ,-0.422348 ,0.0191932 ,
0.490661 ,-0.423379 ,0.0194759 ,
0.491068 ,-0.424426 ,0.0197531 ,
0.49148 ,-0.425487 ,0.0200246 ,
0.491898 ,-0.426563 ,0.0202901 ,
0.492322 ,-0.427653 ,0.0205497 ,
0.492751 ,-0.428756 ,0.0208031 ,
0.493185 ,-0.429872 ,0.0210502 ,
0.493624 ,-0.431002 ,0.0212908 ,
0.494068 ,-0.432145 ,0.0215249 ,
0.494517 ,-0.433299 ,0.0217522 ,
0.494971 ,-0.434466 ,0.0219727 ,
0.495429 ,-0.435644 ,0.0221862 ,
0.495891 ,-0.436833 ,0.0223926 ,
0.496358 ,-0.438033 ,0.0225918 ,
0.496829 ,-0.439244 ,0.0227838 ,
0.497303 ,-0.440465 ,0.0229683 ,
0.497782 ,-0.441695 ,0.0231453 ,
0.498263 ,-0.442935 ,0.0233147 ,
0.498749 ,-0.444183 ,0.0234765 ,
0.499237 ,-0.44544 ,0.0236304 ,
0.499729 ,-0.446705 ,0.0237765 ,
0.500224 ,-0.447977 ,0.0239146 ,
0.500721 ,-0.449257 ,0.0240448 ,
0.501221 ,-0.450543 ,0.0241669 ,
0.501724 ,-0.451836 ,0.0242808 ,
0.502229 ,-0.453134 ,0.0243865 ,
0.502736 ,-0.454438 ,0.024484 ,
0.503245 ,-0.455747 ,0.0245732 ,
0.503755 ,-0.45706 ,0.024654 ,
0.504267 ,-0.458378 ,0.0247264 ,
0.504781 ,-0.459699 ,0.0247904 ,
0.505296 ,-0.461023 ,0.0248459 ,
0.505812 ,-0.46235 ,0.0248929 ,
0.506329 ,-0.46368 ,0.0249315 ,
0.506846 ,-0.465011 ,0.0249614 ,
0.507364 ,-0.466343 ,0.0249829 ,
0.507883 ,-0.467677 ,0.0249957 ,
0.508401 ,-0.469011 ,0.025 ,
0.50892 ,-0.470345 ,0.0249957 ,
0.509438 ,-0.471678 ,0.0249829 ,
0.509956 ,-0.473011 ,0.0249614 ,
0.510474 ,-0.474342 ,0.0249315 ,
0.510991 ,-0.475671 ,0.0248929 ,
0.511507 ,-0.476998 ,0.0248459 ,
0.512021 ,-0.478322 ,0.0247904 ,
0.512535 ,-0.479644 ,0.0247264 ,
0.513047 ,-0.480961 ,0.024654 ,
0.513558 ,-0.482274 ,0.0245732 ,
0.514067 ,-0.483583 ,0.024484 ,
0.514574 ,-0.484887 ,0.0243865 ,
0.515079 ,-0.486186 ,0.0242808 ,
0.515581 ,-0.487478 ,0.0241669 ,
0.516081 ,-0.488765 ,0.0240448 ,
0.516579 ,-0.490044 ,0.0239146 ,
0.517073 ,-0.491317 ,0.0237765 ,
0.517565 ,-0.492581 ,0.0236304 ,
0.518054 ,-0.493838 ,0.0234765 ,
0.518539 ,-0.495087 ,0.0233147 ,
0.519021 ,-0.496326 ,0.0231453 ,
0.519499 ,-0.497556 ,0.0229683 ,
0.519974 ,-0.498777 ,0.0227838 ,
0.520445 ,-0.499988 ,0.0225918 ,
0.520911 ,-0.501188 ,0.0223926 ,
0.521374 ,-0.502377 ,0.0221862 ,
0.521832 ,-0.503556 ,0.0219727 ,
0.522285 ,-0.504722 ,0.0217522 ,
0.522734 ,-0.505877 ,0.0215249 ,
0.523178 ,-0.507019 ,0.0212908 ,
0.523617 ,-0.508149 ,0.0210502 ,
0.524052 ,-0.509265 ,0.0208031 ,
0.52448 ,-0.510369 ,0.0205497 ,
0.524904 ,-0.511458 ,0.0202901 ,
0.525322 ,-0.512534 ,0.0200246 ,
0.525735 ,-0.513595 ,0.0197531 ,
0.526142 ,-0.514642 ,0.0194759 ,
0.526543 ,-0.515674 ,0.0191932 ,
0.526938 ,-0.51669 ,0.0189051 ,
0.527327 ,-0.517691 ,0.0186117 ,
0.52771 ,-0.518676 ,0.0183133 ,
0.528087 ,-0.519645 ,0.0180101 ,
0.528457 ,-0.520598 ,0.0177021 ,
0.528821 ,-0.521534 ,0.0173897 ,
0.529179 ,-0.522454 ,0.017073 ,
0.52953 ,-0.523356 ,0.0167521 ,
0.529874 ,-0.524242 ,0.0164274 ,
0.530211 ,-0.525109 ,0.0160989 ,
0.530542 ,-0.52596 ,0.015767 ,
0.530865 ,-0.526792 ,0.0154317 ,
0.531182 ,-0.527606 ,0.0150935 ,
0.531492 ,-0.528403 ,0.0147523 ,
0.531794 ,-0.529181 ,0.0144086 ,
0.532089 ,-0.52994 ,0.0140625 ,
0.532378 ,-0.530681 ,0.0137142 ,
0.532658 ,-0.531404 ,0.0133641 ,
0.532932 ,-0.532107 ,0.0130123 ,
0.533198 ,-0.532792 ,0.0126591 ,
0.533457 ,-0.533458 ,0.0123047 ,
0.533709 ,-0.534106 ,0.0119494 ,
0.533953 ,-0.534734 ,0.0115935 ,
0.53419 ,-0.535343 ,0.0112372 ,
0.534419 ,-0.535933 ,0.0108808 ,
0.534641 ,-0.536504 ,0.0105246 ,
0.534856 ,-0.537056 ,0.0101689 ,
0.535063 ,-0.537589 ,0.00981391 ,
0.535263 ,-0.538103 ,0.00945995 ,
0.535456 ,-0.538599 ,0.00910731 ,
0.535641 ,-0.539075 ,0.0087563 ,
0.535819 ,-0.539533 ,0.00840722 ,
0.53599 ,-0.539973 ,0.00806036 ,
0.536153 ,-0.540393 ,0.00771605 ,
0.53631 ,-0.540796 ,0.0073746 ,
0.536459 ,-0.541181 ,0.00703632 ,
0.536602 ,-0.541547 ,0.00670155 ,
0.536738 ,-0.541896 ,0.0063706 ,
0.536866 ,-0.542227 ,0.00604382 ,
0.536988 ,-0.542541 ,0.00572155 ,
0.537104 ,-0.542838 ,0.00540411 ,
0.537213 ,-0.543118 ,0.00509186 ,
0.537315 ,-0.543381 ,0.00478516 ,
0.537411 ,-0.543628 ,0.00448434 ,
0.537501 ,-0.54386 ,0.00418979 ,
0.537585 ,-0.544076 ,0.00390184 ,
0.537663 ,-0.544276 ,0.00362089 ,
0.537735 ,-0.544462 ,0.00334729 ,
0.537802 ,-0.544634 ,0.00308143 ,
0.537863 ,-0.544791 ,0.00282369 ,
0.537919 ,-0.544935 ,0.00257445 ,
0.53797 ,-0.545066 ,0.0023341 ,
0.538016 ,-0.545184 ,0.00210305 ,
0.538057 ,-0.545291 ,0.00188168 ,
0.538094 ,-0.545385 ,0.0016704 ,
0.538127 ,-0.545469 ,0.00146962 ,
0.538155 ,-0.545542 ,0.00127975 ,
0.53818 ,-0.545606 ,0.0011012 ,
0.538201 ,-0.54566 ,0.000934411 ,
0.538219 ,-0.545706 ,0.000779793 ,
0.538233 ,-0.545744 ,0.00063778 ,
0.538245 ,-0.545774 ,0.000508805 ,
0.538255 ,-0.545798 ,0.000393309 ,
0.538262 ,-0.545816 ,0.000291733 ,
0.538267 ,-0.54583 ,0.000204527 ,
0.53827 ,-0.545838 ,0.000132141 ,
0.538272 ,-0.545844 ,7.5032e-05 ,
0.538274 ,-0.545847 ,3.36614e-05 ,
0.538274 ,-0.545848 ,8.49419e-06 ,
0.538274 ,-0.545848 ,1.11022e-16 ,
0.538274 ,-0.545848 ,0 ,
0.538274 ,-0.545848 ,0 ,
0.538274 ,-0.545848 ,0 ,
0.538274 ,-0.545848 ,0 ,
0.538274 ,-0.545848 ,0 ,
0.538274 ,-0.545848 ,0 ,
0.538274 ,-0.545848 ,0 ,
0.538274 ,-0.545848 ,0 ,
0.538274 ,-0.545848 ,0 ,
0.538274 ,-0.545848 ,0 ,
0.538274 ,-0.545848 ,0 ,
0.538274 ,-0.545848 ,0 ,
0.538274 ,-0.545848 ,0 ,
0.538274 ,-0.545848 ,0 ,
0.538274 ,-0.545848 ,0 ,
0.538274 ,-0.545848 ,0 ,
0.538274 ,-0.545848 ,0 ,
0.538274 ,-0.545848 ,0 ,
0.538274 ,-0.545848 ,0 ,
0.538274 ,-0.545848 ,0 ,
0.538274 ,-0.545848 ,0 ,
0.538274 ,-0.545848 ,0 ,
0.538274 ,-0.545848 ,0 ,
0.538274 ,-0.545848 ,0 ,
0.538274 ,-0.545848 ,0 ,
0.538274 ,-0.545848 ,0 ,
0.538274 ,-0.545848 ,0 ,
0.538274 ,-0.545848 ,0 ,
0.538274 ,-0.545848 ,0 ,
0.538274 ,-0.545848 ,0 ,
0.538274 ,-0.545848 ,0 ,
0.538274 ,-0.545848 ,0 ,
0.538274 ,-0.545848 ,0 ,
0.538274 ,-0.545848 ,0 ,
0.538274 ,-0.545848 ,0 ,
0.538274 ,-0.545848 ,0 ,
0.538274 ,-0.545848 ,0 ,
0.538274 ,-0.545848 ,0 ,
0.538274 ,-0.545848 ,0 ,
0.538274 ,-0.545848 ,0 ,
0.538274 ,-0.545848 ,0 ,
0.538274 ,-0.545848 ,0 ,
0.538274 ,-0.545848 ,0 ,
0.538274 ,-0.545848 ,0 ,
0.538274 ,-0.545848 ,0 ,
0.538274 ,-0.545848 ,0 ,
0.538274 ,-0.545848 ,0 ,
0.538274 ,-0.545848 ,0 ,
0.538274 ,-0.545848 ,0 ,
0.538274 ,-0.545848 ,0 ,
0.538274 ,-0.545848 ,0 ,
0.538274 ,-0.545848 ,0 ,
0.538274 ,-0.545848 ,0 ,
0.538274 ,-0.545848 ,0 ,
0.538274 ,-0.545848 ,0 ,
0.538274 ,-0.545848 ,0 ,
0.538274 ,-0.545848 ,0 ,
0.538274 ,-0.545848 ,0 ,
0.538274 ,-0.545848 ,0 ,
0.538274 ,-0.545848 ,0 ,
0.538274 ,-0.545848 ,0 ,
0.538274 ,-0.545848 ,0 ,
0.538274 ,-0.545848 ,0 ,
0.538274 ,-0.545848 ,0 ,
0.538274 ,-0.545848 ,0 ,
0.538274 ,-0.545848 ,0 ,
0.538274 ,-0.545848 ,0 ,
0.538274 ,-0.545848 ,0 ,
0.538274 ,-0.545848 ,0 ,
0.538274 ,-0.545848 ,0 ,
0.538274 ,-0.545848 ,0 ,
0.538274 ,-0.545848 ,0 ,
0.538274 ,-0.545848 ,0 ,
0.538274 ,-0.545848 ,0 ,
0.538274 ,-0.545848 ,0 ,
0.538274 ,-0.545848 ,0 ,
0.538274 ,-0.545848 ,0 ,
0.538274 ,-0.545848 ,0 ,
0.538274 ,-0.545848 ,0 ,
0.538274 ,-0.545848 ,0 ,
0.538274 ,-0.545848 ,0 ,
0.538274 ,-0.545848 ,0 ,
0.538274 ,-0.545848 ,0 ,
0.538274 ,-0.545848 ,0 ,
0.538274 ,-0.545848 ,0 ,
0.538274 ,-0.545848 ,0 ,
0.538274 ,-0.545848 ,0 ,
0.538274 ,-0.545848 ,0 ,
0.538274 ,-0.545848 ,0 ,
0.538274 ,-0.545848 ,0 ,
0.538274 ,-0.545848 ,0 ,
0.538274 ,-0.545848 ,0 ,
0.538274 ,-0.545848 ,0 ,
0.538274 ,-0.545848 ,0 ,
0.538274 ,-0.545848 ,0 ,
0.538274 ,-0.545848 ,0 ,
0.538274 ,-0.545848 ,0 ,
0.538274 ,-0.545848 ,0 ,
0.538274 ,-0.545848 ,0 ,
0.538274 ,-0.545848 ,0 ,
0.538274 ,-0.545848 ,0 ,
0.538274 ,-0.545848 ,0 ,
0.538274 ,-0.545848 ,0 ,
0.538274 ,-0.545848 ,0 ,
0.538274 ,-0.545848 ,0 ,
0.538274 ,-0.545848 ,0 ,
0.538274 ,-0.545848 ,0 ,
0.538274 ,-0.545848 ,0 ,
0.538274 ,-0.545848 ,0 ,
0.538274 ,-0.545848 ,0 ,
0.538274 ,-0.545848 ,0 ,
0.538274 ,-0.545848 ,0 ,
0.538274 ,-0.545848 ,0 ,
0.538274 ,-0.545848 ,0 ,
0.538274 ,-0.545848 ,0 ,
0.538274 ,-0.545848 ,0 ,
0.538274 ,-0.545848 ,0 ,
0.538274 ,-0.545848 ,0 ,
0.538274 ,-0.545848 ,0 ,
0.538274 ,-0.545848 ,0 ,
0.538274 ,-0.545848 ,0 ,
0.538274 ,-0.545848 ,0 ,
0.538274 ,-0.545848 ,0 ,
0.538274 ,-0.545848 ,0 ,
0.538274 ,-0.545848 ,0 ,
0.538274 ,-0.545848 ,0 ,
0.538274 ,-0.545848 ,0 ,
0.538274 ,-0.545848 ,0 ,
0.538274 ,-0.545848 ,0 ,
0.538274 ,-0.545848 ,0 ,
0.538274 ,-0.545848 ,0 ,
0.538274 ,-0.545848 ,0 ,
0.538274 ,-0.545848 ,0 ,
0.538274 ,-0.545848 ,0 ,
0.538274 ,-0.545848 ,0 ,
0.538274 ,-0.545848 ,0 ,
0.538274 ,-0.545848 ,0 ,
0.538274 ,-0.545848 ,0 ,
0.538274 ,-0.545848 ,0 ,
0.538274 ,-0.545848 ,0 ,
0.538274 ,-0.545848 ,0 ,
0.538274 ,-0.545848 ,0 ,
0.538274 ,-0.545848 ,0 ,
0.538274 ,-0.545848 ,0 ,
0.538274 ,-0.545848 ,0 ,
0.538274 ,-0.545848 ,0 ,
0.538274 ,-0.545848 ,0 ,
0.538274 ,-0.545848 ,0 ,
0.538274 ,-0.545848 ,0 ,
0.538274 ,-0.545848 ,0 ,
0.538274 ,-0.545848 ,0 ,
0.538274 ,-0.545848 ,0 ,
0.538274 ,-0.545848 ,0 ,
0.538274 ,-0.545848 ,0 ,
0.538274 ,-0.545848 ,0 ,
0.538274 ,-0.545848 ,0 ,
0.538274 ,-0.545848 ,0 ,
0.538274 ,-0.545848 ,0 ,
0.538274 ,-0.545848 ,0 ,
0.538274 ,-0.545848 ,0 ,
0.538274 ,-0.545848 ,0 ,
0.538274 ,-0.545848 ,0 ,
0.538274 ,-0.545848 ,0 ,
0.538274 ,-0.545848 ,0 ,
0.538274 ,-0.545848 ,0 ,
0.538274 ,-0.545848 ,0 ,
0.538274 ,-0.545848 ,0 ,
0.538274 ,-0.545848 ,0 ,
0.538274 ,-0.545848 ,0 ,
0.538274 ,-0.545848 ,0 ,
0.538274 ,-0.545848 ,0 ,
0.538274 ,-0.545848 ,0 ,
0.538274 ,-0.545848 ,0 ,
0.538274 ,-0.545848 ,0 ,
0.538274 ,-0.545848 ,0 ,
0.538274 ,-0.545848 ,0 ,
0.538274 ,-0.545848 ,0 ,
0.538274 ,-0.545848 ,0 ,
0.538274 ,-0.545848 ,0 ,
0.538274 ,-0.545848 ,0 ,
0.538274 ,-0.545848 ,0 ,
0.538274 ,-0.545848 ,0 ,
0.538274 ,-0.545848 ,0 ,
0.538274 ,-0.545848 ,0 ,
0.538274 ,-0.545848 ,0 ,
0.538274 ,-0.545848 ,0 ,
0.538274 ,-0.545848 ,0 ,
0.538274 ,-0.545848 ,0 ,
0.538274 ,-0.545848 ,0 ,
0.538274 ,-0.545848 ,0 ,
0.538274 ,-0.545848 ,0 ,
0.538274 ,-0.545848 ,0 ,
0.538274 ,-0.545848 ,0 ,
0.538274 ,-0.545848 ,0 ,
0.538274 ,-0.545848 ,0 ,
0.538274 ,-0.545848 ,0 ,
0.538274 ,-0.545848 ,0 ,
0.538274 ,-0.545848 ,0 ,
0.538274 ,-0.545848 ,0 ,
0.538274 ,-0.545848 ,0 ,
0.538274 ,-0.545848 ,0 ,
0.538274 ,-0.545848 ,0 ,
0.538274 ,-0.545848 ,0 ,
0.538274 ,-0.545848 ,0 ,
0.538274 ,-0.545848 ,0 ,
0.538274 ,-0.545848 ,0 ,
0.538274 ,-0.545848 ,0 ,
0.538274 ,-0.545848 ,0 ,
0.538274 ,-0.545848 ,0 ,
0.538274 ,-0.545848 ,0 ,
0.538274 ,-0.545848 ,0 ,
0.538274 ,-0.545848 ,0 ,
0.538274 ,-0.545848 ,0 ,
0.538274 ,-0.545848 ,0 ,
0.538274 ,-0.545848 ,0 ,
0.538274 ,-0.545848 ,0 ,
0.538274 ,-0.545848 ,0 ,
0.538274 ,-0.545848 ,0 ,
0.538274 ,-0.545848 ,0 ,
0.538274 ,-0.545848 ,0 ,
0.538274 ,-0.545848 ,0 ,
0.538274 ,-0.545848 ,0 ,
0.538274 ,-0.545848 ,0 ,
0.538274 ,-0.545848 ,0 ,
0.538274 ,-0.545848 ,0 ,
0.538274 ,-0.545848 ,0 ,
0.538274 ,-0.545848 ,0 ,
0.538274 ,-0.545848 ,0 ,
0.538274 ,-0.545848 ,0 ,
0.538274 ,-0.545848 ,0 ,
0.538274 ,-0.545848 ,0 ,
0.538274 ,-0.545848 ,0 ,
0.538274 ,-0.545848 ,0 ,
0.538274 ,-0.545848 ,0 ,
0.538274 ,-0.545848 ,0 ,
0.538274 ,-0.545848 ,0 ,
0.538274 ,-0.545848 ,0 ,
0.538274 ,-0.545848 ,0 ,
0.538274 ,-0.545848 ,0 ,
0.538274 ,-0.545848 ,0 ,
0.538274 ,-0.545848 ,0 ,
0.538274 ,-0.545848 ,0 ,
0.538274 ,-0.545848 ,0 ,
0.538274 ,-0.545848 ,0 ,
0.538274 ,-0.545848 ,0 ,
0.538274 ,-0.545848 ,0 ,
0.538274 ,-0.545848 ,0 ,
0.538274 ,-0.545848 ,0 ,
0.538274 ,-0.545848 ,0 ,
0.538274 ,-0.545848 ,0 ,
0.538274 ,-0.545848 ,0 ,
0.538274 ,-0.545848 ,0 ,
0.538274 ,-0.545848 ,0 ,
0.538274 ,-0.545848 ,0 ,
0.538274 ,-0.545848 ,0 ,
0.538274 ,-0.545848 ,0 ,
0.538274 ,-0.545848 ,0 ,
0.538274 ,-0.545848 ,0 ,
0.538274 ,-0.545848 ,0 ,
0.538274 ,-0.545848 ,0 ,
0.538274 ,-0.545848 ,0 ,
0.538274 ,-0.545848 ,0 ,
0.538274 ,-0.545848 ,0 ,
0.538274 ,-0.545848 ,0 ,
0.538274 ,-0.545848 ,0 ,
0.538274 ,-0.545848 ,0 ,
0.538274 ,-0.545848 ,0 ,
0.538274 ,-0.545848 ,0 ,
0.538274 ,-0.545848 ,0 ,
0.538274 ,-0.545848 ,0 ,
0.538274 ,-0.545848 ,0 ,
0.538274 ,-0.545848 ,0 ,
0.538274 ,-0.545848 ,0 ,
0.538274 ,-0.545848 ,0 ,
0.538274 ,-0.545848 ,0 ,
0.538274 ,-0.545848 ,0 ,
0.538274 ,-0.545848 ,0 ,
0.538274 ,-0.545848 ,0 ,
0.538274 ,-0.545848 ,0 ,
0.538274 ,-0.545848 ,0 ,
0.538274 ,-0.545848 ,0 ,
0.538274 ,-0.545848 ,0 ,
0.538274 ,-0.545848 ,0 ,
0.538274 ,-0.545848 ,0 ,
0.538274 ,-0.545848 ,0 ,
0.538274 ,-0.545848 ,0 ,
0.538274 ,-0.545848 ,0 ,
0.538274 ,-0.545848 ,0 ,
0.538274 ,-0.545848 ,0 ,
0.538274 ,-0.545848 ,0 ,
0.538274 ,-0.545848 ,0 ,
0.538274 ,-0.545848 ,0 ,
0.538274 ,-0.545848 ,0 ,
0.538274 ,-0.545848 ,0 ,
0.538274 ,-0.545848 ,0 ,
0.538274 ,-0.545848 ,0 ,
0.538274 ,-0.545848 ,0 ,
0.538274 ,-0.545848 ,0 ,
0.538274 ,-0.545848 ,0 ,
0.538274 ,-0.545848 ,0 ,
0.538274 ,-0.545848 ,0 ,
0.538274 ,-0.545848 ,0 ,
0.538274 ,-0.545848 ,0 ,
0.538274 ,-0.545848 ,0 ,
0.538274 ,-0.545848 ,0 ,
0.538274 ,-0.545848 ,0 ,
0.538274 ,-0.545848 ,0 ,
0.538274 ,-0.545848 ,0 ,
0.538274 ,-0.545848 ,0 ,
0.538274 ,-0.545848 ,0 ,
0.538274 ,-0.545848 ,0 ,
0.538274 ,-0.545848 ,0 ,
0.538274 ,-0.545848 ,0 ,
0.538274 ,-0.545848 ,0 ,
0.538274 ,-0.545848 ,0 ,
0.538274 ,-0.545848 ,0 ,
0.538274 ,-0.545848 ,0 ,
0.538274 ,-0.545848 ,0 ,
0.538274 ,-0.545848 ,0 ,
0.538274 ,-0.545848 ,0 ,
0.538274 ,-0.545848 ,0 ,
0.538274 ,-0.545848 ,0 ,
0.538274 ,-0.545848 ,0 ,
0.538274 ,-0.545848 ,0 ,
0.538274 ,-0.545848 ,0 ,
0.538274 ,-0.545848 ,0 ,
0.538274 ,-0.545848 ,0 ,
0.538274 ,-0.545848 ,0 ,
0.538274 ,-0.545848 ,0 ,
0.538274 ,-0.545848 ,0 ,
0.538274 ,-0.545848 ,0 ,
0.538274 ,-0.545848 ,0 ,
0.538274 ,-0.545848 ,0 ,
0.538274 ,-0.545848 ,0 ,
0.538274 ,-0.545848 ,0 ,
0.538274 ,-0.545848 ,0 ,
0.538274 ,-0.545848 ,0 ,
0.538274 ,-0.545848 ,0 ,
0.538274 ,-0.545848 ,0 ,
0.538274 ,-0.545848 ,0 ,
0.538274 ,-0.545848 ,0 ,
0.538274 ,-0.545848 ,0 ,
0.538274 ,-0.545848 ,0 ,
0.538274 ,-0.545848 ,0 ,
0.538274 ,-0.545848 ,0 ,
0.538274 ,-0.545848 ,0 ,
0.538274 ,-0.545848 ,0 ,
0.538274 ,-0.545848 ,0 ,
0.538274 ,-0.545848 ,0 ,
0.538274 ,-0.545848 ,0 ,
0.538274 ,-0.545848 ,0 ,
0.538274 ,-0.545848 ,0 ,
0.538274 ,-0.545848 ,0 ,
0.538274 ,-0.545848 ,0 ,
0.538274 ,-0.545848 ,0 ,
0.538274 ,-0.545848 ,0 ,
0.538274 ,-0.545848 ,0 ,
0.538274 ,-0.545848 ,0 ,
0.538274 ,-0.545848 ,0 ,
0.538274 ,-0.545848 ,0 ,
0.538274 ,-0.545848 ,0 ,
0.538274 ,-0.545848 ,0 ,
0.538274 ,-0.545848 ,0 ,
0.538274 ,-0.545848 ,0 ,
0.538274 ,-0.545848 ,0 ,
0.538274 ,-0.545848 ,0 ,
0.538274 ,-0.545848 ,0 ,
0.538274 ,-0.545848 ,0 ,
0.538274 ,-0.545848 ,0 ,
0.538274 ,-0.545848 ,0 ,
0.538274 ,-0.545848 ,0 ,
0.538274 ,-0.545848 ,0 ,
0.538274 ,-0.545848 ,0 ,
0.538274 ,-0.545848 ,0 ,
0.538274 ,-0.545848 ,0 ,
0.538274 ,-0.545848 ,0 ,
0.538274 ,-0.545848 ,0 ,
0.538274 ,-0.545848 ,0 ,
0.538274 ,-0.545848 ,0 ,
0.538274 ,-0.545848 ,0 ,
0.538274 ,-0.545848 ,0 ,
0.538274 ,-0.545848 ,0 ,
0.538274 ,-0.545848 ,0 ,
0.538274 ,-0.545848 ,0 ,
0.538274 ,-0.545848 ,0 ,
0.538274 ,-0.545848 ,0 ,
0.538274 ,-0.545848 ,0 ,
0.538274 ,-0.545848 ,0 ,
0.538274 ,-0.545848 ,0 ,
0.538274 ,-0.545848 ,0 ,
0.538274 ,-0.545848 ,0 ,
0.538274 ,-0.545848 ,0 ,
0.538274 ,-0.545848 ,0 ,
0.538274 ,-0.545848 ,0 ,
0.538274 ,-0.545848 ,0 ,
0.538274 ,-0.545848 ,0 ,
0.538274 ,-0.545848 ,0 ,
0.538274 ,-0.545848 ,0 ,
0.538274 ,-0.545848 ,0 ,
0.538274 ,-0.545848 ,0 ,
0.538274 ,-0.545848 ,0 ,
0.538274 ,-0.545848 ,0 ,
0.538274 ,-0.545848 ,0 ,
0.538274 ,-0.545848 ,0 ,
0.538274 ,-0.545848 ,0 ,
0.538274 ,-0.545848 ,0 ,
0.538274 ,-0.545848 ,0 ,
0.538274 ,-0.545848 ,0 ,
0.538274 ,-0.545848 ,0 ,
0.538274 ,-0.545848 ,0 ,
0.538274 ,-0.545848 ,0 ,
0.538274 ,-0.545848 ,0 ,
0.538274 ,-0.545848 ,0 ,
0.538274 ,-0.545848 ,0 ,
0.538274 ,-0.545848 ,0 ,
0.538274 ,-0.545848 ,0 ,
0.538274 ,-0.545848 ,0 ,
0.538274 ,-0.545848 ,0 ,
0.538274 ,-0.545848 ,0 ,
0.538274 ,-0.545848 ,0 ,
0.538274 ,-0.545848 ,0 ,
0.538274 ,-0.545848 ,0 ,
0.538274 ,-0.545848 ,0 ,
0.538274 ,-0.545848 ,0 ,
0.538274 ,-0.545848 ,0 ,
0.538274 ,-0.545848 ,0 ,
0.538274 ,-0.545848 ,0 ,
0.538274 ,-0.545848 ,0 ,
0.538274 ,-0.545848 ,0 ,
0.538274 ,-0.545848 ,0 ,
0.538274 ,-0.545848 ,0 ,
0.538274 ,-0.545848 ,0 ,
0.538274 ,-0.545848 ,0 ,
0.538274 ,-0.545848 ,0 ,
0.538274 ,-0.545848 ,0 ,
0.538274 ,-0.545848 ,0 ,
0.538274 ,-0.545848 ,0 ,
0.538274 ,-0.545848 ,0 ,
0.538274 ,-0.545848 ,0 ,
0.538274 ,-0.545848 ,0 ,
0.538274 ,-0.545848 ,0 ,
0.538274 ,-0.545848 ,0 ,
0.538274 ,-0.545848 ,0 ,
0.538274 ,-0.545848 ,0 ,
0.538274 ,-0.545848 ,0 ,
0.538274 ,-0.545848 ,0 ,
0.538274 ,-0.545848 ,0 ,
0.538274 ,-0.545848 ,0 ,
0.538274 ,-0.545848 ,0 ,
0.538274 ,-0.545848 ,0 ,
0.538274 ,-0.545848 ,0 ,
0.538274 ,-0.545848 ,0 ,
0.538274 ,-0.545848 ,0 ,
0.538274 ,-0.545848 ,0 ,
0.538274 ,-0.545848 ,0 ,
0.538274 ,-0.545848 ,0 ,
0.538274 ,-0.545848 ,0 ,
0.538274 ,-0.545848 ,0 ,
0.538274 ,-0.545848 ,0 ,
0.538274 ,-0.545848 ,0 ,
0.538274 ,-0.545848 ,0 ,
0.538274 ,-0.545848 ,0 ,
0.538274 ,-0.545848 ,0 ,
0.538274 ,-0.545848 ,0 ,
0.538274 ,-0.545848 ,0 ,
0.538274 ,-0.545848 ,0 ,
0.538274 ,-0.545848 ,0 ,
0.538274 ,-0.545848 ,0 ,
0.538274 ,-0.545848 ,0 ,
0.538274 ,-0.545848 ,0 ,
0.538274 ,-0.545848 ,0 ,
0.538274 ,-0.545848 ,0 ,
0.538274 ,-0.545848 ,0 ,
0.538274 ,-0.545848 ,0 ,
0.538274 ,-0.545848 ,0 ,
0.538274 ,-0.545848 ,0 ,
0.538274 ,-0.545848 ,0 ,
0.538274 ,-0.545848 ,0 ,
0.538274 ,-0.545848 ,0 ,
0.538274 ,-0.545848 ,0 ,
0.538274 ,-0.545848 ,0 ,
0.538274 ,-0.545848 ,0 ,
0.538274 ,-0.545848 ,0 ,
0.538274 ,-0.545848 ,0 ,
0.538274 ,-0.545848 ,0 ,
0.538274 ,-0.545848 ,0 ,
0.538274 ,-0.545848 ,0 ,
0.538274 ,-0.545848 ,0 ,
0.538274 ,-0.545848 ,0 ,
0.538274 ,-0.545848 ,0 ,
0.538274 ,-0.545848 ,0 ,
0.538274 ,-0.545848 ,0 ,
0.538274 ,-0.545848 ,0 ,
0 ,0 ,0 ,
0 ,0 ,0 ,
0 ,0 ,0 ,
0 ,0 ,0 ,
0 ,0 ,0 ,
0 ,0 ,0 ,
0 ,0 ,0 ,
0 ,0 ,0 ,
0 ,0 ,0 ,
0 ,0 ,0 ,
0 ,0 ,0 ,
0 ,0 ,0 ,
0 ,0 ,0 ,
0 ,0 ,0 ,
0 ,0 ,0 ,
0 ,0 ,0 ,
0 ,0 ,0 ,
0 ,0 ,0 ,
0 ,0 ,0 ,
0 ,0 ,0 ,
0 ,0 ,0 ,
0 ,0 ,0 ,
0 ,0 ,0 ,
0 ,0 ,0 ,
0 ,0 ,0 ,
0 ,0 ,0 ,
0 ,0 ,0 ,
0 ,0 ,0 ,
0 ,0 ,0 ,
0 ,0 ,0 ,
0 ,0 ,0 ,
0 ,0 ,0 ,
0 ,0 ,0 ,
0 ,0 ,0 ,
0 ,0 ,0 ,
0 ,0 ,0 ,
0 ,0 ,0 ,
0 ,0 ,0 ,
0 ,0 ,0 ,
0 ,0 ,0 ,
0 ,0 ,0 ,
0 ,0 ,0 ,
0 ,0 ,0 ,
0 ,0 ,0 ,
0 ,0 ,0 ,
0 ,0 ,0 ,
0 ,0 ,0 ,
0 ,0 ,0 ,
0 ,0 ,0 ,
0 ,0 ,0 ,
0 ,0 ,0 ,
0 ,0 ,0 ,
0 ,0 ,0 ,
0 ,0 ,0 ,
0 ,0 ,0 ,
0 ,0 ,0 ,
0 ,0 ,0 ,
0 ,0 ,0 ,
0 ,0 ,0 ,
0 ,0 ,0 ,
0 ,0 ,0 ,
0 ,0 ,0 ,
0 ,0 ,0 ,
0 ,0 ,0 ,
0 ,0 ,0 ,
0 ,0 ,0 ,
0 ,0 ,0 ,
0 ,0 ,0 ,
0 ,0 ,0 ,
0 ,0 ,0 ,
0 ,0 ,0 ,
0 ,0 ,0 ,
0 ,0 ,0 ,
0 ,0 ,0 ,
0 ,0 ,0 ,
0 ,0 ,0 ,
0 ,0 ,0 ,
0 ,0 ,0 ,
0 ,0 ,0 ,
0 ,0 ,0 ,
