0 ,0 ,0 ,
8.64955e-06 ,0.000494078 ,0 ,
1.72803e-05 ,0.000987084 ,0 ,
2.58923e-05 ,0.00147902 ,0 ,
3.44856e-05 ,0.00196988 ,0 ,
4.30601e-05 ,0.00245967 ,0 ,
5.16158e-05 ,0.00294838 ,0 ,
6.01527e-05 ,0.00343603 ,0 ,
6.86709e-05 ,0.0039226 ,0 ,
7.71702e-05 ,0.0044081 ,0 ,
8.56509e-05 ,0.00489253 ,0 ,
9.41127e-05 ,0.00537589 ,0 ,
0.000102556 ,0.00585817 ,0 ,
0.00011098 ,0.00633938 ,0 ,
0.000204211 ,0.0116649 ,0 ,
0.000207468 ,0.011851 ,0 ,
0.000210778 ,0.01204 ,0 ,
0.00021414 ,0.0122321 ,0 ,
0.000217556 ,0.0124272 ,0 ,
0.000221026 ,0.0126254 ,0 ,
0.000224552 ,0.0128268 ,0 ,
0.000228134 ,0.0130314 ,0 ,
0.000231773 ,0.0132393 ,0 ,
0.00023547 ,0.0134505 ,0 ,
0.000239227 ,0.013665 ,0 ,
0.000243043 ,0.013883 ,0 ,
0.00024692 ,0.0141045 ,0 ,
0.000250858 ,0.0143295 ,0 ,
0.00025486 ,0.0145581 ,0 ,
0.000258926 ,0.0147903 ,0 ,
0.000263056 ,0.0150262 ,0 ,
0.000267252 ,0.0152659 ,0 ,
0.000271515 ,0.0155094 ,0 ,
0.000275846 ,0.0157568 ,0 ,
0.000280247 ,0.0160082 ,0 ,
0.000284717 ,0.0162636 ,0 ,
0.000289259 ,0.016523 ,0 ,
0.000293873 ,0.0167866 ,0 ,
0.000298561 ,0.0170543 ,0 ,
0.000303323 ,0.0173264 ,0 ,
0.000308162 ,0.0176028 ,0 ,
0.000313078 ,0.0178836 ,0 ,
0.000318072 ,0.0181688 ,0 ,
0.000323146 ,0.0184587 ,0 ,
0.0003283 ,0.0187531 ,0 ,
0.000333537 ,0.0190523 ,0 ,
0.000338858 ,0.0193562 ,0 ,
0.000344263 ,0.0196649 ,0 ,
0.000349755 ,0.0199786 ,0 ,
0.000355334 ,0.0202973 ,0 ,
0.000361002 ,0.0206211 ,0 ,
0.000366761 ,0.0209501 ,0 ,
0.000372612 ,0.0212842 ,0 ,
0.000378555 ,0.0216238 ,0 ,
0.000384594 ,0.0219687 ,0 ,
0.000390729 ,0.0223191 ,0 ,
0.000396962 ,0.0226752 ,0 ,
0.000403294 ,0.0230369 ,0 ,
0.000409727 ,0.0234044 ,0 ,
0.000416263 ,0.0237777 ,0 ,
0.000422903 ,0.024157 ,0 ,
0.000429649 ,0.0245423 ,0 ,
0.000436503 ,0.0249338 ,0 ,
0.000443466 ,0.0253316 ,0 ,
0.00045054 ,0.0257357 ,0 ,
0.000457727 ,0.0261462 ,0 ,
0.000465029 ,0.0265633 ,0 ,
0.000472447 ,0.026987 ,0 ,
0.000479983 ,0.0274175 ,0 ,
0.00048764 ,0.0278549 ,0 ,
0.000495419 ,0.0282992 ,0 ,
0.000503321 ,0.0287506 ,0 ,
0.00051135 ,0.0292092 ,0 ,
0.000519507 ,0.0296752 ,0 ,
0.000527794 ,0.0301486 ,0 ,
0.000536214 ,0.0306295 ,0 ,
0.000544767 ,0.0311181 ,0 ,
0.000553457 ,0.0316145 ,0 ,
0.000562286 ,0.0321188 ,0 ,
0.000571255 ,0.0326311 ,0 ,
0.000580368 ,0.0331517 ,0 ,
0.000589626 ,0.0336805 ,0 ,
0.000599031 ,0.0342177 ,0 ,
0.000608587 ,0.0347636 ,0 ,
0.000618295 ,0.0353181 ,0 ,
0.000628158 ,0.0358815 ,0 ,
0.000638178 ,0.0364539 ,0 ,
0.000648358 ,0.0370354 ,0 ,
0.000658701 ,0.0376262 ,0 ,
0.000669208 ,0.0382264 ,0 ,
0.000679883 ,0.0388362 ,0 ,
0.000690729 ,0.0394557 ,0 ,
0.000701747 ,0.0400851 ,0 ,
0.000712941 ,0.0407245 ,0 ,
0.000724314 ,0.0413741 ,0 ,
0.000735868 ,0.0420341 ,0 ,
0.000747606 ,0.0427046 ,0 ,
0.000759532 ,0.0433858 ,0 ,
0.000771648 ,0.0440779 ,0 ,
0.000783957 ,0.044781 ,0 ,
0.000796463 ,0.0454954 ,0 ,
0.000809168 ,0.0462211 ,0 ,
0.000822075 ,0.0469584 ,0 ,
0.000835189 ,0.0477075 ,0 ,
0.000848512 ,0.0484685 ,0 ,
0.000862047 ,0.0492417 ,0 ,
0.000875798 ,0.0500272 ,0 ,
0.000889769 ,0.0508252 ,0 ,
0.000903962 ,0.051636 ,0 ,
0.000918382 ,0.0524596 ,0 ,
0.000933032 ,0.0532965 ,0 ,
0.000947916 ,0.0541466 ,0 ,
0.000963037 ,0.0550104 ,0 ,
0.000978399 ,0.0558879 ,0 ,
0.000994006 ,0.0567794 ,0 ,
0.00100986 ,0.0576851 ,0 ,
0.00102597 ,0.0586053 ,0 ,
0.00104234 ,0.0595402 ,0 ,
0.00105896 ,0.06049 ,0 ,
0.00107586 ,0.0614549 ,0 ,
0.00109302 ,0.0624352 ,0 ,
0.00111045 ,0.0634311 ,0 ,
0.00112817 ,0.064443 ,0 ,
0.00114616 ,0.065471 ,0 ,
0.00116445 ,0.0665154 ,0 ,
0.00118302 ,0.0675764 ,0 ,
0.00120189 ,0.0686544 ,0 ,
0.00122107 ,0.0697495 ,0 ,
0.00124054 ,0.0708621 ,0 ,
0.00126033 ,0.0719925 ,0 ,
0.00128044 ,0.0731409 ,0 ,
0.00130086 ,0.0743077 ,0 ,
0.00132161 ,0.075493 ,0 ,
0.0013427 ,0.0766973 ,0 ,
0.00136412 ,0.0779207 ,0 ,
0.00138588 ,0.0791637 ,0 ,
0.00140798 ,0.0804265 ,0 ,
0.00143044 ,0.0817094 ,0 ,
0.00145326 ,0.0830129 ,0 ,
0.00147644 ,0.0843371 ,0 ,
0.00149999 ,0.0856824 ,0 ,
0.00152392 ,0.0870492 ,0 ,
0.00154823 ,0.0884378 ,0 ,
0.00157293 ,0.0898485 ,0 ,
0.00159802 ,0.0912818 ,0 ,
0.00162351 ,0.0927379 ,0 ,
0.00164941 ,0.0942172 ,0 ,
0.00167572 ,0.0957201 ,0 ,
0.00170245 ,0.0972471 ,0 ,
0.00172961 ,0.0987983 ,0 ,
0.0017572 ,0.100374 ,0 ,
0.00178523 ,0.101975 ,0 ,
0.00181371 ,0.103602 ,0 ,
0.00184264 ,0.105255 ,0 ,
0.00187203 ,0.106934 ,0 ,
0.00190189 ,0.10864 ,0 ,
0.00193223 ,0.110373 ,0 ,
0.00196306 ,0.112133 ,0 ,
0.00199437 ,0.113922 ,0 ,
0.00202618 ,0.115739 ,0 ,
0.0020585 ,0.117585 ,0 ,
0.00209134 ,0.119461 ,0 ,
0.0021247 ,0.121367 ,0 ,
0.0021586 ,0.123303 ,0 ,
0.00219303 ,0.12527 ,0 ,
0.00222801 ,0.127268 ,0 ,
0.00226355 ,0.129298 ,0 ,
0.00229966 ,0.131361 ,0 ,
0.00233634 ,0.133456 ,0 ,
0.00237361 ,0.135585 ,0 ,
0.00241148 ,0.137748 ,0 ,
0.00244994 ,0.139945 ,0 ,
0.00248902 ,0.142178 ,0 ,
0.00252873 ,0.144446 ,0 ,
0.00256907 ,0.14675 ,0 ,
0.00261005 ,0.149091 ,0 ,
0.00265168 ,0.151469 ,0 ,
0.00269398 ,0.153885 ,0 ,
0.00273696 ,0.15634 ,0 ,
0.00278062 ,0.158834 ,0 ,
0.00282497 ,0.161367 ,0 ,
0.00287003 ,0.163942 ,0 ,
0.00291582 ,0.166557 ,0 ,
0.00296233 ,0.169214 ,0 ,
0.00300958 ,0.171913 ,0 ,
0.00305759 ,0.174655 ,0 ,
0.00310637 ,0.177441 ,0 ,
0.00315592 ,0.180272 ,0 ,
0.00320626 ,0.183147 ,0 ,
0.00325741 ,0.186069 ,0 ,
0.00330937 ,0.189037 ,0 ,
0.00336216 ,0.192053 ,0 ,
0.00341579 ,0.195116 ,0 ,
0.00347028 ,0.198229 ,0 ,
0.00352564 ,0.201391 ,0 ,
0.00358188 ,0.204603 ,0 ,
0.00363901 ,0.207867 ,0 ,
0.00369706 ,0.211183 ,0 ,
0.00375604 ,0.214552 ,0 ,
0.00381595 ,0.217974 ,0 ,
0.00387683 ,0.221451 ,0 ,
0.00393867 ,0.224984 ,0 ,
0.0040015 ,0.228573 ,0 ,
0.00406533 ,0.232219 ,0 ,
0.00413018 ,0.235923 ,0 ,
0.00419606 ,0.239687 ,0 ,
0.004263 ,0.24351 ,0 ,
0.004331 ,0.247394 ,0 ,
0.00440008 ,0.251341 ,0 ,
0.00447027 ,0.25535 ,0 ,
0.00454158 ,0.259423 ,0 ,
0.00461403 ,0.263562 ,0 ,
0.00468763 ,0.267766 ,0 ,
0.00476241 ,0.272037 ,0 ,
0.00483838 ,0.276377 ,0 ,
0.00491556 ,0.280785 ,0 ,
0.00499397 ,0.285265 ,0 ,
0.00507363 ,0.289815 ,0 ,
0.00515457 ,0.294438 ,0 ,
0.00523679 ,0.299135 ,0 ,
0.00532033 ,0.303907 ,0 ,
0.0054052 ,0.308754 ,0 ,
0.00549142 ,0.31368 ,0 ,
0.00557902 ,0.318683 ,0 ,
0.00566801 ,0.323767 ,0 ,
0.00575843 ,0.328932 ,0 ,
0.00585028 ,0.334179 ,0 ,
0.00594361 ,0.33951 ,0 ,
0.00603842 ,0.344925 ,0 ,
0.00613474 ,0.350427 ,0 ,
0.00623188 ,0.34304 ,0 ,
0.00633027 ,0.325598 ,0 ,
0.00643053 ,0.308314 ,0 ,
0.00653267 ,0.291187 ,0 ,
0.00663669 ,0.274218 ,0 ,
0.00674258 ,0.257405 ,0 ,
0.00685036 ,0.24075 ,0 ,
0.00696001 ,0.224253 ,0 ,
0.00707153 ,0.207913 ,0 ,
0.00718494 ,0.19173 ,0 ,
0.00730022 ,0.175704 ,0 ,
0.00741738 ,0.159836 ,0 ,
0.00753642 ,0.144126 ,0 ,
0.00765733 ,0.128572 ,0 ,
0.00778013 ,0.113176 ,0 ,
0.0079048 ,0.0979376 ,0 ,
0.00803135 ,0.0828562 ,0 ,
0.00815977 ,0.0679323 ,0 ,
0.00829008 ,0.0531657 ,0 ,
0.00842226 ,0.0385564 ,0 ,
0.00855631 ,0.0241045 ,0 ,
0.00869225 ,0.00981001 ,0 ,
0.00883006 ,-0.00432716 ,0 ,
0.00896976 ,-0.018307 ,0 ,
0.00911222 ,-0.0246255 ,0 ,
0.00925757 ,-0.0250184 ,0 ,
0.00940525 ,-0.0254174 ,0 ,
0.00955528 ,-0.0258229 ,0 ,
0.0097077 ,-0.0262348 ,0 ,
0.00986256 ,-0.0266533 ,0 ,
0.0100199 ,-0.0270785 ,0 ,
0.0101797 ,-0.0275104 ,0 ,
0.0103421 ,-0.0279493 ,0 ,
0.0105071 ,-0.0283951 ,0 ,
0.0106747 ,-0.0288481 ,0 ,
0.010845 ,-0.0293082 ,0 ,
0.011018 ,-0.0297758 ,0 ,
0.0111937 ,-0.0302507 ,0 ,
0.0113723 ,-0.0307333 ,0 ,
0.0115537 ,-0.0312236 ,0 ,
0.011738 ,-0.0317216 ,0 ,
0.0119252 ,-0.0322276 ,0 ,
0.0121155 ,-0.0327417 ,0 ,
0.0123087 ,-0.033264 ,0 ,
0.0125051 ,-0.0337946 ,0 ,
0.0127045 ,-0.0343337 ,0 ,
0.0129072 ,-0.0348814 ,0 ,
0.0131131 ,-0.0354378 ,0 ,
0.0133223 ,-0.0360031 ,0 ,
0.0135348 ,-0.0365774 ,0 ,
0.0137507 ,-0.0371609 ,0 ,
0.01397 ,-0.0377537 ,0 ,
0.0141929 ,-0.0383559 ,0 ,
0.0144193 ,-0.0389678 ,0 ,
0.0146493 ,-0.0395894 ,0 ,
0.014883 ,-0.0402209 ,0 ,
0.0151204 ,-0.0408625 ,0 ,
0.0153616 ,-0.0415143 ,0 ,
0.0156066 ,-0.0421766 ,0 ,
0.0158556 ,-0.0428494 ,0 ,
0.0161085 ,-0.0435329 ,0 ,
0.0163655 ,-0.0442273 ,0 ,
0.0166265 ,-0.0449328 ,0 ,
0.0168918 ,-0.0456496 ,0 ,
0.0171612 ,-0.0463778 ,0 ,
0.017435 ,-0.0471176 ,0 ,
0.0177131 ,-0.0478692 ,0 ,
0.0179957 ,-0.0486328 ,0 ,
0.0182827 ,-0.0494086 ,0 ,
0.0185744 ,-0.0501967 ,0 ,
0.0188707 ,-0.0509975 ,0 ,
0.0191717 ,-0.051811 ,0 ,
0.0194775 ,-0.0526374 ,0 ,
0.0197882 ,-0.0534771 ,0 ,
0.0201039 ,-0.0543302 ,0 ,
0.0204245 ,-0.0551968 ,0 ,
0.0207504 ,-0.0560773 ,0 ,
0.0210814 ,-0.0569719 ,0 ,
0.0214176 ,-0.0578807 ,0 ,
0.0217593 ,-0.058804 ,0 ,
0.0221064 ,-0.059742 ,0 ,
0.022459 ,-0.060695 ,0 ,
0.0228173 ,-0.0616632 ,0 ,
0.0231813 ,-0.0626468 ,0 ,
0.0235511 ,-0.0636461 ,0 ,
0.0239267 ,-0.0646614 ,0 ,
0.0243084 ,-0.0656929 ,0 ,
0.0246962 ,-0.0667408 ,0 ,
0.0250901 ,-0.0678054 ,0 ,
0.0254904 ,-0.0688871 ,0 ,
0.025897 ,-0.0699859 ,0 ,
0.0263101 ,-0.0711023 ,0 ,
0.0267298 ,-0.0722365 ,0 ,
0.0271562 ,-0.0733888 ,0 ,
0.0275894 ,-0.0745595 ,0 ,
0.0280295 ,-0.0757489 ,0 ,
0.0284766 ,-0.0769572 ,0 ,
0.0289308 ,-0.0781848 ,0 ,
0.0293923 ,-0.079432 ,0 ,
0.0298612 ,-0.0806991 ,0 ,
0.0303375 ,-0.0819864 ,0 ,
0.0308215 ,-0.0832942 ,0 ,
0.0313131 ,-0.0846229 ,0 ,
0.0318126 ,-0.0859728 ,0 ,
0.0323201 ,-0.0873442 ,0 ,
0.0328357 ,-0.0887375 ,0 ,
0.0333594 ,-0.0901531 ,0 ,
0.0338916 ,-0.0915912 ,0 ,
0.0344322 ,-0.0930522 ,0 ,
0.0349815 ,-0.0945366 ,0 ,
0.0355395 ,-0.0960446 ,0 ,
0.0361064 ,-0.0975767 ,0 ,
0.0366824 ,-0.0991332 ,0 ,
0.0372675 ,-0.100715 ,0 ,
0.037862 ,-0.102321 ,0 ,
0.038466 ,-0.103953 ,0 ,
0.0390796 ,-0.105612 ,0 ,
0.039703 ,-0.107296 ,0 ,
0.0403363 ,-0.109008 ,0 ,
0.0409797 ,-0.110747 ,0 ,
0.0416334 ,-0.112513 ,0 ,
0.0422976 ,-0.114308 ,0 ,
0.0429723 ,-0.116132 ,0 ,
0.0436578 ,-0.117984 ,0 ,
0.0443542 ,-0.119866 ,0 ,
0.0450617 ,-0.121778 ,0 ,
0.0457805 ,-0.123721 ,0 ,
0.0465108 ,-0.125694 ,0 ,
0.0472528 ,-0.127699 ,0 ,
0.0480065 ,-0.129736 ,0 ,
0.0487723 ,-0.131806 ,0 ,
0.0495503 ,-0.133909 ,0 ,
0.0503407 ,-0.136045 ,0 ,
0.0511438 ,-0.138215 ,0 ,
0.0519596 ,-0.14042 ,0 ,
0.0527884 ,-0.142659 ,0 ,
0.0536305 ,-0.144935 ,0 ,
0.054486 ,-0.147247 ,0 ,
0.0553552 ,-0.149596 ,0 ,
0.0562382 ,-0.151982 ,0 ,
0.0571353 ,-0.154407 ,0 ,
0.0580467 ,-0.15687 ,0 ,
0.0589726 ,-0.159372 ,0 ,
0.0599134 ,-0.161914 ,0 ,
0.0608691 ,-0.164497 ,0 ,
0.0618401 ,-0.167121 ,0 ,
0.0628265 ,-0.169787 ,0 ,
0.0638287 ,-0.172496 ,0 ,
0.0648469 ,-0.175247 ,0 ,
0.0658813 ,-0.178043 ,0 ,
0.0669323 ,-0.180883 ,0 ,
0.068 ,-0.183768 ,0 ,
0.0690847 ,-0.1867 ,0 ,
0.0701867 ,-0.189678 ,0 ,
0.0713063 ,-0.192704 ,0 ,
0.0724438 ,-0.195777 ,0 ,
0.0735994 ,-0.1989 ,0 ,
0.0747734 ,-0.202073 ,0 ,
0.0759662 ,-0.205297 ,0 ,
0.077178 ,-0.208572 ,0 ,
0.0784091 ,-0.211899 ,0 ,
0.0796599 ,-0.215279 ,0 ,
0.0809306 ,-0.218713 ,0 ,
0.0822216 ,-0.222202 ,0 ,
0.0835332 ,-0.225746 ,0 ,
0.0848657 ,-0.229347 ,0 ,
0.0862194 ,-0.233006 ,0 ,
0.0875948 ,-0.236723 ,0 ,
0.0889921 ,-0.240499 ,0 ,
0.0904117 ,-0.244335 ,0 ,
0.0918539 ,-0.248233 ,0 ,
0.0933191 ,-0.252193 ,0 ,
0.0948078 ,-0.256216 ,0 ,
0.0963201 ,-0.260303 ,0 ,
0.0978566 ,-0.264455 ,0 ,
0.0994176 ,-0.268674 ,0 ,
0.101003 ,-0.272959 ,0 ,
0.102615 ,-0.277314 ,0 ,
0.104252 ,-0.281737 ,0 ,
0.105915 ,-0.286231 ,0 ,
0.107604 ,-0.290797 ,0 ,
0.109321 ,-0.295436 ,0 ,
0.111064 ,-0.300149 ,0 ,
0.112836 ,-0.304937 ,0 ,
0.114636 ,-0.309801 ,0 ,
0.116465 ,-0.314743 ,0 ,
0.118323 ,-0.319764 ,0 ,
0.12021 ,-0.324864 ,0 ,
0.122128 ,-0.330047 ,0 ,
0.124076 ,-0.335311 ,0 ,
0.126055 ,-0.34066 ,0 ,
0.128066 ,-0.346094 ,0 ,
0.130109 ,-0.351615 ,0 ,
0.132184 ,-0.357224 ,0 ,
0.134293 ,-0.362923 ,0 ,
0.136435 ,-0.368712 ,0 ,
0.138611 ,-0.374593 ,0 ,
0.140822 ,-0.380569 ,0 ,
0.143069 ,-0.38664 ,0 ,
0.145351 ,-0.392807 ,0 ,
0.14767 ,-0.399073 ,0 ,
0.150025 ,-0.405439 ,0 ,
0.152418 ,-0.411907 ,0 ,
0.15485 ,-0.418477 ,0 ,
0.15732 ,-0.425153 ,0 ,
0.159829 ,-0.431935 ,0 ,
0.162379 ,-0.438825 ,0 ,
0.164969 ,-0.445825 ,0 ,
0.167601 ,-0.452937 ,0 ,
0.170274 ,-0.460162 ,0 ,
0.17299 ,-0.467502 ,0 ,
0.17575 ,-0.47496 ,0 ,
0.178553 ,-0.482536 ,0 ,
0.181402 ,-0.490233 ,0 ,
0.184295 ,-0.498054 ,0 ,
0.187235 ,-0.505998 ,0 ,
0.190222 ,-0.51407 ,0 ,
0.193256 ,-0.52227 ,0 ,
0.196339 ,-0.530602 ,0 ,
0.199471 ,-0.539066 ,0 ,
0.202653 ,-0.547665 ,0 ,
0.205886 ,-0.556401 ,0 ,
0.20917 ,-0.565276 ,0 ,
0.212507 ,-0.574294 ,0 ,
0.215896 ,-0.583455 ,0 ,
0.21934 ,-0.592762 ,0 ,
0.222839 ,-0.602217 ,0 ,
0.226394 ,-0.611824 ,0 ,
0.230005 ,-0.621584 ,0 ,
0.233674 ,-0.631499 ,0 ,
0.237402 ,-0.641573 ,0 ,
0.241189 ,-0.651807 ,0 ,
0.245036 ,-0.662204 ,0 ,
0.248945 ,-0.672768 ,0 ,
0.252916 ,-0.683499 ,0 ,
0.256951 ,-0.694403 ,0 ,
0.261049 ,-0.70548 ,0 ,
0.265214 ,-0.716733 ,0 ,
0.269444 ,-0.728166 ,0 ,
0.273742 ,-0.739782 ,0 ,
0.268803 ,-0.724927 ,0 ,
0.256661 ,-0.689425 ,0 ,
0.244639 ,-0.654254 ,0 ,
0.232736 ,-0.619411 ,0 ,
0.220953 ,-0.584898 ,0 ,
0.20929 ,-0.550714 ,0 ,
0.197747 ,-0.516859 ,0 ,
0.186323 ,-0.483334 ,0 ,
0.175018 ,-0.450138 ,0 ,
0.163834 ,-0.417271 ,0 ,
0.152769 ,-0.384734 ,0 ,
0.141824 ,-0.352526 ,0 ,
0.130999 ,-0.320647 ,0 ,
0.120293 ,-0.289097 ,0 ,
0.109707 ,-0.257877 ,0 ,
0.099241 ,-0.226987 ,0 ,
0.0888944 ,-0.196425 ,0 ,
0.0786675 ,-0.166193 ,0 ,
0.0685604 ,-0.13629 ,0 ,
0.0585729 ,-0.106717 ,0 ,
0.0487052 ,-0.077473 ,0 ,
0.0389571 ,-0.0485582 ,0 ,
0.0293287 ,-0.0199728 ,0 ,
0.0198201 ,0.00828336 ,0 ,
0.0158137 ,0.0207952 ,0 ,
0.016066 ,0.0211269 ,0 ,
0.0163223 ,0.0214639 ,0 ,
0.0165826 ,0.0218063 ,0 ,
0.0168472 ,0.0221542 ,0 ,
0.0171159 ,0.0225076 ,0 ,
0.0173889 ,0.0228666 ,0 ,
0.0176663 ,0.0232314 ,0 ,
0.0179481 ,0.023602 ,0 ,
0.0182344 ,0.0239785 ,0 ,
0.0185253 ,0.024361 ,0 ,
0.0188208 ,0.0247496 ,0 ,
0.019121 ,0.0251444 ,0 ,
0.0194261 ,0.0255455 ,0 ,
0.0197359 ,0.025953 ,0 ,
0.0200508 ,0.0263669 ,0 ,
0.0203706 ,0.0267875 ,0 ,
0.0206956 ,0.0272149 ,0 ,
0.0210257 ,0.027649 ,0 ,
0.0213611 ,0.02809 ,0 ,
0.0217018 ,0.0285381 ,0 ,
0.022048 ,0.0289934 ,0 ,
0.0223997 ,0.0294559 ,0 ,
0.022757 ,0.0299257 ,0 ,
0.0231201 ,0.0304031 ,0 ,
0.0234889 ,0.0308881 ,0 ,
0.0238636 ,0.0313808 ,0 ,
0.0242442 ,0.0318814 ,0 ,
0.024631 ,0.0323899 ,0 ,
0.0250239 ,0.0329066 ,0 ,
0.025423 ,0.0334315 ,0 ,
0.0258286 ,0.0339648 ,0 ,
0.0262406 ,0.0345066 ,0 ,
0.0266592 ,0.0350571 ,0 ,
0.0270844 ,0.0356163 ,0 ,
0.0275165 ,0.0361845 ,0 ,
0.0279554 ,0.0367617 ,0 ,
0.0284014 ,0.0373481 ,0 ,
0.0288544 ,0.0379438 ,0 ,
0.0293147 ,0.0385491 ,0 ,
0.0297823 ,0.039164 ,0 ,
0.0302574 ,0.0397888 ,0 ,
0.0307401 ,0.0404235 ,0 ,
0.0312304 ,0.0410683 ,0 ,
0.0317286 ,0.0417234 ,0 ,
0.0322347 ,0.042389 ,0 ,
0.0327489 ,0.0430652 ,0 ,
0.0332713 ,0.0437521 ,0 ,
0.0338021 ,0.0444501 ,0 ,
0.0343413 ,0.0451591 ,0 ,
0.0348891 ,0.0458795 ,0 ,
0.0354456 ,0.0466114 ,0 ,
0.0360111 ,0.0473549 ,0 ,
0.0365855 ,0.0481103 ,0 ,
0.0371691 ,0.0488777 ,0 ,
0.037762 ,0.0496574 ,0 ,
0.0383644 ,0.0504495 ,0 ,
0.0389764 ,0.0512543 ,0 ,
0.0395981 ,0.0520719 ,0 ,
0.0402298 ,0.0529025 ,0 ,
0.0408715 ,0.0537464 ,0 ,
0.0415235 ,0.0546038 ,0 ,
0.0421859 ,0.0554748 ,0 ,
0.0428588 ,0.0563597 ,0 ,
0.0435425 ,0.0572588 ,0 ,
0.0442371 ,0.0581722 ,0 ,
0.0449427 ,0.0591001 ,0 ,
0.0456596 ,0.0600429 ,0 ,
0.046388 ,0.0610007 ,0 ,
0.047128 ,0.0619737 ,0 ,
0.0478797 ,0.0629623 ,0 ,
0.0486435 ,0.0639667 ,0 ,
0.0494195 ,0.0649871 ,0 ,
0.0502078 ,0.0660237 ,0 ,
0.0510087 ,0.0670769 ,0 ,
0.0518224 ,0.0681469 ,0 ,
0.052649 ,0.069234 ,0 ,
0.0534889 ,0.0703384 ,0 ,
0.0543421 ,0.0714604 ,0 ,
0.055209 ,0.0726004 ,0 ,
0.0560897 ,0.0737585 ,0 ,
0.0569844 ,0.074935 ,0 ,
0.0578934 ,0.0761304 ,0 ,
0.0588169 ,0.0773448 ,0 ,
0.0597551 ,0.0785786 ,0 ,
0.0607084 ,0.0798321 ,0 ,
0.0616768 ,0.0811055 ,0 ,
0.0626606 ,0.0823993 ,0 ,
0.0636602 ,0.0837137 ,0 ,
0.0646757 ,0.0850491 ,0 ,
0.0657074 ,0.0864058 ,0 ,
0.0667555 ,0.0877841 ,0 ,
0.0678204 ,0.0891844 ,0 ,
0.0689022 ,0.0906071 ,0 ,
0.0700013 ,0.0920524 ,0 ,
0.071118 ,0.0935208 ,0 ,
0.0722525 ,0.0950127 ,0 ,
0.073405 ,0.0965283 ,0 ,
0.074576 ,0.0980681 ,0 ,
0.0757656 ,0.0996325 ,0 ,
0.0769742 ,0.101222 ,0 ,
0.0782021 ,0.102836 ,0 ,
0.0794495 ,0.104477 ,0 ,
0.0807169 ,0.106143 ,0 ,
0.0820045 ,0.107837 ,0 ,
0.0833126 ,0.109557 ,0 ,
0.0846416 ,0.111304 ,0 ,
0.0859918 ,0.11308 ,0 ,
0.0873635 ,0.114884 ,0 ,
0.0887571 ,0.116716 ,0 ,
0.0901729 ,0.118578 ,0 ,
0.0916113 ,0.12047 ,0 ,
0.0930727 ,0.122391 ,0 ,
0.0945574 ,0.124344 ,0 ,
0.0960657 ,0.126327 ,0 ,
0.0975982 ,0.128343 ,0 ,
0.099155 ,0.13039 ,0 ,
0.100737 ,0.13247 ,0 ,
0.102344 ,0.134583 ,0 ,
0.103976 ,0.13673 ,0 ,
0.105635 ,0.138911 ,0 ,
0.10732 ,0.141127 ,0 ,
0.109032 ,0.143378 ,0 ,
0.110771 ,0.145665 ,0 ,
0.112538 ,0.147989 ,0 ,
0.114333 ,0.150349 ,0 ,
0.116157 ,0.152748 ,0 ,
0.11801 ,0.155184 ,0 ,
0.119893 ,0.15766 ,0 ,
0.121805 ,0.160175 ,0 ,
0.123748 ,0.16273 ,0 ,
0.125722 ,0.165326 ,0 ,
0.127728 ,0.167963 ,0 ,
0.129765 ,0.170642 ,0 ,
0.131835 ,0.173364 ,0 ,
0.133938 ,0.17613 ,0 ,
0.136075 ,0.178939 ,0 ,
0.138245 ,0.181794 ,0 ,
0.14045 ,0.184694 ,0 ,
0.142691 ,0.18764 ,0 ,
0.144967 ,0.190633 ,0 ,
0.14728 ,0.193674 ,0 ,
0.149629 ,0.196763 ,0 ,
0.152016 ,0.199902 ,0 ,
0.154441 ,0.203091 ,0 ,
0.156904 ,0.206331 ,0 ,
0.159407 ,0.209622 ,0 ,
0.16195 ,0.212966 ,0 ,
0.164533 ,0.216363 ,0 ,
0.167158 ,0.219814 ,0 ,
0.169825 ,0.223321 ,0 ,
0.172534 ,0.226883 ,0 ,
0.175286 ,0.230502 ,0 ,
0.178082 ,0.234179 ,0 ,
0.180923 ,0.237915 ,0 ,
0.183809 ,0.24171 ,0 ,
0.186741 ,0.245566 ,0 ,
0.18972 ,0.249483 ,0 ,
0.192746 ,0.253463 ,0 ,
0.195821 ,0.257506 ,0 ,
0.198944 ,0.261614 ,0 ,
0.202118 ,0.265787 ,0 ,
0.205342 ,0.270027 ,0 ,
0.208618 ,0.274334 ,0 ,
0.211945 ,0.27871 ,0 ,
0.215326 ,0.283156 ,0 ,
0.218761 ,0.287673 ,0 ,
0.222251 ,0.292262 ,0 ,
0.225796 ,0.296924 ,0 ,
0.229398 ,0.30166 ,0 ,
0.233057 ,0.306472 ,0 ,
0.236775 ,0.311361 ,0 ,
0.240552 ,0.316328 ,0 ,
0.244389 ,0.321374 ,0 ,
0.248288 ,0.326501 ,0 ,
0.252248 ,0.331709 ,0 ,
0.256272 ,0.337 ,0 ,
0.26036 ,0.342376 ,0 ,
0.264513 ,0.347837 ,0 ,
0.268733 ,0.353386 ,0 ,
0.273019 ,0.359023 ,0 ,
0.277375 ,0.36475 ,0 ,
0.281799 ,0.370569 ,0 ,
0.286294 ,0.37648 ,0 ,
0.290861 ,0.382485 ,0 ,
0.295501 ,0.388587 ,0 ,
0.300215 ,0.394785 ,0 ,
0.305004 ,0.401083 ,0 ,
0.309869 ,0.407481 ,0 ,
0.314812 ,0.413981 ,0 ,
0.319834 ,0.420585 ,0 ,
0.324936 ,0.427294 ,0 ,
0.330119 ,0.43411 ,0 ,
0.335385 ,0.441035 ,0 ,
0.340735 ,0.44807 ,0 ,
0.346171 ,0.455218 ,0 ,
0.351693 ,0.462479 ,0 ,
0.357303 ,0.469857 ,0 ,
0.363002 ,0.477352 ,0 ,
0.368793 ,0.484966 ,0 ,
0.374676 ,0.492702 ,0 ,
0.380653 ,0.500562 ,0 ,
0.386725 ,0.508547 ,0 ,
0.392894 ,0.516659 ,0 ,
0.399161 ,0.524901 ,0 ,
0.405528 ,0.533274 ,0 ,
0.411997 ,0.54178 ,0 ,
0.418569 ,0.550423 ,0 ,
0.425246 ,0.559203 ,0 ,
0.43203 ,0.568123 ,0 ,
0.438921 ,0.577186 ,0 ,
0.445923 ,0.586393 ,0 ,
0.453036 ,0.595747 ,0 ,
0.460263 ,0.60525 ,0 ,
0.467605 ,0.614905 ,0 ,
0.475064 ,0.624714 ,0 ,
0.465876 ,0.611964 ,0 ,
0.443703 ,0.581618 ,0 ,
0.421741 ,0.551552 ,0 ,
0.399989 ,0.521764 ,0 ,
0.378446 ,0.492255 ,0 ,
0.357115 ,0.463025 ,0 ,
0.335993 ,0.434074 ,0 ,
0.315081 ,0.405402 ,0 ,
0.294379 ,0.377009 ,0 ,
0.273888 ,0.348894 ,0 ,
0.253607 ,0.321059 ,0 ,
0.233535 ,0.293502 ,0 ,
0.213674 ,0.266224 ,0 ,
0.194023 ,0.239226 ,0 ,
0.174583 ,0.212506 ,0 ,
0.155352 ,0.186065 ,0 ,
0.136331 ,0.159902 ,0 ,
0.117521 ,0.134019 ,0 ,
0.0989204 ,0.108415 ,0 ,
0.0805302 ,0.0830895 ,0 ,
0.0623501 ,0.058043 ,0 ,
0.0443802 ,0.0332754 ,0 ,
0.0266203 ,0.00878662 ,0 ,
0.0090706 ,-0.0154232 ,0 ,
0.00142789 ,-0.0262185 ,0 ,
0.00145067 ,-0.0266368 ,0 ,
0.00147381 ,-0.0270617 ,0 ,
0.00149732 ,-0.0274933 ,0 ,
0.0015212 ,-0.0279319 ,0 ,
0.00154547 ,-0.0283775 ,0 ,
0.00157012 ,-0.0288301 ,0 ,
0.00159517 ,-0.02929 ,0 ,
0.00162061 ,-0.0297573 ,0 ,
0.00164646 ,-0.0302319 ,0 ,
0.00167273 ,-0.0307142 ,0 ,
0.00169941 ,-0.0312041 ,0 ,
0.00172652 ,-0.0317019 ,0 ,
0.00175406 ,-0.0322076 ,0 ,
0.00178204 ,-0.0327214 ,0 ,
0.00181047 ,-0.0332433 ,0 ,
0.00183935 ,-0.0337736 ,0 ,
0.00186869 ,-0.0343124 ,0 ,
0.0018985 ,-0.0348597 ,0 ,
0.00192878 ,-0.0354158 ,0 ,
0.00195955 ,-0.0359808 ,0 ,
0.00199081 ,-0.0365547 ,0 ,
0.00202257 ,-0.0371378 ,0 ,
0.00205483 ,-0.0377302 ,0 ,
0.00208761 ,-0.0383321 ,0 ,
0.00212091 ,-0.0389436 ,0 ,
0.00215474 ,-0.0395648 ,0 ,
0.00218911 ,-0.0401959 ,0 ,
0.00222403 ,-0.0408371 ,0 ,
0.00225951 ,-0.0414886 ,0 ,
0.00229555 ,-0.0421504 ,0 ,
0.00233217 ,-0.0428227 ,0 ,
0.00236937 ,-0.0435058 ,0 ,
0.00240717 ,-0.0441998 ,0 ,
0.00244557 ,-0.0449049 ,0 ,
0.00248458 ,-0.0456212 ,0 ,
0.00252421 ,-0.046349 ,0 ,
0.00256448 ,-0.0470883 ,0 ,
0.00260539 ,-0.0478395 ,0 ,
0.00264695 ,-0.0486026 ,0 ,
0.00268917 ,-0.0493779 ,0 ,
0.00273207 ,-0.0501655 ,0 ,
0.00277565 ,-0.0509658 ,0 ,
0.00281993 ,-0.0517788 ,0 ,
0.00286491 ,-0.0526047 ,0 ,
0.00291061 ,-0.0534439 ,0 ,
0.00295704 ,-0.0542964 ,0 ,
0.00300421 ,-0.0551625 ,0 ,
0.00305213 ,-0.0560425 ,0 ,
0.00310082 ,-0.0569365 ,0 ,
0.00315028 ,-0.0578447 ,0 ,
0.00320054 ,-0.0587674 ,0 ,
0.00325159 ,-0.0597049 ,0 ,
0.00330346 ,-0.0606573 ,0 ,
0.00335616 ,-0.0616249 ,0 ,
0.00340969 ,-0.0626079 ,0 ,
0.00346408 ,-0.0636066 ,0 ,
0.00351934 ,-0.0646212 ,0 ,
0.00357548 ,-0.0656521 ,0 ,
0.00363252 ,-0.0666993 ,0 ,
0.00369046 ,-0.0677633 ,0 ,
0.00374933 ,-0.0688443 ,0 ,
0.00380914 ,-0.0699424 ,0 ,
0.0038699 ,-0.0710582 ,0 ,
0.00393163 ,-0.0721917 ,0 ,
0.00399435 ,-0.0733432 ,0 ,
0.00405807 ,-0.0745132 ,0 ,
0.0041228 ,-0.0757018 ,0 ,
0.00418857 ,-0.0769094 ,0 ,
0.00425538 ,-0.0781363 ,0 ,
0.00432326 ,-0.0793827 ,0 ,
0.00439223 ,-0.080649 ,0 ,
0.00446229 ,-0.0819355 ,0 ,
0.00453347 ,-0.0832425 ,0 ,
0.00460579 ,-0.0845703 ,0 ,
0.00467926 ,-0.0859194 ,0 ,
0.0047539 ,-0.08729 ,0 ,
0.00482974 ,-0.0886824 ,0 ,
0.00490678 ,-0.090097 ,0 ,
0.00498505 ,-0.0915343 ,0 ,
0.00506457 ,-0.0929944 ,0 ,
0.00514536 ,-0.0944778 ,0 ,
0.00522744 ,-0.0959849 ,0 ,
0.00531083 ,-0.097516 ,0 ,
0.00539554 ,-0.0990716 ,0 ,
0.00548161 ,-0.100652 ,0 ,
0.00556905 ,-0.102258 ,0 ,
0.00565789 ,-0.103889 ,0 ,
0.00574814 ,-0.105546 ,0 ,
0.00583984 ,-0.10723 ,0 ,
0.00593299 ,-0.10894 ,0 ,
0.00602764 ,-0.110678 ,0 ,
0.00612379 ,-0.112443 ,0 ,
0.00622147 ,-0.114237 ,0 ,
0.00632072 ,-0.116059 ,0 ,
0.00642154 ,-0.117911 ,0 ,
0.00652398 ,-0.119792 ,0 ,
0.00662805 ,-0.121703 ,0 ,
0.00673378 ,-0.123644 ,0 ,
0.00684119 ,-0.125616 ,0 ,
0.00695032 ,-0.12762 ,0 ,
0.00706119 ,-0.129656 ,0 ,
0.00717383 ,-0.131724 ,0 ,
0.00728827 ,-0.133825 ,0 ,
0.00740453 ,-0.13596 ,0 ,
0.00752264 ,-0.138129 ,0 ,
0.00764264 ,-0.140332 ,0 ,
0.00776456 ,-0.142571 ,0 ,
0.00788842 ,-0.144845 ,0 ,
0.00801425 ,-0.147156 ,0 ,
0.00814209 ,-0.149503 ,0 ,
0.00827197 ,-0.151888 ,0 ,
0.00840393 ,-0.154311 ,0 ,
0.00853798 ,-0.156772 ,0 ,
0.00867418 ,-0.159273 ,0 ,
0.00881255 ,-0.161814 ,0 ,
0.00895313 ,-0.164395 ,0 ,
0.00909594 ,-0.167017 ,0 ,
0.00924104 ,-0.169682 ,0 ,
0.00938845 ,-0.172388 ,0 ,
0.00953822 ,-0.175138 ,0 ,
0.00969037 ,-0.177932 ,0 ,
0.00984495 ,-0.18077 ,0 ,
0.010002 ,-0.183654 ,0 ,
0.0101615 ,-0.186584 ,0 ,
0.0103236 ,-0.18956 ,0 ,
0.0104883 ,-0.192584 ,0 ,
0.0106556 ,-0.195656 ,0 ,
0.0108256 ,-0.198777 ,0 ,
0.0109983 ,-0.201948 ,0 ,
0.0111737 ,-0.205169 ,0 ,
0.011352 ,-0.208442 ,0 ,
0.0115331 ,-0.211767 ,0 ,
0.011717 ,-0.215145 ,0 ,
0.0119039 ,-0.218577 ,0 ,
0.0120938 ,-0.222064 ,0 ,
0.0122867 ,-0.225606 ,0 ,
0.0124827 ,-0.229205 ,0 ,
0.0126819 ,-0.232861 ,0 ,
0.0128842 ,-0.236576 ,0 ,
0.0130897 ,-0.240349 ,0 ,
0.0132985 ,-0.244183 ,0 ,
0.0135106 ,-0.248079 ,0 ,
0.0137261 ,-0.252036 ,0 ,
0.0139451 ,-0.256056 ,0 ,
0.0141676 ,-0.260141 ,0 ,
0.0143935 ,-0.264291 ,0 ,
0.0146232 ,-0.268507 ,0 ,
0.0148564 ,-0.27279 ,0 ,
0.0150934 ,-0.277141 ,0 ,
0.0153342 ,-0.281562 ,0 ,
0.0155788 ,-0.286054 ,0 ,
0.0158273 ,-0.290617 ,0 ,
0.0160798 ,-0.295252 ,0 ,
0.0163363 ,-0.299962 ,0 ,
0.0165969 ,-0.304747 ,0 ,
0.0168616 ,-0.309609 ,0 ,
0.0171306 ,-0.314547 ,0 ,
0.0174038 ,-0.319565 ,0 ,
0.0176815 ,-0.324663 ,0 ,
0.0179635 ,-0.329842 ,0 ,
0.0182501 ,-0.335103 ,0 ,
0.0185412 ,-0.340449 ,0 ,
0.018837 ,-0.345879 ,0 ,
0.0191374 ,-0.351397 ,0 ,
0.0194427 ,-0.357002 ,0 ,
0.0197529 ,-0.362697 ,0 ,
0.020068 ,-0.368483 ,0 ,
0.0203881 ,-0.374361 ,0 ,
0.0207133 ,-0.380332 ,0 ,
0.0210437 ,-0.386399 ,0 ,
0.0213794 ,-0.392563 ,0 ,
0.0217204 ,-0.398825 ,0 ,
0.0220669 ,-0.405187 ,0 ,
0.0224189 ,-0.411651 ,0 ,
0.0227766 ,-0.418217 ,0 ,
0.0231399 ,-0.424889 ,0 ,
0.023509 ,-0.431666 ,0 ,
0.023884 ,-0.438552 ,0 ,
0.024265 ,-0.445548 ,0 ,
0.0246521 ,-0.452655 ,0 ,
0.0250453 ,-0.459876 ,0 ,
0.0254448 ,-0.467212 ,0 ,
0.0258507 ,-0.474665 ,0 ,
0.0262631 ,-0.482236 ,0 ,
0.026682 ,-0.489929 ,0 ,
0.0271077 ,-0.497744 ,0 ,
0.0275401 ,-0.505684 ,0 ,
0.0279794 ,-0.513751 ,0 ,
0.0284257 ,-0.521946 ,0 ,
0.0288792 ,-0.530272 ,0 ,
0.0293398 ,-0.538731 ,0 ,
0.0298079 ,-0.547324 ,0 ,
0.0302834 ,-0.556055 ,0 ,
0.0307664 ,-0.564925 ,0 ,
0.0312572 ,-0.573937 ,0 ,
0.0317558 ,-0.583092 ,0 ,
0.0322624 ,-0.592394 ,0 ,
0.032777 ,-0.601843 ,0 ,
0.0332999 ,-0.611444 ,0 ,
0.0338311 ,-0.621197 ,0 ,
0.0343707 ,-0.631107 ,0 ,
0.034919 ,-0.641174 ,0 ,
0.035476 ,-0.651402 ,0 ,
0.0360419 ,-0.661793 ,0 ,
0.0366169 ,-0.67235 ,0 ,
0.037201 ,-0.683075 ,0 ,
0.0377944 ,-0.693971 ,0 ,
0.0383973 ,-0.705041 ,0 ,
0.0390098 ,-0.716288 ,0 ,
0.0396321 ,-0.727714 ,0 ,
0.0402643 ,-0.739322 ,0 ,
0.0409066 ,-0.751116 ,0 ,
0.0415591 ,-0.763097 ,0 ,
0.042222 ,-0.77527 ,0 ,
0.0428956 ,-0.787637 ,0 ,
0.0425672 ,-0.771986 ,0 ,
0.0414587 ,-0.734482 ,0 ,
0.0403674 ,-0.697328 ,0 ,
0.039293 ,-0.660524 ,0 ,
0.0382357 ,-0.62407 ,0 ,
0.0371954 ,-0.587966 ,0 ,
0.0361722 ,-0.552212 ,0 ,
0.035166 ,-0.516808 ,0 ,
0.0341768 ,-0.481754 ,0 ,
0.0332046 ,-0.44705 ,0 ,
0.0322495 ,-0.412696 ,0 ,
0.0313114 ,-0.378692 ,0 ,
0.0303904 ,-0.345038 ,0 ,
0.0294863 ,-0.311734 ,0 ,
0.0285993 ,-0.27878 ,0 ,
0.0277294 ,-0.246176 ,0 ,
0.0268764 ,-0.213922 ,0 ,
0.0260405 ,-0.182018 ,0 ,
0.0252216 ,-0.150464 ,0 ,
0.0244198 ,-0.11926 ,0 ,
0.023635 ,-0.0884061 ,0 ,
0.0228672 ,-0.057902 ,0 ,
0.0221165 ,-0.0277479 ,0 ,
0.0213828 ,0.00205616 ,0 ,
0.0212528 ,0.0151931 ,0 ,
0.0215919 ,0.0154355 ,0 ,
0.0219363 ,0.0156817 ,0 ,
0.0222862 ,0.0159319 ,0 ,
0.0226417 ,0.016186 ,0 ,
0.0230029 ,0.0164442 ,0 ,
0.0233698 ,0.0167065 ,0 ,
0.0237426 ,0.016973 ,0 ,
0.0241214 ,0.0172438 ,0 ,
0.0245061 ,0.0175189 ,0 ,
0.0248971 ,0.0177983 ,0 ,
0.0252942 ,0.0180822 ,0 ,
0.0256977 ,0.0183707 ,0 ,
0.0261076 ,0.0186637 ,0 ,
0.0265241 ,0.0189614 ,0 ,
0.0269472 ,0.0192639 ,0 ,
0.027377 ,0.0195712 ,0 ,
0.0278138 ,0.0198834 ,0 ,
0.0282574 ,0.0202006 ,0 ,
0.0287082 ,0.0205228 ,0 ,
0.0291661 ,0.0208502 ,0 ,
0.0296314 ,0.0211828 ,0 ,
0.0301041 ,0.0215207 ,0 ,
0.0305843 ,0.021864 ,0 ,
0.0310722 ,0.0222127 ,0 ,
0.0315678 ,0.0225671 ,0 ,
0.0320714 ,0.0229271 ,0 ,
0.032583 ,0.0232928 ,0 ,
0.0331027 ,0.0236644 ,0 ,
0.0336308 ,0.0240418 ,0 ,
0.0341673 ,0.0244254 ,0 ,
0.0347123 ,0.024815 ,0 ,
0.035266 ,0.0252108 ,0 ,
0.0358286 ,0.025613 ,0 ,
0.0364001 ,0.0260216 ,0 ,
0.0369807 ,0.0264366 ,0 ,
0.0375707 ,0.0268584 ,0 ,
0.03817 ,0.0272868 ,0 ,
0.0387789 ,0.0277221 ,0 ,
0.0393974 ,0.0281643 ,0 ,
0.0400259 ,0.0286136 ,0 ,
0.0406644 ,0.02907 ,0 ,
0.0413131 ,0.0295337 ,0 ,
0.0419721 ,0.0300048 ,0 ,
0.0426416 ,0.0304835 ,0 ,
0.0433218 ,0.0309697 ,0 ,
0.0440129 ,0.0314638 ,0 ,
0.044715 ,0.0319657 ,0 ,
0.0454283 ,0.0324756 ,0 ,
0.0461529 ,0.0329936 ,0 ,
0.0468891 ,0.0335199 ,0 ,
0.0476371 ,0.0340546 ,0 ,
0.048397 ,0.0345979 ,0 ,
0.049169 ,0.0351498 ,0 ,
0.0499534 ,0.0357105 ,0 ,
0.0507502 ,0.0362801 ,0 ,
0.0515598 ,0.0368588 ,0 ,
0.0523822 ,0.0374468 ,0 ,
0.0532178 ,0.0380441 ,0 ,
0.0540667 ,0.038651 ,0 ,
0.0549292 ,0.0392676 ,0 ,
0.0558054 ,0.039894 ,0 ,
0.0566956 ,0.0405303 ,0 ,
0.0576 ,0.0411769 ,0 ,
0.0585188 ,0.0418337 ,0 ,
0.0594523 ,0.042501 ,0 ,
0.0604007 ,0.043179 ,0 ,
0.0613642 ,0.0438678 ,0 ,
0.0623431 ,0.0445676 ,0 ,
0.0633376 ,0.0452785 ,0 ,
0.0643479 ,0.0460008 ,0 ,
0.0653744 ,0.0467346 ,0 ,
0.0664172 ,0.0474801 ,0 ,
0.0674767 ,0.0482375 ,0 ,
0.0685531 ,0.0490069 ,0 ,
0.0696466 ,0.0497887 ,0 ,
0.0707576 ,0.0505829 ,0 ,
0.0718863 ,0.0513898 ,0 ,
0.073033 ,0.0522096 ,0 ,
0.074198 ,0.0530424 ,0 ,
0.0753816 ,0.0538885 ,0 ,
0.0765841 ,0.0547481 ,0 ,
0.0778058 ,0.0556215 ,0 ,
0.0790469 ,0.0565087 ,0 ,
0.0803078 ,0.0574101 ,0 ,
0.0815889 ,0.0583259 ,0 ,
0.0828904 ,0.0592563 ,0 ,
0.0842126 ,0.0602016 ,0 ,
0.085556 ,0.0611619 ,0 ,
0.0869207 ,0.0621376 ,0 ,
0.0883073 ,0.0631288 ,0 ,
0.089716 ,0.0641358 ,0 ,
0.0911471 ,0.0651589 ,0 ,
0.092601 ,0.0661983 ,0 ,
0.0940782 ,0.0672543 ,0 ,
0.0955789 ,0.0683271 ,0 ,
0.0971036 ,0.069417 ,0 ,
0.0986525 ,0.0705243 ,0 ,
0.100226 ,0.0716493 ,0 ,
0.101825 ,0.0727923 ,0 ,
0.103449 ,0.0739534 ,0 ,
0.1051 ,0.0751331 ,0 ,
0.106776 ,0.0763316 ,0 ,
0.108479 ,0.0775493 ,0 ,
0.11021 ,0.0787863 ,0 ,
0.111968 ,0.0800431 ,0 ,
0.113754 ,0.0813199 ,0 ,
0.115568 ,0.0826171 ,0 ,
0.117412 ,0.083935 ,0 ,
0.119285 ,0.0852739 ,0 ,
0.121188 ,0.0866342 ,0 ,
0.123121 ,0.0880162 ,0 ,
0.125085 ,0.0894202 ,0 ,
0.12708 ,0.0908466 ,0 ,
0.129107 ,0.0922958 ,0 ,
0.131167 ,0.0937681 ,0 ,
0.133259 ,0.0952638 ,0 ,
0.135385 ,0.0967835 ,0 ,
0.137545 ,0.0983273 ,0 ,
0.139739 ,0.0998958 ,0 ,
0.141968 ,0.101489 ,0 ,
0.144232 ,0.103108 ,0 ,
0.146533 ,0.104753 ,0 ,
0.148871 ,0.106424 ,0 ,
0.151245 ,0.108122 ,0 ,
0.153658 ,0.109846 ,0 ,
0.156109 ,0.111599 ,0 ,
0.158599 ,0.113379 ,0 ,
0.161129 ,0.115188 ,0 ,
0.1637 ,0.117025 ,0 ,
0.166311 ,0.118892 ,0 ,
0.168964 ,0.120788 ,0 ,
0.171659 ,0.122715 ,0 ,
0.174397 ,0.124673 ,0 ,
0.177179 ,0.126661 ,0 ,
0.180006 ,0.128682 ,0 ,
0.182877 ,0.130735 ,0 ,
0.185794 ,0.13282 ,0 ,
0.188758 ,0.134939 ,0 ,
0.191769 ,0.137091 ,0 ,
0.194828 ,0.139278 ,0 ,
0.197936 ,0.1415 ,0 ,
0.201094 ,0.143757 ,0 ,
0.204301 ,0.14605 ,0 ,
0.20756 ,0.14838 ,0 ,
0.210871 ,0.150747 ,0 ,
0.214235 ,0.153152 ,0 ,
0.217653 ,0.155595 ,0 ,
0.221124 ,0.158077 ,0 ,
0.224652 ,0.160598 ,0 ,
0.228235 ,0.16316 ,0 ,
0.231876 ,0.165763 ,0 ,
0.235575 ,0.168407 ,0 ,
0.239333 ,0.171093 ,0 ,
0.243151 ,0.173823 ,0 ,
0.247029 ,0.176595 ,0 ,
0.25097 ,0.179412 ,0 ,
0.254973 ,0.182274 ,0 ,
0.259041 ,0.185182 ,0 ,
0.263173 ,0.188136 ,0 ,
0.267371 ,0.191137 ,0 ,
0.271636 ,0.194186 ,0 ,
0.275969 ,0.197284 ,0 ,
0.280371 ,0.200431 ,0 ,
0.284844 ,0.203628 ,0 ,
0.289387 ,0.206876 ,0 ,
0.294004 ,0.210176 ,0 ,
0.298694 ,0.213529 ,0 ,
0.303458 ,0.216935 ,0 ,
0.308299 ,0.220396 ,0 ,
0.313217 ,0.223911 ,0 ,
0.318213 ,0.227483 ,0 ,
0.323289 ,0.231112 ,0 ,
0.328446 ,0.234798 ,0 ,
0.333686 ,0.238544 ,0 ,
0.339009 ,0.242349 ,0 ,
0.344416 ,0.246215 ,0 ,
0.34991 ,0.250143 ,0 ,
0.355492 ,0.254133 ,0 ,
0.361163 ,0.258187 ,0 ,
0.366924 ,0.262305 ,0 ,
0.372777 ,0.266489 ,0 ,
0.378724 ,0.27074 ,0 ,
0.384765 ,0.275059 ,0 ,
0.390903 ,0.279447 ,0 ,
0.397138 ,0.283905 ,0 ,
0.403473 ,0.288433 ,0 ,
0.409909 ,0.293034 ,0 ,
0.416448 ,0.297709 ,0 ,
0.423091 ,0.302458 ,0 ,
0.42984 ,0.307283 ,0 ,
0.436697 ,0.312184 ,0 ,
0.443663 ,0.317164 ,0 ,
0.450741 ,0.322224 ,0 ,
0.457931 ,0.327364 ,0 ,
0.465235 ,0.332586 ,0 ,
0.472657 ,0.337891 ,0 ,
0.480197 ,0.343281 ,0 ,
0.487857 ,0.348757 ,0 ,
0.495639 ,0.35432 ,0 ,
0.503545 ,0.359972 ,0 ,
0.511578 ,0.365715 ,0 ,
0.519738 ,0.371548 ,0 ,
0.528029 ,0.377475 ,0 ,
0.536452 ,0.383497 ,0 ,
0.545009 ,0.389614 ,0 ,
0.553703 ,0.395829 ,0 ,
0.562536 ,0.402143 ,0 ,
0.571509 ,0.408558 ,0 ,
0.580626 ,0.415075 ,0 ,
0.589888 ,0.421697 ,0 ,
0.599298 ,0.428423 ,0 ,
0.608857 ,0.435258 ,0 ,
0.61857 ,0.442201 ,0 ,
0.628437 ,0.449255 ,0 ,
0.638462 ,0.456421 ,0 ,
0.625916 ,0.446956 ,0 ,
0.595766 ,0.424518 ,0 ,
0.565899 ,0.402285 ,0 ,
0.536315 ,0.380256 ,0 ,
0.507015 ,0.358431 ,0 ,
0.477998 ,0.33681 ,0 ,
0.449264 ,0.315394 ,0 ,
0.420813 ,0.294182 ,0 ,
0.392645 ,0.273175 ,0 ,
0.36476 ,0.252372 ,0 ,
0.337159 ,0.231773 ,0 ,
0.309841 ,0.211379 ,0 ,
0.282806 ,0.191189 ,0 ,
0.256054 ,0.171203 ,0 ,
0.229585 ,0.151422 ,0 ,
0.203399 ,0.131845 ,0 ,
0.177497 ,0.112472 ,0 ,
0.151877 ,0.0933037 ,0 ,
0.126541 ,0.0743398 ,0 ,
0.101488 ,0.0555801 ,0 ,
0.0767182 ,0.0370249 ,0 ,
0.0522315 ,0.0186739 ,0 ,
0.028028 ,0.000527344 ,0 ,
0.0041076 ,-0.0174149 ,0 ,
-0.00638399 ,-0.0254695 ,0 ,
-0.00648582 ,-0.0258758 ,0 ,
-0.00658928 ,-0.0262885 ,0 ,
-0.0066944 ,-0.0267079 ,0 ,
-0.00680118 ,-0.0271339 ,0 ,
-0.00690967 ,-0.0275667 ,0 ,
-0.0070199 ,-0.0280065 ,0 ,
-0.00713188 ,-0.0284532 ,0 ,
-0.00724564 ,-0.0289071 ,0 ,
-0.00736122 ,-0.0293682 ,0 ,
-0.00747865 ,-0.0298367 ,0 ,
-0.00759795 ,-0.0303127 ,0 ,
-0.00771915 ,-0.0307962 ,0 ,
-0.00784228 ,-0.0312875 ,0 ,
-0.00796738 ,-0.0317866 ,0 ,
-0.00809447 ,-0.0322936 ,0 ,
-0.0082236 ,-0.0328088 ,0 ,
-0.00835478 ,-0.0333321 ,0 ,
-0.00848805 ,-0.0338638 ,0 ,
-0.00862345 ,-0.034404 ,0 ,
-0.00876101 ,-0.0349528 ,0 ,
-0.00890076 ,-0.0355104 ,0 ,
-0.00904275 ,-0.0360768 ,0 ,
-0.009187 ,-0.0366523 ,0 ,
-0.00933355 ,-0.037237 ,0 ,
-0.00948243 ,-0.037831 ,0 ,
-0.00963369 ,-0.0384345 ,0 ,
-0.00978737 ,-0.0390476 ,0 ,
-0.0099435 ,-0.0396704 ,0 ,
-0.0101021 ,-0.0403033 ,0 ,
-0.0102633 ,-0.0409462 ,0 ,
-0.010427 ,-0.0415993 ,0 ,
-0.0105933 ,-0.0422629 ,0 ,
-0.0107623 ,-0.0429371 ,0 ,
-0.010934 ,-0.043622 ,0 ,
-0.0111084 ,-0.0443179 ,0 ,
-0.0112856 ,-0.0450248 ,0 ,
-0.0114656 ,-0.045743 ,0 ,
-0.0116485 ,-0.0464727 ,0 ,
-0.0118343 ,-0.047214 ,0 ,
-0.0120231 ,-0.0479672 ,0 ,
-0.0122149 ,-0.0487324 ,0 ,
-0.0124097 ,-0.0495097 ,0 ,
-0.0126077 ,-0.0502995 ,0 ,
-0.0128088 ,-0.0511019 ,0 ,
-0.0130131 ,-0.051917 ,0 ,
-0.0132207 ,-0.0527452 ,0 ,
-0.0134316 ,-0.0535866 ,0 ,
-0.0136459 ,-0.0544414 ,0 ,
-0.0138635 ,-0.0553098 ,0 ,
-0.0140847 ,-0.0561921 ,0 ,
-0.0143094 ,-0.0570885 ,0 ,
-0.0145376 ,-0.0579991 ,0 ,
-0.0147695 ,-0.0589243 ,0 ,
-0.0150051 ,-0.0598643 ,0 ,
-0.0152445 ,-0.0608192 ,0 ,
-0.0154877 ,-0.0617894 ,0 ,
-0.0157347 ,-0.0627751 ,0 ,
-0.0159857 ,-0.0637764 ,0 ,
-0.0162407 ,-0.0647938 ,0 ,
-0.0164998 ,-0.0658274 ,0 ,
-0.016763 ,-0.0668774 ,0 ,
-0.0170304 ,-0.0679442 ,0 ,
-0.0173021 ,-0.0690281 ,0 ,
-0.0175781 ,-0.0701292 ,0 ,
-0.0178585 ,-0.0712479 ,0 ,
-0.0181433 ,-0.0723844 ,0 ,
-0.0184328 ,-0.0735391 ,0 ,
-0.0187268 ,-0.0747122 ,0 ,
-0.0190255 ,-0.075904 ,0 ,
-0.019329 ,-0.0771148 ,0 ,
-0.0196373 ,-0.0783449 ,0 ,
-0.0199506 ,-0.0795946 ,0 ,
-0.0202688 ,-0.0808643 ,0 ,
-0.0205922 ,-0.0821542 ,0 ,
-0.0209206 ,-0.0834647 ,0 ,
-0.0212544 ,-0.0847962 ,0 ,
-0.0215934 ,-0.0861488 ,0 ,
-0.0219379 ,-0.087523 ,0 ,
-0.0222878 ,-0.0889192 ,0 ,
-0.0226433 ,-0.0903376 ,0 ,
-0.0230046 ,-0.0917787 ,0 ,
-0.0233715 ,-0.0932427 ,0 ,
-0.0237443 ,-0.0947301 ,0 ,
-0.0241231 ,-0.0962412 ,0 ,
-0.0245079 ,-0.0977764 ,0 ,
-0.0248988 ,-0.0993361 ,0 ,
-0.025296 ,-0.100921 ,0 ,
-0.0256995 ,-0.102531 ,0 ,
-0.0261095 ,-0.104166 ,0 ,
-0.026526 ,-0.105828 ,0 ,
-0.0269491 ,-0.107516 ,0 ,
-0.027379 ,-0.109231 ,0 ,
-0.0278158 ,-0.110973 ,0 ,
-0.0282595 ,-0.112744 ,0 ,
-0.0287103 ,-0.114542 ,0 ,
-0.0291682 ,-0.116369 ,0 ,
-0.0296335 ,-0.118226 ,0 ,
-0.0301062 ,-0.120111 ,0 ,
-0.0305865 ,-0.122027 ,0 ,
-0.0310744 ,-0.123974 ,0 ,
-0.0315701 ,-0.125952 ,0 ,
-0.0320737 ,-0.127961 ,0 ,
-0.0325853 ,-0.130002 ,0 ,
-0.0331051 ,-0.132076 ,0 ,
-0.0336332 ,-0.134183 ,0 ,
-0.0341697 ,-0.136323 ,0 ,
-0.0347148 ,-0.138498 ,0 ,
-0.0352686 ,-0.140707 ,0 ,
-0.0358312 ,-0.142951 ,0 ,
-0.0364027 ,-0.145232 ,0 ,
-0.0369834 ,-0.147549 ,0 ,
-0.0375734 ,-0.149902 ,0 ,
-0.0381727 ,-0.152293 ,0 ,
-0.0387817 ,-0.154723 ,0 ,
-0.0394003 ,-0.157191 ,0 ,
-0.0400288 ,-0.159698 ,0 ,
-0.0406673 ,-0.162246 ,0 ,
-0.041316 ,-0.164834 ,0 ,
-0.0419751 ,-0.167463 ,0 ,
-0.0426447 ,-0.170135 ,0 ,
-0.0433249 ,-0.172849 ,0 ,
-0.0440161 ,-0.175606 ,0 ,
-0.0447182 ,-0.178407 ,0 ,
-0.0454315 ,-0.181253 ,0 ,
-0.0461562 ,-0.184144 ,0 ,
-0.0468925 ,-0.187082 ,0 ,
-0.0476405 ,-0.190066 ,0 ,
-0.0484005 ,-0.193098 ,0 ,
-0.0491726 ,-0.196178 ,0 ,
-0.049957 ,-0.199308 ,0 ,
-0.0507539 ,-0.202487 ,0 ,
-0.0515635 ,-0.205717 ,0 ,
-0.052386 ,-0.208999 ,0 ,
-0.0532217 ,-0.212332 ,0 ,
-0.0540706 ,-0.21572 ,0 ,
-0.0549332 ,-0.219161 ,0 ,
-0.0558095 ,-0.222657 ,0 ,
-0.0566997 ,-0.226208 ,0 ,
-0.0576042 ,-0.229817 ,0 ,
-0.0585231 ,-0.233483 ,0 ,
-0.0594566 ,-0.237207 ,0 ,
-0.0604051 ,-0.240991 ,0 ,
-0.0613686 ,-0.244835 ,0 ,
-0.0623476 ,-0.248741 ,0 ,
-0.0633421 ,-0.252709 ,0 ,
-0.0643525 ,-0.25674 ,0 ,
-0.0653791 ,-0.260836 ,0 ,
-0.066422 ,-0.264996 ,0 ,
-0.0674815 ,-0.269224 ,0 ,
-0.068558 ,-0.273518 ,0 ,
-0.0696516 ,-0.277881 ,0 ,
-0.0707627 ,-0.282314 ,0 ,
-0.0718915 ,-0.286817 ,0 ,
-0.0730383 ,-0.291393 ,0 ,
-0.0742034 ,-0.296041 ,0 ,
-0.0753871 ,-0.300763 ,0 ,
-0.0765896 ,-0.305561 ,0 ,
-0.0778114 ,-0.310435 ,0 ,
-0.0790526 ,-0.315387 ,0 ,
-0.0803136 ,-0.320418 ,0 ,
-0.0815948 ,-0.325529 ,0 ,
-0.0828964 ,-0.330722 ,0 ,
-0.0842187 ,-0.335998 ,0 ,
-0.0855621 ,-0.341358 ,0 ,
-0.086927 ,-0.346803 ,0 ,
-0.0883137 ,-0.352335 ,0 ,
-0.0897224 ,-0.357955 ,0 ,
-0.0911537 ,-0.363665 ,0 ,
-0.0926077 ,-0.369467 ,0 ,
-0.094085 ,-0.37536 ,0 ,
-0.0955858 ,-0.381348 ,0 ,
-0.0971106 ,-0.387431 ,0 ,
-0.0986597 ,-0.393611 ,0 ,
-0.100233 ,-0.39989 ,0 ,
-0.101832 ,-0.406269 ,0 ,
-0.103457 ,-0.41275 ,0 ,
-0.105107 ,-0.419334 ,0 ,
-0.106784 ,-0.426023 ,0 ,
-0.108487 ,-0.432819 ,0 ,
-0.110218 ,-0.439723 ,0 ,
-0.111976 ,-0.446738 ,0 ,
-0.113762 ,-0.453864 ,0 ,
-0.115577 ,-0.461104 ,0 ,
-0.11742 ,-0.468459 ,0 ,
-0.119294 ,-0.475932 ,0 ,
-0.121196 ,-0.483524 ,0 ,
-0.12313 ,-0.491237 ,0 ,
-0.125094 ,-0.499073 ,0 ,
-0.127089 ,-0.507034 ,0 ,
-0.129117 ,-0.515122 ,0 ,
-0.131176 ,-0.523339 ,0 ,
-0.133269 ,-0.531688 ,0 ,
-0.135395 ,-0.540169 ,0 ,
-0.137555 ,-0.548786 ,0 ,
-0.139749 ,-0.55754 ,0 ,
-0.141978 ,-0.566434 ,0 ,
-0.144243 ,-0.575469 ,0 ,
-0.146544 ,-0.584649 ,0 ,
-0.148881 ,-0.593975 ,0 ,
-0.151256 ,-0.60345 ,0 ,
-0.153669 ,-0.613076 ,0 ,
-0.15612 ,-0.622856 ,0 ,
-0.158611 ,-0.632792 ,0 ,
-0.161141 ,-0.642886 ,0 ,
-0.163711 ,-0.653141 ,0 ,
-0.166323 ,-0.66356 ,0 ,
-0.168976 ,-0.674145 ,0 ,
-0.171672 ,-0.684899 ,0 ,
-0.17441 ,-0.695824 ,0 ,
-0.177192 ,-0.706924 ,0 ,
-0.180019 ,-0.7182 ,0 ,
-0.18289 ,-0.729657 ,0 ,
-0.185808 ,-0.741296 ,0 ,
-0.188772 ,-0.753121 ,0 ,
-0.191783 ,-0.765135 ,0 ,
-0.187471 ,-0.750086 ,0 ,
-0.177447 ,-0.713929 ,0 ,
-0.16751 ,-0.678112 ,0 ,
-0.15766 ,-0.642635 ,0 ,
-0.147897 ,-0.607496 ,0 ,
-0.138222 ,-0.572698 ,0 ,
-0.128633 ,-0.538238 ,0 ,
-0.119132 ,-0.504118 ,0 ,
-0.109718 ,-0.470337 ,0 ,
-0.100391 ,-0.436896 ,0 ,
-0.091151 ,-0.403794 ,0 ,
-0.0819983 ,-0.371032 ,0 ,
-0.0729328 ,-0.338609 ,0 ,
-0.0639545 ,-0.306525 ,0 ,
-0.0550633 ,-0.274781 ,0 ,
-0.0462592 ,-0.243376 ,0 ,
-0.0375424 ,-0.21231 ,0 ,
-0.0289126 ,-0.181584 ,0 ,
-0.0203701 ,-0.151197 ,0 ,
-0.0119147 ,-0.12115 ,0 ,
-0.00354642 ,-0.0914422 ,0 ,
0.00473466 ,-0.0620736 ,0 ,
0.0129286 ,-0.0330445 ,0 ,
0.0210354 ,-0.00435471 ,0 ,
0.0247935 ,0.00823392 ,0 ,
0.025189 ,0.00836527 ,0 ,
0.0255908 ,0.00849871 ,0 ,
0.025999 ,0.00863428 ,0 ,
0.0264137 ,0.00877201 ,0 ,
0.0268351 ,0.00891194 ,0 ,
0.0272632 ,0.0090541 ,0 ,
0.0276981 ,0.00919853 ,0 ,
0.0281399 ,0.00934526 ,0 ,
0.0285888 ,0.00949434 ,0 ,
0.0290448 ,0.00964579 ,0 ,
0.0295081 ,0.00979966 ,0 ,
0.0299788 ,0.00995598 ,0 ,
0.0304571 ,0.0101148 ,0 ,
0.0309429 ,0.0102761 ,0 ,
0.0314365 ,0.0104401 ,0 ,
0.031938 ,0.0106066 ,0 ,
0.0324474 ,0.0107758 ,0 ,
0.032965 ,0.0109477 ,0 ,
0.0334909 ,0.0111223 ,0 ,
0.0340251 ,0.0112997 ,0 ,
0.0345679 ,0.01148 ,0 ,
0.0351193 ,0.0116631 ,0 ,
0.0356795 ,0.0118492 ,0 ,
0.0362487 ,0.0120382 ,0 ,
0.0368269 ,0.0122302 ,0 ,
0.0374144 ,0.0124253 ,0 ,
0.0380112 ,0.0126235 ,0 ,
0.0386175 ,0.0128249 ,0 ,
0.0392336 ,0.0130295 ,0 ,
0.0398594 ,0.0132373 ,0 ,
0.0404952 ,0.0134485 ,0 ,
0.0411412 ,0.013663 ,0 ,
0.0417975 ,0.0138809 ,0 ,
0.0424642 ,0.0141024 ,0 ,
0.0431416 ,0.0143273 ,0 ,
0.0438298 ,0.0145559 ,0 ,
0.044529 ,0.0147881 ,0 ,
0.0452393 ,0.015024 ,0 ,
0.0459609 ,0.0152636 ,0 ,
0.0466941 ,0.0155071 ,0 ,
0.0474389 ,0.0157545 ,0 ,
0.0481957 ,0.0160058 ,0 ,
0.0489645 ,0.0162611 ,0 ,
0.0497456 ,0.0165205 ,0 ,
0.0505391 ,0.016784 ,0 ,
0.0513453 ,0.0170518 ,0 ,
0.0521643 ,0.0173238 ,0 ,
0.0529964 ,0.0176001 ,0 ,
0.0538418 ,0.0178809 ,0 ,
0.0547007 ,0.0181661 ,0 ,
0.0555733 ,0.0184559 ,0 ,
0.0564598 ,0.0187503 ,0 ,
0.0573604 ,0.0190494 ,0 ,
0.0582754 ,0.0193533 ,0 ,
0.059205 ,0.019662 ,0 ,
0.0601494 ,0.0199756 ,0 ,
0.0611089 ,0.0202943 ,0 ,
0.0620837 ,0.020618 ,0 ,
0.0630741 ,0.0209469 ,0 ,
0.0640802 ,0.0212811 ,0 ,
0.0651024 ,0.0216205 ,0 ,
0.0661409 ,0.0219654 ,0 ,
0.067196 ,0.0223158 ,0 ,
0.0682679 ,0.0226718 ,0 ,
0.0693569 ,0.0230334 ,0 ,
0.0704633 ,0.0234009 ,0 ,
0.0715873 ,0.0237741 ,0 ,
0.0727292 ,0.0241534 ,0 ,
0.0738894 ,0.0245387 ,0 ,
0.075068 ,0.0249301 ,0 ,
0.0762655 ,0.0253278 ,0 ,
0.0774821 ,0.0257318 ,0 ,
0.0787181 ,0.0261423 ,0 ,
0.0799738 ,0.0265593 ,0 ,
0.0812495 ,0.026983 ,0 ,
0.0825456 ,0.0274134 ,0 ,
0.0838623 ,0.0278507 ,0 ,
0.0852001 ,0.028295 ,0 ,
0.0865592 ,0.0287463 ,0 ,
0.0879399 ,0.0292049 ,0 ,
0.0893427 ,0.0296707 ,0 ,
0.0907679 ,0.030144 ,0 ,
0.0922158 ,0.0306249 ,0 ,
0.0936868 ,0.0311134 ,0 ,
0.0951813 ,0.0316097 ,0 ,
0.0966996 ,0.032114 ,0 ,
0.0982422 ,0.0326262 ,0 ,
0.0998093 ,0.0331467 ,0 ,
0.101401 ,0.0336754 ,0 ,
0.103019 ,0.0342126 ,0 ,
0.104662 ,0.0347584 ,0 ,
0.106332 ,0.0353128 ,0 ,
0.108028 ,0.0358761 ,0 ,
0.109751 ,0.0364484 ,0 ,
0.111502 ,0.0370298 ,0 ,
0.113281 ,0.0376205 ,0 ,
0.115088 ,0.0382206 ,0 ,
0.116924 ,0.0388303 ,0 ,
0.118789 ,0.0394497 ,0 ,
0.120684 ,0.040079 ,0 ,
0.122609 ,0.0407184 ,0 ,
0.124565 ,0.0413679 ,0 ,
0.126552 ,0.0420278 ,0 ,
0.12857 ,0.0426982 ,0 ,
0.130621 ,0.0433793 ,0 ,
0.132705 ,0.0440713 ,0 ,
0.134822 ,0.0447743 ,0 ,
0.136972 ,0.0454886 ,0 ,
0.139157 ,0.0462142 ,0 ,
0.141377 ,0.0469514 ,0 ,
0.143632 ,0.0477003 ,0 ,
0.145924 ,0.0484613 ,0 ,
0.148251 ,0.0492343 ,0 ,
0.150616 ,0.0500197 ,0 ,
0.153019 ,0.0508176 ,0 ,
0.15546 ,0.0516282 ,0 ,
0.15794 ,0.0524518 ,0 ,
0.160459 ,0.0532885 ,0 ,
0.163019 ,0.0541385 ,0 ,
0.165619 ,0.0550021 ,0 ,
0.168261 ,0.0558795 ,0 ,
0.170945 ,0.0567709 ,0 ,
0.173672 ,0.0576765 ,0 ,
0.176442 ,0.0585965 ,0 ,
0.179257 ,0.0595313 ,0 ,
0.182116 ,0.0604809 ,0 ,
0.185022 ,0.0614457 ,0 ,
0.187973 ,0.0624258 ,0 ,
0.190971 ,0.0634216 ,0 ,
0.194018 ,0.0644333 ,0 ,
0.197113 ,0.0654612 ,0 ,
0.200257 ,0.0665054 ,0 ,
0.203451 ,0.0675663 ,0 ,
0.206697 ,0.0686441 ,0 ,
0.209994 ,0.0697391 ,0 ,
0.213344 ,0.0708515 ,0 ,
0.216747 ,0.0719817 ,0 ,
0.220205 ,0.07313 ,0 ,
0.223717 ,0.0742965 ,0 ,
0.227286 ,0.0754817 ,0 ,
0.230912 ,0.0766858 ,0 ,
0.234595 ,0.077909 ,0 ,
0.238337 ,0.0791518 ,0 ,
0.242139 ,0.0804144 ,0 ,
0.246002 ,0.0816972 ,0 ,
0.249926 ,0.0830004 ,0 ,
0.253913 ,0.0843244 ,0 ,
0.257963 ,0.0856696 ,0 ,
0.262078 ,0.0870361 ,0 ,
0.266259 ,0.0884245 ,0 ,
0.270506 ,0.0898351 ,0 ,
0.274821 ,0.0912681 ,0 ,
0.279205 ,0.092724 ,0 ,
0.283659 ,0.0942031 ,0 ,
0.288184 ,0.0957058 ,0 ,
0.292781 ,0.0972325 ,0 ,
0.297451 ,0.0987835 ,0 ,
0.302196 ,0.100359 ,0 ,
0.307016 ,0.10196 ,0 ,
0.311914 ,0.103587 ,0 ,
0.31689 ,0.105239 ,0 ,
0.321944 ,0.106918 ,0 ,
0.32708 ,0.108623 ,0 ,
0.332298 ,0.110356 ,0 ,
0.337598 ,0.112116 ,0 ,
0.342984 ,0.113905 ,0 ,
0.348455 ,0.115722 ,0 ,
0.354013 ,0.117568 ,0 ,
0.35966 ,0.119443 ,0 ,
0.365398 ,0.121349 ,0 ,
0.371226 ,0.123284 ,0 ,
0.377148 ,0.125251 ,0 ,
0.383164 ,0.127249 ,0 ,
0.389277 ,0.129279 ,0 ,
0.395486 ,0.131341 ,0 ,
0.401795 ,0.133436 ,0 ,
0.408204 ,0.135565 ,0 ,
0.414716 ,0.137727 ,0 ,
0.421331 ,0.139924 ,0 ,
0.428052 ,0.142156 ,0 ,
0.434881 ,0.144424 ,0 ,
0.441818 ,0.146728 ,0 ,
0.448866 ,0.149068 ,0 ,
0.456026 ,0.151446 ,0 ,
0.4633 ,0.153862 ,0 ,
0.470691 ,0.156316 ,0 ,
0.478199 ,0.15881 ,0 ,
0.485827 ,0.161343 ,0 ,
0.493577 ,0.163917 ,0 ,
0.50145 ,0.166532 ,0 ,
0.509449 ,0.169188 ,0 ,
0.517576 ,0.171887 ,0 ,
0.525832 ,0.174629 ,0 ,
0.53422 ,0.177415 ,0 ,
0.542742 ,0.180245 ,0 ,
0.5514 ,0.18312 ,0 ,
0.560196 ,0.186041 ,0 ,
0.569132 ,0.189009 ,0 ,
0.57821 ,0.192024 ,0 ,
0.587434 ,0.195087 ,0 ,
0.596805 ,0.198199 ,0 ,
0.606325 ,0.201361 ,0 ,
0.615997 ,0.204573 ,0 ,
0.625823 ,0.207836 ,0 ,
0.635806 ,0.211151 ,0 ,
0.645948 ,0.214519 ,0 ,
0.656252 ,0.217941 ,0 ,
0.666721 ,0.221418 ,0 ,
0.677356 ,0.22495 ,0 ,
0.688161 ,0.228538 ,0 ,
0.699139 ,0.232184 ,0 ,
0.710291 ,0.235888 ,0 ,
0.721621 ,0.239651 ,0 ,
0.733133 ,0.243473 ,0 ,
0.744827 ,0.247357 ,0 ,
0.730044 ,0.242023 ,0 ,
0.69461 ,0.229497 ,0 ,
0.659507 ,0.217083 ,0 ,
0.624735 ,0.20478 ,0 ,
0.590293 ,0.192589 ,0 ,
0.556183 ,0.180509 ,0 ,
0.522403 ,0.168541 ,0 ,
0.488955 ,0.156684 ,0 ,
0.455837 ,0.144939 ,0 ,
0.42305 ,0.133306 ,0 ,
0.390594 ,0.121784 ,0 ,
0.358469 ,0.110374 ,0 ,
0.326674 ,0.0990749 ,0 ,
0.295211 ,0.0878876 ,0 ,
0.264079 ,0.0768118 ,0 ,
0.233277 ,0.0658476 ,0 ,
0.202807 ,0.0549949 ,0 ,
0.172667 ,0.0442537 ,0 ,
0.142858 ,0.0336241 ,0 ,
0.11338 ,0.023106 ,0 ,
0.0842332 ,0.0126995 ,0 ,
0.0554171 ,0.00240451 ,0 ,
0.0269319 ,-0.00777895 ,0 ,
-0.00122246 ,-0.0178509 ,0 ,
-0.0136258 ,-0.0224452 ,0 ,
-0.0138431 ,-0.0228033 ,0 ,
-0.0140639 ,-0.023167 ,0 ,
-0.0142883 ,-0.0235366 ,0 ,
-0.0145162 ,-0.023912 ,0 ,
-0.0147478 ,-0.0242935 ,0 ,
-0.014983 ,-0.024681 ,0 ,
-0.015222 ,-0.0250747 ,0 ,
-0.0154648 ,-0.0254747 ,0 ,
-0.0157115 ,-0.025881 ,0 ,
-0.0159622 ,-0.0262939 ,0 ,
-0.0162168 ,-0.0267133 ,0 ,
-0.0164755 ,-0.0271394 ,0 ,
-0.0167383 ,-0.0275724 ,0 ,
-0.0170053 ,-0.0280122 ,0 ,
-0.0172766 ,-0.028459 ,0 ,
-0.0175521 ,-0.028913 ,0 ,
-0.0178321 ,-0.0293742 ,0 ,
-0.0181166 ,-0.0298428 ,0 ,
-0.0184056 ,-0.0303188 ,0 ,
-0.0186992 ,-0.0308025 ,0 ,
-0.0189975 ,-0.0312938 ,0 ,
-0.0193005 ,-0.031793 ,0 ,
-0.0196084 ,-0.0323002 ,0 ,
-0.0199212 ,-0.0328154 ,0 ,
-0.020239 ,-0.0333389 ,0 ,
-0.0205618 ,-0.0338707 ,0 ,
-0.0208898 ,-0.034411 ,0 ,
-0.021223 ,-0.0349599 ,0 ,
-0.0215616 ,-0.0355176 ,0 ,
-0.0219055 ,-0.0360842 ,0 ,
-0.022255 ,-0.0366598 ,0 ,
-0.02261 ,-0.0372446 ,0 ,
-0.0229706 ,-0.0378387 ,0 ,
-0.0233371 ,-0.0384423 ,0 ,
-0.0237093 ,-0.0390555 ,0 ,
-0.0240875 ,-0.0396785 ,0 ,
-0.0244718 ,-0.0403115 ,0 ,
-0.0248621 ,-0.0409545 ,0 ,
-0.0252587 ,-0.0416078 ,0 ,
-0.0256617 ,-0.0422715 ,0 ,
-0.026071 ,-0.0429458 ,0 ,
-0.0264869 ,-0.0436309 ,0 ,
-0.0269094 ,-0.0443269 ,0 ,
-0.0273387 ,-0.045034 ,0 ,
-0.0277748 ,-0.0457524 ,0 ,
-0.0282178 ,-0.0464822 ,0 ,
-0.0286679 ,-0.0472237 ,0 ,
-0.0291252 ,-0.047977 ,0 ,
-0.0295898 ,-0.0487423 ,0 ,
-0.0300619 ,-0.0495198 ,0 ,
-0.0305414 ,-0.0503097 ,0 ,
-0.0310286 ,-0.0511123 ,0 ,
-0.0315235 ,-0.0519276 ,0 ,
-0.0320264 ,-0.052756 ,0 ,
-0.0325373 ,-0.0535975 ,0 ,
-0.0330563 ,-0.0544525 ,0 ,
-0.0335836 ,-0.0553211 ,0 ,
-0.0341193 ,-0.0562036 ,0 ,
-0.0346636 ,-0.0571001 ,0 ,
-0.0352166 ,-0.058011 ,0 ,
-0.0357783 ,-0.0589363 ,0 ,
-0.036349 ,-0.0598765 ,0 ,
-0.0369289 ,-0.0608316 ,0 ,
-0.037518 ,-0.061802 ,0 ,
-0.0381164 ,-0.0627879 ,0 ,
-0.0387245 ,-0.0637894 ,0 ,
-0.0393422 ,-0.064807 ,0 ,
-0.0399698 ,-0.0658408 ,0 ,
-0.0406074 ,-0.0668911 ,0 ,
-0.0412551 ,-0.0679581 ,0 ,
-0.0419132 ,-0.0690421 ,0 ,
-0.0425818 ,-0.0701435 ,0 ,
-0.0432611 ,-0.0712624 ,0 ,
-0.0439512 ,-0.0723992 ,0 ,
-0.0446523 ,-0.0735541 ,0 ,
-0.0453645 ,-0.0747274 ,0 ,
-0.0460882 ,-0.0759194 ,0 ,
-0.0468234 ,-0.0771305 ,0 ,
-0.0475703 ,-0.0783609 ,0 ,
-0.0483291 ,-0.0796108 ,0 ,
-0.0491001 ,-0.0808808 ,0 ,
-0.0498833 ,-0.082171 ,0 ,
-0.050679 ,-0.0834818 ,0 ,
-0.0514875 ,-0.0848134 ,0 ,
-0.0523088 ,-0.0861664 ,0 ,
-0.0531432 ,-0.0875409 ,0 ,
-0.0539909 ,-0.0889373 ,0 ,
-0.0548522 ,-0.090356 ,0 ,
-0.0557272 ,-0.0917974 ,0 ,
-0.0566161 ,-0.0932617 ,0 ,
-0.0575192 ,-0.0947494 ,0 ,
-0.0584368 ,-0.0962608 ,0 ,
-0.059369 ,-0.0977964 ,0 ,
-0.060316 ,-0.0993564 ,0 ,
-0.0612781 ,-0.100941 ,0 ,
-0.0622556 ,-0.102551 ,0 ,
-0.0632487 ,-0.104187 ,0 ,
-0.0642577 ,-0.105849 ,0 ,
-0.0652827 ,-0.107538 ,0 ,
-0.0663241 ,-0.109253 ,0 ,
-0.0673821 ,-0.110996 ,0 ,
-0.0684569 ,-0.112767 ,0 ,
-0.0695489 ,-0.114565 ,0 ,
-0.0706584 ,-0.116393 ,0 ,
-0.0717855 ,-0.11825 ,0 ,
-0.0729306 ,-0.120136 ,0 ,
-0.074094 ,-0.122052 ,0 ,
-0.0752759 ,-0.123999 ,0 ,
-0.0764767 ,-0.125977 ,0 ,
-0.0776966 ,-0.127987 ,0 ,
-0.078936 ,-0.130029 ,0 ,
-0.0801952 ,-0.132103 ,0 ,
-0.0814745 ,-0.13421 ,0 ,
-0.0827741 ,-0.136351 ,0 ,
-0.0840945 ,-0.138526 ,0 ,
-0.085436 ,-0.140736 ,0 ,
-0.0867988 ,-0.142981 ,0 ,
-0.0881834 ,-0.145261 ,0 ,
-0.0895901 ,-0.147579 ,0 ,
-0.0910193 ,-0.149933 ,0 ,
-0.0924712 ,-0.152324 ,0 ,
-0.0939463 ,-0.154754 ,0 ,
-0.0954449 ,-0.157223 ,0 ,
-0.0969674 ,-0.159731 ,0 ,
-0.0985142 ,-0.162279 ,0 ,
-0.100086 ,-0.164868 ,0 ,
-0.101682 ,-0.167497 ,0 ,
-0.103304 ,-0.170169 ,0 ,
-0.104952 ,-0.172884 ,0 ,
-0.106626 ,-0.175642 ,0 ,
-0.108327 ,-0.178443 ,0 ,
-0.110055 ,-0.18129 ,0 ,
-0.111811 ,-0.184182 ,0 ,
-0.113594 ,-0.18712 ,0 ,
-0.115406 ,-0.190105 ,0 ,
-0.117247 ,-0.193137 ,0 ,
-0.119118 ,-0.196218 ,0 ,
-0.121018 ,-0.199348 ,0 ,
-0.122948 ,-0.202528 ,0 ,
-0.124909 ,-0.205759 ,0 ,
-0.126902 ,-0.209041 ,0 ,
-0.128926 ,-0.212376 ,0 ,
-0.130983 ,-0.215764 ,0 ,
-0.133072 ,-0.219205 ,0 ,
-0.135195 ,-0.222702 ,0 ,
-0.137352 ,-0.226255 ,0 ,
-0.139543 ,-0.229864 ,0 ,
-0.141769 ,-0.23353 ,0 ,
-0.14403 ,-0.237256 ,0 ,
-0.146328 ,-0.24104 ,0 ,
-0.148662 ,-0.244885 ,0 ,
-0.151033 ,-0.248792 ,0 ,
-0.153443 ,-0.25276 ,0 ,
-0.15589 ,-0.256792 ,0 ,
-0.158377 ,-0.260889 ,0 ,
-0.160903 ,-0.26505 ,0 ,
-0.16347 ,-0.269278 ,0 ,
-0.166078 ,-0.273574 ,0 ,
-0.168727 ,-0.277938 ,0 ,
-0.171418 ,-0.282371 ,0 ,
-0.174153 ,-0.286876 ,0 ,
-0.176931 ,-0.291452 ,0 ,
-0.179753 ,-0.296101 ,0 ,
-0.182621 ,-0.300825 ,0 ,
-0.185534 ,-0.305623 ,0 ,
-0.188493 ,-0.310498 ,0 ,
-0.1915 ,-0.315451 ,0 ,
-0.194555 ,-0.320484 ,0 ,
-0.197659 ,-0.325596 ,0 ,
-0.200812 ,-0.33079 ,0 ,
-0.204015 ,-0.336066 ,0 ,
-0.207269 ,-0.341427 ,0 ,
-0.210576 ,-0.346874 ,0 ,
-0.213935 ,-0.352407 ,0 ,
-0.217347 ,-0.358028 ,0 ,
-0.220814 ,-0.36374 ,0 ,
-0.224337 ,-0.369542 ,0 ,
-0.227915 ,-0.375437 ,0 ,
-0.231551 ,-0.381426 ,0 ,
-0.235245 ,-0.38751 ,0 ,
-0.238997 ,-0.393692 ,0 ,
-0.24281 ,-0.399972 ,0 ,
-0.246683 ,-0.406352 ,0 ,
-0.250618 ,-0.412834 ,0 ,
-0.254616 ,-0.419419 ,0 ,
-0.258677 ,-0.42611 ,0 ,
-0.262804 ,-0.432907 ,0 ,
-0.266996 ,-0.439813 ,0 ,
-0.271255 ,-0.446829 ,0 ,
-0.275582 ,-0.453956 ,0 ,
-0.279978 ,-0.461198 ,0 ,
-0.284444 ,-0.468555 ,0 ,
-0.288982 ,-0.476029 ,0 ,
-0.293591 ,-0.483622 ,0 ,
-0.298275 ,-0.491337 ,0 ,
-0.303033 ,-0.499175 ,0 ,
-0.307867 ,-0.507138 ,0 ,
-0.312778 ,-0.515227 ,0 ,
-0.317767 ,-0.523446 ,0 ,
-0.322836 ,-0.531796 ,0 ,
-0.327986 ,-0.540279 ,0 ,
-0.333218 ,-0.548898 ,0 ,
-0.338533 ,-0.557654 ,0 ,
-0.343933 ,-0.566549 ,0 ,
-0.34942 ,-0.575587 ,0 ,
-0.354994 ,-0.584768 ,0 ,
-0.360656 ,-0.594096 ,0 ,
-0.366409 ,-0.603573 ,0 ,
-0.372254 ,-0.613201 ,0 ,
-0.378193 ,-0.622983 ,0 ,
-0.384225 ,-0.632921 ,0 ,
-0.390354 ,-0.643017 ,0 ,
-0.396581 ,-0.653274 ,0 ,
-0.402908 ,-0.663695 ,0 ,
-0.409335 ,-0.674282 ,0 ,
-0.400768 ,-0.661179 ,0 ,
-0.380507 ,-0.6296 ,0 ,
-0.360429 ,-0.598319 ,0 ,
-0.340535 ,-0.567337 ,0 ,
-0.320824 ,-0.536653 ,0 ,
-0.301297 ,-0.506268 ,0 ,
-0.281953 ,-0.476181 ,0 ,
-0.262793 ,-0.446393 ,0 ,
-0.243817 ,-0.416903 ,0 ,
-0.225024 ,-0.387711 ,0 ,
-0.206415 ,-0.358819 ,0 ,
-0.187989 ,-0.330224 ,0 ,
-0.169747 ,-0.301928 ,0 ,
-0.151688 ,-0.273931 ,0 ,
-0.133813 ,-0.246232 ,0 ,
-0.116121 ,-0.218831 ,0 ,
-0.0986134 ,-0.191729 ,0 ,
-0.081289 ,-0.164925 ,0 ,
-0.0641482 ,-0.13842 ,0 ,
-0.047191 ,-0.112214 ,0 ,
-0.0304173 ,-0.0863054 ,0 ,
-0.0138271 ,-0.0606957 ,0 ,
0.00257942 ,-0.0353845 ,0 ,
0.0188024 ,-0.0103717 ,0 ,
0.0261128 ,0.000544148 ,0 ,
0.0265293 ,0.000552828 ,0 ,
0.0269525 ,0.000561647 ,0 ,
0.0273825 ,0.000570606 ,0 ,
0.0278193 ,0.000579708 ,0 ,
0.028263 ,0.000588956 ,0 ,
0.0287139 ,0.00059835 ,0 ,
0.0291719 ,0.000607895 ,0 ,
0.0296373 ,0.000617592 ,0 ,
0.03011 ,0.000627444 ,0 ,
0.0305903 ,0.000637453 ,0 ,
0.0310783 ,0.000647621 ,0 ,
0.0315741 ,0.000657952 ,0 ,
0.0320777 ,0.000668448 ,0 ,
0.0325894 ,0.000679111 ,0 ,
0.0331093 ,0.000689944 ,0 ,
0.0336374 ,0.000700949 ,0 ,
0.034174 ,0.000712131 ,0 ,
0.0347192 ,0.000723491 ,0 ,
0.035273 ,0.000735032 ,0 ,
0.0358357 ,0.000746757 ,0 ,
0.0364073 ,0.000758669 ,0 ,
0.0369881 ,0.000770771 ,0 ,
0.0375781 ,0.000783066 ,0 ,
0.0381775 ,0.000795557 ,0 ,
0.0387865 ,0.000808248 ,0 ,
0.0394052 ,0.000821141 ,0 ,
0.0400338 ,0.00083424 ,0 ,
0.0406724 ,0.000847547 ,0 ,
0.0413212 ,0.000861067 ,0 ,
0.0419804 ,0.000874803 ,0 ,
0.0426501 ,0.000888758 ,0 ,
0.0433304 ,0.000902935 ,0 ,
0.0440216 ,0.000917338 ,0 ,
0.0447238 ,0.000931971 ,0 ,
0.0454372 ,0.000946838 ,0 ,
0.0461621 ,0.000961942 ,0 ,
0.0468984 ,0.000977287 ,0 ,
0.0476465 ,0.000992876 ,0 ,
0.0484066 ,0.00100871 ,0 ,
0.0491788 ,0.00102481 ,0 ,
0.0499632 ,0.00104115 ,0 ,
0.0507603 ,0.00105776 ,0 ,
0.05157 ,0.00107463 ,0 ,
0.0523926 ,0.00109178 ,0 ,
0.0532284 ,0.00110919 ,0 ,
0.0540775 ,0.00112689 ,0 ,
0.0549401 ,0.00114486 ,0 ,
0.0558165 ,0.00116312 ,0 ,
0.0567069 ,0.00118168 ,0 ,
0.0576114 ,0.00120053 ,0 ,
0.0585304 ,0.00121968 ,0 ,
0.0594641 ,0.00123913 ,0 ,
0.0604127 ,0.0012589 ,0 ,
0.0613764 ,0.00127898 ,0 ,
0.0623554 ,0.00129939 ,0 ,
0.0633501 ,0.00132011 ,0 ,
0.0643606 ,0.00134117 ,0 ,
0.0653873 ,0.00136256 ,0 ,
0.0664304 ,0.0013843 ,0 ,
0.06749 ,0.00140638 ,0 ,
0.0685666 ,0.00142882 ,0 ,
0.0696604 ,0.00145161 ,0 ,
0.0707716 ,0.00147476 ,0 ,
0.0719005 ,0.00149829 ,0 ,
0.0730475 ,0.00152219 ,0 ,
0.0742127 ,0.00154647 ,0 ,
0.0753965 ,0.00157114 ,0 ,
0.0765993 ,0.0015962 ,0 ,
0.0778212 ,0.00162167 ,0 ,
0.0790625 ,0.00164753 ,0 ,
0.0803237 ,0.00167382 ,0 ,
0.081605 ,0.00170052 ,0 ,
0.0829068 ,0.00172764 ,0 ,
0.0842293 ,0.0017552 ,0 ,
0.0855729 ,0.0017832 ,0 ,
0.086938 ,0.00181165 ,0 ,
0.0883248 ,0.00184054 ,0 ,
0.0897337 ,0.0018699 ,0 ,
0.0911651 ,0.00189973 ,0 ,
0.0926194 ,0.00193004 ,0 ,
0.0940968 ,0.00196082 ,0 ,
0.0955978 ,0.0019921 ,0 ,
0.0971228 ,0.00202388 ,0 ,
0.0986721 ,0.00205617 ,0 ,
0.100246 ,0.00208896 ,0 ,
0.101845 ,0.00212229 ,0 ,
0.10347 ,0.00215614 ,0 ,
0.10512 ,0.00219054 ,0 ,
0.106797 ,0.00222548 ,0 ,
0.108501 ,0.00226098 ,0 ,
0.110232 ,0.00229705 ,0 ,
0.11199 ,0.00233369 ,0 ,
0.113776 ,0.00237091 ,0 ,
0.115591 ,0.00240874 ,0 ,
0.117435 ,0.00244716 ,0 ,
0.119309 ,0.0024862 ,0 ,
0.121212 ,0.00252585 ,0 ,
0.123145 ,0.00256615 ,0 ,
0.12511 ,0.00260708 ,0 ,
0.127105 ,0.00264867 ,0 ,
0.129133 ,0.00269092 ,0 ,
0.131193 ,0.00273385 ,0 ,
0.133286 ,0.00277745 ,0 ,
0.135412 ,0.00282176 ,0 ,
0.137572 ,0.00286677 ,0 ,
0.139766 ,0.0029125 ,0 ,
0.141996 ,0.00295896 ,0 ,
0.144261 ,0.00300616 ,0 ,
0.146562 ,0.00305412 ,0 ,
0.1489 ,0.00310284 ,0 ,
0.151275 ,0.00315233 ,0 ,
0.153688 ,0.00320262 ,0 ,
0.15614 ,0.0032537 ,0 ,
0.158631 ,0.00330561 ,0 ,
0.161161 ,0.00335834 ,0 ,
0.163732 ,0.00341191 ,0 ,
0.166344 ,0.00346633 ,0 ,
0.168997 ,0.00352163 ,0 ,
0.171693 ,0.00357781 ,0 ,
0.174432 ,0.00363488 ,0 ,
0.177214 ,0.00369286 ,0 ,
0.180041 ,0.00375177 ,0 ,
0.182913 ,0.00381162 ,0 ,
0.185831 ,0.00387242 ,0 ,
0.188796 ,0.00393419 ,0 ,
0.191807 ,0.00399695 ,0 ,
0.194867 ,0.00406071 ,0 ,
0.197975 ,0.00412548 ,0 ,
0.201133 ,0.00419129 ,0 ,
0.204342 ,0.00425815 ,0 ,
0.207601 ,0.00432607 ,0 ,
0.210913 ,0.00439508 ,0 ,
0.214277 ,0.00446519 ,0 ,
0.217696 ,0.00453642 ,0 ,
0.221168 ,0.00460878 ,0 ,
0.224696 ,0.0046823 ,0 ,
0.228281 ,0.00475699 ,0 ,
0.231922 ,0.00483288 ,0 ,
0.235622 ,0.00490997 ,0 ,
0.23938 ,0.00498829 ,0 ,
0.243199 ,0.00506787 ,0 ,
0.247078 ,0.00514871 ,0 ,
0.25102 ,0.00523084 ,0 ,
0.255024 ,0.00531428 ,0 ,
0.259092 ,0.00539905 ,0 ,
0.263225 ,0.00548518 ,0 ,
0.267424 ,0.00557267 ,0 ,
0.27169 ,0.00566157 ,0 ,
0.276024 ,0.00575188 ,0 ,
0.280427 ,0.00584363 ,0 ,
0.2849 ,0.00593685 ,0 ,
0.289445 ,0.00603155 ,0 ,
0.294062 ,0.00612777 ,0 ,
0.298753 ,0.00622552 ,0 ,
0.303518 ,0.00632483 ,0 ,
0.30836 ,0.00642572 ,0 ,
0.313279 ,0.00652822 ,0 ,
0.318276 ,0.00663236 ,0 ,
0.323353 ,0.00673816 ,0 ,
0.328511 ,0.00684564 ,0 ,
0.333752 ,0.00695484 ,0 ,
0.339076 ,0.00706578 ,0 ,
0.344485 ,0.0071785 ,0 ,
0.34998 ,0.00729301 ,0 ,
0.355563 ,0.00740934 ,0 ,
0.361234 ,0.00752753 ,0 ,
0.366997 ,0.00764761 ,0 ,
0.372851 ,0.00776961 ,0 ,
0.378799 ,0.00789354 ,0 ,
0.384841 ,0.00801946 ,0 ,
0.39098 ,0.00814739 ,0 ,
0.397217 ,0.00827735 ,0 ,
0.403553 ,0.00840939 ,0 ,
0.409991 ,0.00854354 ,0 ,
0.416531 ,0.00867982 ,0 ,
0.423175 ,0.00881828 ,0 ,
0.429926 ,0.00895895 ,0 ,
0.436784 ,0.00910186 ,0 ,
0.443751 ,0.00924705 ,0 ,
0.45083 ,0.00939456 ,0 ,
0.458021 ,0.00954442 ,0 ,
0.465328 ,0.00969667 ,0 ,
0.47275 ,0.00985135 ,0 ,
0.480292 ,0.0100085 ,0 ,
0.487953 ,0.0101681 ,0 ,
0.495737 ,0.0103303 ,0 ,
0.503645 ,0.0104951 ,0 ,
0.511679 ,0.0106626 ,0 ,
0.519841 ,0.0108326 ,0 ,
0.528133 ,0.0110054 ,0 ,
0.536558 ,0.011181 ,0 ,
0.545117 ,0.0113594 ,0 ,
0.553813 ,0.0115406 ,0 ,
0.562647 ,0.0117246 ,0 ,
0.571622 ,0.0119117 ,0 ,
0.580741 ,0.0121017 ,0 ,
0.590005 ,0.0122947 ,0 ,
0.599416 ,0.0124909 ,0 ,
0.608978 ,0.0126901 ,0 ,
0.618692 ,0.0128925 ,0 ,
0.628562 ,0.0130982 ,0 ,
0.638588 ,0.0133071 ,0 ,
0.648775 ,0.0135194 ,0 ,
0.659124 ,0.0137351 ,0 ,
0.669638 ,0.0139542 ,0 ,
0.68032 ,0.0141768 ,0 ,
0.691173 ,0.0144029 ,0 ,
0.702198 ,0.0146327 ,0 ,
0.713399 ,0.0148661 ,0 ,
0.724779 ,0.0151032 ,0 ,
0.736341 ,0.0153441 ,0 ,
0.748087 ,0.0155889 ,0 ,
0.76002 ,0.0158376 ,0 ,
0.772144 ,0.0160902 ,0 ,
0.784461 ,0.0163469 ,0 ,
0.768759 ,0.0156215 ,0 ,
0.731202 ,0.014129 ,0 ,
0.693995 ,0.0126454 ,0 ,
0.657137 ,0.0111706 ,0 ,
0.620627 ,0.00970459 ,0 ,
0.584467 ,0.00824741 ,0 ,
0.548656 ,0.00679904 ,0 ,
0.513194 ,0.00535948 ,0 ,
0.478081 ,0.00392874 ,0 ,
0.443317 ,0.00250682 ,0 ,
0.408901 ,0.00109371 ,0 ,
0.374835 ,-0.000310586 ,0 ,
0.341118 ,-0.00170606 ,0 ,
0.30775 ,-0.00309273 ,0 ,
0.274731 ,-0.00447058 ,0 ,
0.242061 ,-0.00583961 ,0 ,
0.20974 ,-0.00719983 ,0 ,
0.177768 ,-0.00855123 ,0 ,
0.146145 ,-0.00989382 ,0 ,
0.114871 ,-0.0112276 ,0 ,
0.0839465 ,-0.0125525 ,0 ,
0.0533706 ,-0.0138687 ,0 ,
0.0231438 ,-0.015176 ,0 ,
-0.00673406 ,-0.0164745 ,0 ,
-0.0199457 ,-0.0171948 ,0 ,
-0.0202639 ,-0.0174691 ,0 ,
-0.0205871 ,-0.0177477 ,0 ,
-0.0209155 ,-0.0180309 ,0 ,
-0.0212492 ,-0.0183185 ,0 ,
-0.0215881 ,-0.0186107 ,0 ,
-0.0219325 ,-0.0189076 ,0 ,
-0.0222824 ,-0.0192092 ,0 ,
-0.0226378 ,-0.0195156 ,0 ,
-0.0229989 ,-0.0198269 ,0 ,
-0.0233658 ,-0.0201432 ,0 ,
-0.0237385 ,-0.0204645 ,0 ,
-0.0241172 ,-0.0207909 ,0 ,
-0.0245019 ,-0.0211226 ,0 ,
-0.0248928 ,-0.0214595 ,0 ,
-0.0252899 ,-0.0218019 ,0 ,
-0.0256933 ,-0.0221496 ,0 ,
-0.0261031 ,-0.022503 ,0 ,
-0.0265195 ,-0.0228619 ,0 ,
-0.0269426 ,-0.0232266 ,0 ,
-0.0273723 ,-0.0235971 ,0 ,
-0.027809 ,-0.0239735 ,0 ,
-0.0282526 ,-0.024356 ,0 ,
-0.0287033 ,-0.0247445 ,0 ,
-0.0291611 ,-0.0251392 ,0 ,
-0.0296263 ,-0.0255402 ,0 ,
-0.0300989 ,-0.0259476 ,0 ,
-0.030579 ,-0.0263615 ,0 ,
-0.0310668 ,-0.0267821 ,0 ,
-0.0315624 ,-0.0272093 ,0 ,
-0.0320659 ,-0.0276433 ,0 ,
-0.0325774 ,-0.0280843 ,0 ,
-0.033097 ,-0.0285323 ,0 ,
-0.033625 ,-0.0289874 ,0 ,
-0.0341614 ,-0.0294498 ,0 ,
-0.0347063 ,-0.0299196 ,0 ,
-0.0352599 ,-0.0303969 ,0 ,
-0.0358224 ,-0.0308817 ,0 ,
-0.0363938 ,-0.0313744 ,0 ,
-0.0369744 ,-0.0318748 ,0 ,
-0.0375642 ,-0.0323833 ,0 ,
-0.0381634 ,-0.0328999 ,0 ,
-0.0387722 ,-0.0334247 ,0 ,
-0.0393907 ,-0.0339579 ,0 ,
-0.040019 ,-0.0344996 ,0 ,
-0.0406574 ,-0.0350499 ,0 ,
-0.041306 ,-0.035609 ,0 ,
-0.0419649 ,-0.036177 ,0 ,
-0.0426343 ,-0.0367541 ,0 ,
-0.0433144 ,-0.0373404 ,0 ,
-0.0440053 ,-0.0379361 ,0 ,
-0.0447073 ,-0.0385412 ,0 ,
-0.0454204 ,-0.039156 ,0 ,
-0.046145 ,-0.0397806 ,0 ,
-0.0468811 ,-0.0404152 ,0 ,
-0.0476289 ,-0.0410599 ,0 ,
-0.0483887 ,-0.0417149 ,0 ,
-0.0491606 ,-0.0423803 ,0 ,
-0.0499448 ,-0.0430563 ,0 ,
-0.0507415 ,-0.0437432 ,0 ,
-0.0515509 ,-0.044441 ,0 ,
-0.0523732 ,-0.0451499 ,0 ,
-0.0532087 ,-0.0458701 ,0 ,
-0.0540574 ,-0.0466018 ,0 ,
-0.0549198 ,-0.0473452 ,0 ,
-0.0557958 ,-0.0481004 ,0 ,
-0.0566859 ,-0.0488677 ,0 ,
-0.0575901 ,-0.0496472 ,0 ,
-0.0585088 ,-0.0504392 ,0 ,
-0.0594421 ,-0.0512438 ,0 ,
-0.0603903 ,-0.0520612 ,0 ,
-0.0613536 ,-0.0528917 ,0 ,
-0.0623323 ,-0.0537354 ,0 ,
-0.0633267 ,-0.0545926 ,0 ,
-0.0643368 ,-0.0554634 ,0 ,
-0.0653631 ,-0.0563482 ,0 ,
-0.0664058 ,-0.057247 ,0 ,
-0.0674651 ,-0.0581602 ,0 ,
-0.0685413 ,-0.059088 ,0 ,
-0.0696346 ,-0.0600306 ,0 ,
-0.0707454 ,-0.0609882 ,0 ,
-0.0718739 ,-0.061961 ,0 ,
-0.0730204 ,-0.0629494 ,0 ,
-0.0741853 ,-0.0639536 ,0 ,
-0.0753686 ,-0.0649737 ,0 ,
-0.0765709 ,-0.0660102 ,0 ,
-0.0777924 ,-0.0670632 ,0 ,
-0.0790333 ,-0.068133 ,0 ,
-0.080294 ,-0.0692198 ,0 ,
-0.0815748 ,-0.070324 ,0 ,
-0.0828761 ,-0.0714458 ,0 ,
-0.0841981 ,-0.0725855 ,0 ,
-0.0855412 ,-0.0737433 ,0 ,
-0.0869058 ,-0.0749197 ,0 ,
-0.0882921 ,-0.0761148 ,0 ,
-0.0897005 ,-0.0773289 ,0 ,
-0.0911314 ,-0.0785625 ,0 ,
-0.0925851 ,-0.0798157 ,0 ,
-0.094062 ,-0.0810889 ,0 ,
-0.0955625 ,-0.0823824 ,0 ,
-0.0970869 ,-0.0836966 ,0 ,
-0.0986356 ,-0.0850317 ,0 ,
-0.100209 ,-0.0863881 ,0 ,
-0.101807 ,-0.0877661 ,0 ,
-0.103432 ,-0.0891662 ,0 ,
-0.105081 ,-0.0905885 ,0 ,
-0.106758 ,-0.0920336 ,0 ,
-0.108461 ,-0.0935017 ,0 ,
-0.110191 ,-0.0949932 ,0 ,
-0.111949 ,-0.0965085 ,0 ,
-0.113734 ,-0.098048 ,0 ,
-0.115549 ,-0.099612 ,0 ,
-0.117392 ,-0.101201 ,0 ,
-0.119264 ,-0.102815 ,0 ,
-0.121167 ,-0.104455 ,0 ,
-0.1231 ,-0.106122 ,0 ,
-0.125063 ,-0.107815 ,0 ,
-0.127058 ,-0.109534 ,0 ,
-0.129085 ,-0.111282 ,0 ,
-0.131144 ,-0.113057 ,0 ,
-0.133236 ,-0.11486 ,0 ,
-0.135362 ,-0.116692 ,0 ,
-0.137521 ,-0.118554 ,0 ,
-0.139715 ,-0.120445 ,0 ,
-0.141943 ,-0.122366 ,0 ,
-0.144208 ,-0.124318 ,0 ,
-0.146508 ,-0.126301 ,0 ,
-0.148845 ,-0.128316 ,0 ,
-0.151219 ,-0.130363 ,0 ,
-0.153632 ,-0.132443 ,0 ,
-0.156082 ,-0.134555 ,0 ,
-0.158572 ,-0.136702 ,0 ,
-0.161102 ,-0.138882 ,0 ,
-0.163671 ,-0.141098 ,0 ,
-0.166282 ,-0.143349 ,0 ,
-0.168935 ,-0.145635 ,0 ,
-0.17163 ,-0.147958 ,0 ,
-0.174367 ,-0.150319 ,0 ,
-0.177149 ,-0.152716 ,0 ,
-0.179975 ,-0.155153 ,0 ,
-0.182846 ,-0.157627 ,0 ,
-0.185762 ,-0.160142 ,0 ,
-0.188726 ,-0.162696 ,0 ,
-0.191736 ,-0.165292 ,0 ,
-0.194795 ,-0.167928 ,0 ,
-0.197902 ,-0.170607 ,0 ,
-0.201059 ,-0.173329 ,0 ,
-0.204266 ,-0.176094 ,0 ,
-0.207525 ,-0.178903 ,0 ,
-0.210835 ,-0.181756 ,0 ,
-0.214198 ,-0.184656 ,0 ,
-0.217615 ,-0.187601 ,0 ,
-0.221086 ,-0.190594 ,0 ,
-0.224613 ,-0.193634 ,0 ,
-0.228196 ,-0.196723 ,0 ,
-0.231836 ,-0.199861 ,0 ,
-0.235534 ,-0.203049 ,0 ,
-0.239292 ,-0.206288 ,0 ,
-0.243109 ,-0.209579 ,0 ,
-0.246987 ,-0.212922 ,0 ,
-0.250927 ,-0.216319 ,0 ,
-0.254929 ,-0.219769 ,0 ,
-0.258996 ,-0.223275 ,0 ,
-0.263127 ,-0.226837 ,0 ,
-0.267325 ,-0.230455 ,0 ,
-0.271589 ,-0.234131 ,0 ,
-0.275921 ,-0.237866 ,0 ,
-0.280323 ,-0.241661 ,0 ,
-0.284795 ,-0.245516 ,0 ,
-0.289338 ,-0.249432 ,0 ,
-0.293953 ,-0.253411 ,0 ,
-0.298642 ,-0.257453 ,0 ,
-0.303406 ,-0.26156 ,0 ,
-0.308246 ,-0.265732 ,0 ,
-0.313163 ,-0.269971 ,0 ,
-0.318158 ,-0.274278 ,0 ,
-0.323234 ,-0.278653 ,0 ,
-0.32839 ,-0.283098 ,0 ,
-0.333628 ,-0.287614 ,0 ,
-0.33895 ,-0.292202 ,0 ,
-0.344357 ,-0.296863 ,0 ,
-0.34985 ,-0.301599 ,0 ,
-0.355431 ,-0.30641 ,0 ,
-0.361101 ,-0.311297 ,0 ,
-0.366861 ,-0.316263 ,0 ,
-0.372713 ,-0.321308 ,0 ,
-0.378658 ,-0.326434 ,0 ,
-0.384699 ,-0.331641 ,0 ,
-0.390835 ,-0.336931 ,0 ,
-0.39707 ,-0.342306 ,0 ,
-0.403404 ,-0.347766 ,0 ,
-0.409839 ,-0.353314 ,0 ,
-0.416377 ,-0.35895 ,0 ,
-0.423019 ,-0.364676 ,0 ,
-0.429766 ,-0.370493 ,0 ,
-0.436622 ,-0.376403 ,0 ,
-0.443587 ,-0.382407 ,0 ,
-0.450663 ,-0.388507 ,0 ,
-0.457852 ,-0.394705 ,0 ,
-0.465155 ,-0.401001 ,0 ,
-0.472575 ,-0.407397 ,0 ,
-0.480114 ,-0.413896 ,0 ,
-0.487773 ,-0.420499 ,0 ,
-0.495553 ,-0.427206 ,0 ,
-0.503458 ,-0.434021 ,0 ,
-0.511489 ,-0.440944 ,0 ,
-0.519649 ,-0.447978 ,0 ,
-0.527938 ,-0.455124 ,0 ,
-0.53636 ,-0.462384 ,0 ,
-0.544915 ,-0.46976 ,0 ,
-0.553608 ,-0.477254 ,0 ,
-0.562439 ,-0.484867 ,0 ,
-0.571411 ,-0.492601 ,0 ,
-0.580526 ,-0.500459 ,0 ,
-0.589786 ,-0.508443 ,0 ,
-0.599194 ,-0.516553 ,0 ,
-0.587279 ,-0.506462 ,0 ,
-0.558733 ,-0.482174 ,0 ,
-0.530453 ,-0.458115 ,0 ,
-0.502439 ,-0.434285 ,0 ,
-0.474691 ,-0.410684 ,0 ,
-0.44721 ,-0.387312 ,0 ,
-0.419995 ,-0.364168 ,0 ,
-0.393047 ,-0.341254 ,0 ,
-0.366364 ,-0.318568 ,0 ,
-0.339948 ,-0.296111 ,0 ,
-0.313798 ,-0.273883 ,0 ,
-0.287915 ,-0.251884 ,0 ,
-0.262298 ,-0.230114 ,0 ,
-0.236947 ,-0.208573 ,0 ,
-0.211862 ,-0.18726 ,0 ,
-0.187044 ,-0.166177 ,0 ,
-0.162492 ,-0.145322 ,0 ,
-0.138206 ,-0.124696 ,0 ,
-0.114186 ,-0.104299 ,0 ,
-0.0904332 ,-0.0841308 ,0 ,
-0.0669463 ,-0.0641915 ,0 ,
-0.0437257 ,-0.044481 ,0 ,
-0.0207714 ,-0.0249995 ,0 ,
0.00191662 ,-0.00574675 ,0 ,
0.0119202 ,0.00267555 ,0 ,
0.0121103 ,0.00271823 ,0 ,
0.0123035 ,0.00276159 ,0 ,
0.0124998 ,0.00280564 ,0 ,
0.0126992 ,0.0028504 ,0 ,
0.0129017 ,0.00289587 ,0 ,
0.0131075 ,0.00294206 ,0 ,
0.0133166 ,0.00298899 ,0 ,
0.013529 ,0.00303667 ,0 ,
0.0137449 ,0.00308511 ,0 ,
0.0139641 ,0.00313433 ,0 ,
0.0141869 ,0.00318432 ,0 ,
0.0144132 ,0.00323512 ,0 ,
0.0146431 ,0.00328673 ,0 ,
0.0148767 ,0.00333915 ,0 ,
0.015114 ,0.00339242 ,0 ,
0.0153551 ,0.00344654 ,0 ,
0.0156 ,0.00350151 ,0 ,
0.0158489 ,0.00355737 ,0 ,
0.0161017 ,0.00361412 ,0 ,
0.0163585 ,0.00367177 ,0 ,
0.0166195 ,0.00373034 ,0 ,
0.0168846 ,0.00378984 ,0 ,
0.0171539 ,0.0038503 ,0 ,
0.0174276 ,0.00391172 ,0 ,
0.0177056 ,0.00397412 ,0 ,
0.017988 ,0.00403751 ,0 ,
0.018275 ,0.00410192 ,0 ,
0.0185665 ,0.00416735 ,0 ,
0.0188626 ,0.00423383 ,0 ,
0.0191635 ,0.00430136 ,0 ,
0.0194692 ,0.00436998 ,0 ,
0.0197798 ,0.00443969 ,0 ,
0.0200953 ,0.00451051 ,0 ,
0.0204159 ,0.00458246 ,0 ,
0.0207415 ,0.00465556 ,0 ,
0.0210724 ,0.00472982 ,0 ,
0.0214086 ,0.00480527 ,0 ,
0.0217501 ,0.00488192 ,0 ,
0.022097 ,0.0049598 ,0 ,
0.0224495 ,0.00503892 ,0 ,
0.0228076 ,0.0051193 ,0 ,
0.0231714 ,0.00520096 ,0 ,
0.0235411 ,0.00528392 ,0 ,
0.0239166 ,0.00536821 ,0 ,
0.0242981 ,0.00545385 ,0 ,
0.0246857 ,0.00554084 ,0 ,
0.0250795 ,0.00562923 ,0 ,
0.0254795 ,0.00571903 ,0 ,
0.025886 ,0.00581026 ,0 ,
0.0262989 ,0.00590294 ,0 ,
0.0267184 ,0.0059971 ,0 ,
0.0271446 ,0.00609277 ,0 ,
0.0275776 ,0.00618996 ,0 ,
0.0280176 ,0.0062887 ,0 ,
0.0284645 ,0.00638901 ,0 ,
0.0289185 ,0.00649093 ,0 ,
0.0293798 ,0.00659447 ,0 ,
0.0298485 ,0.00669967 ,0 ,
0.0303246 ,0.00680654 ,0 ,
0.0308084 ,0.00691512 ,0 ,
0.0312998 ,0.00702542 ,0 ,
0.0317991 ,0.00713749 ,0 ,
0.0323064 ,0.00725135 ,0 ,
0.0328217 ,0.00736702 ,0 ,
0.0333453 ,0.00748454 ,0 ,
0.0338772 ,0.00760393 ,0 ,
0.0344176 ,0.00772523 ,0 ,
0.0349666 ,0.00784846 ,0 ,
0.0355244 ,0.00797365 ,0 ,
0.0360911 ,0.00810085 ,0 ,
0.0366668 ,0.00823007 ,0 ,
0.0372517 ,0.00836136 ,0 ,
0.0378459 ,0.00849473 ,0 ,
0.0384496 ,0.00863024 ,0 ,
0.039063 ,0.00876791 ,0 ,
0.0396861 ,0.00890777 ,0 ,
0.0403192 ,0.00904987 ,0 ,
0.0409623 ,0.00919423 ,0 ,
0.0416158 ,0.00934089 ,0 ,
0.0422796 ,0.0094899 ,0 ,
0.042954 ,0.00964128 ,0 ,
0.0436392 ,0.00979508 ,0 ,
0.0443354 ,0.00995132 ,0 ,
0.0450426 ,0.0101101 ,0 ,
0.0457611 ,0.0102713 ,0 ,
0.0464911 ,0.0104352 ,0 ,
0.0472327 ,0.0106016 ,0 ,
0.0479861 ,0.0107708 ,0 ,
0.0487516 ,0.0109426 ,0 ,
0.0495293 ,0.0111171 ,0 ,
0.0503194 ,0.0112945 ,0 ,
0.051122 ,0.0114746 ,0 ,
0.0519375 ,0.0116577 ,0 ,
0.052766 ,0.0118436 ,0 ,
0.0536077 ,0.0120326 ,0 ,
0.0544629 ,0.0122245 ,0 ,
0.0553317 ,0.0124195 ,0 ,
0.0562143 ,0.0126176 ,0 ,
0.057111 ,0.0128189 ,0 ,
0.0580221 ,0.0130234 ,0 ,
0.0589476 ,0.0132311 ,0 ,
0.0598879 ,0.0134422 ,0 ,
0.0608433 ,0.0136566 ,0 ,
0.0618138 ,0.0138745 ,0 ,
0.0627999 ,0.0140958 ,0 ,
0.0638016 ,0.0143206 ,0 ,
0.0648194 ,0.0145491 ,0 ,
0.0658534 ,0.0147812 ,0 ,
0.0669038 ,0.0150169 ,0 ,
0.0679711 ,0.0152565 ,0 ,
0.0690553 ,0.0154999 ,0 ,
0.0701569 ,0.0157471 ,0 ,
0.071276 ,0.0159983 ,0 ,
0.072413 ,0.0162535 ,0 ,
0.0735681 ,0.0165128 ,0 ,
0.0747417 ,0.0167762 ,0 ,
0.0759339 ,0.0170438 ,0 ,
0.0771452 ,0.0173157 ,0 ,
0.0783758 ,0.0175919 ,0 ,
0.0796261 ,0.0178725 ,0 ,
0.0808962 ,0.0181576 ,0 ,
0.0821867 ,0.0184473 ,0 ,
0.0834977 ,0.0187415 ,0 ,
0.0848296 ,0.0190405 ,0 ,
0.0861828 ,0.0193442 ,0 ,
0.0875576 ,0.0196528 ,0 ,
0.0889543 ,0.0199663 ,0 ,
0.0903733 ,0.0202848 ,0 ,
0.0918149 ,0.0206084 ,0 ,
0.0932795 ,0.0209371 ,0 ,
0.0947675 ,0.0212711 ,0 ,
0.0962792 ,0.0216104 ,0 ,
0.097815 ,0.0219551 ,0 ,
0.0993754 ,0.0223054 ,0 ,
0.100961 ,0.0226612 ,0 ,
0.102571 ,0.0230227 ,0 ,
0.104207 ,0.0233899 ,0 ,
0.10587 ,0.023763 ,0 ,
0.107558 ,0.0241421 ,0 ,
0.109274 ,0.0245272 ,0 ,
0.111017 ,0.0249185 ,0 ,
0.112788 ,0.0253159 ,0 ,
0.114587 ,0.0257198 ,0 ,
0.116415 ,0.0261301 ,0 ,
0.118272 ,0.0265469 ,0 ,
0.120159 ,0.0269704 ,0 ,
0.122076 ,0.0274006 ,0 ,
0.124023 ,0.0278377 ,0 ,
0.126001 ,0.0282817 ,0 ,
0.128011 ,0.0287329 ,0 ,
0.130053 ,0.0291912 ,0 ,
0.132128 ,0.0296569 ,0 ,
0.134236 ,0.0301299 ,0 ,
0.136377 ,0.0306106 ,0 ,
0.138552 ,0.0310989 ,0 ,
0.140763 ,0.031595 ,0 ,
0.143008 ,0.0320989 ,0 ,
0.145289 ,0.032611 ,0 ,
0.147607 ,0.0331312 ,0 ,
0.149961 ,0.0336597 ,0 ,
0.152354 ,0.0341966 ,0 ,
0.154784 ,0.0347421 ,0 ,
0.157253 ,0.0352963 ,0 ,
0.159761 ,0.0358594 ,0 ,
0.16231 ,0.0364314 ,0 ,
0.164899 ,0.0370125 ,0 ,
0.167529 ,0.0376029 ,0 ,
0.170202 ,0.0382028 ,0 ,
0.172917 ,0.0388122 ,0 ,
0.175675 ,0.0394313 ,0 ,
0.178478 ,0.0400603 ,0 ,
0.181325 ,0.0406993 ,0 ,
0.184217 ,0.0413486 ,0 ,
0.187156 ,0.0420082 ,0 ,
0.190141 ,0.0426783 ,0 ,
0.193174 ,0.0433591 ,0 ,
0.196256 ,0.0440507 ,0 ,
0.199386 ,0.0447534 ,0 ,
0.202567 ,0.0454673 ,0 ,
0.205798 ,0.0461926 ,0 ,
0.209081 ,0.0469294 ,0 ,
0.212416 ,0.0476781 ,0 ,
0.215805 ,0.0484386 ,0 ,
0.219247 ,0.0492113 ,0 ,
0.222745 ,0.0499963 ,0 ,
0.226298 ,0.0507938 ,0 ,
0.229908 ,0.0516041 ,0 ,
0.233575 ,0.0524273 ,0 ,
0.237301 ,0.0532636 ,0 ,
0.241086 ,0.0541132 ,0 ,
0.244932 ,0.0549764 ,0 ,
0.248839 ,0.0558534 ,0 ,
0.252809 ,0.0567444 ,0 ,
0.256841 ,0.0576495 ,0 ,
0.260939 ,0.0585691 ,0 ,
0.265101 ,0.0595034 ,0 ,
0.26933 ,0.0604526 ,0 ,
0.273626 ,0.0614169 ,0 ,
0.277991 ,0.0623967 ,0 ,
0.282425 ,0.063392 ,0 ,
0.286931 ,0.0644032 ,0 ,
0.291508 ,0.0654306 ,0 ,
0.296158 ,0.0664743 ,0 ,
0.300882 ,0.0675347 ,0 ,
0.305682 ,0.068612 ,0 ,
0.310558 ,0.0697065 ,0 ,
0.315512 ,0.0708184 ,0 ,
0.320545 ,0.0719481 ,0 ,
0.325658 ,0.0730958 ,0 ,
0.330853 ,0.0742618 ,0 ,
0.336131 ,0.0754464 ,0 ,
0.341492 ,0.0766499 ,0 ,
0.34694 ,0.0778726 ,0 ,
0.352474 ,0.0791148 ,0 ,
0.358097 ,0.0803769 ,0 ,
0.351145 ,0.0788165 ,0 ,
0.334386 ,0.0750549 ,0 ,
0.317786 ,0.0713288 ,0 ,
0.301344 ,0.0676384 ,0 ,
0.285061 ,0.0639835 ,0 ,
0.268936 ,0.0603641 ,0 ,
0.252969 ,0.0567804 ,0 ,
0.237161 ,0.0532322 ,0 ,
0.221512 ,0.0497196 ,0 ,
0.206021 ,0.0462426 ,0 ,
0.190689 ,0.0428012 ,0 ,
0.175515 ,0.0393953 ,0 ,
0.160499 ,0.036025 ,0 ,
0.145642 ,0.0326903 ,0 ,
0.130944 ,0.0293911 ,0 ,
0.116404 ,0.0261275 ,0 ,
0.102022 ,0.0228995 ,0 ,
0.0877994 ,0.0197071 ,0 ,
0.0737348 ,0.0165502 ,0 ,
0.0598288 ,0.0134289 ,0 ,
0.0460812 ,0.0103432 ,0 ,
0.0324922 ,0.00729305 ,0 ,
0.0190616 ,0.00427848 ,0 ,
0.00578951 ,0.00129949 ,0 ,
0 ,0 ,0 ,
0 ,0 ,0 ,
0 ,0 ,0 ,
0 ,0 ,0 ,
0 ,0 ,0 ,
0 ,0 ,0 ,
0 ,0 ,0 ,
0 ,0 ,0 ,
0 ,0 ,0 ,
0 ,0 ,0 ,
0 ,0 ,0 ,
0 ,0 ,0 ,
0 ,0 ,0 ,
0 ,0 ,0 ,
0 ,0 ,0 ,
0 ,0 ,0 ,
0 ,0 ,0 ,
0 ,0 ,0 ,
0 ,0 ,0 ,
0 ,0 ,0 ,
0 ,0 ,0 ,
0 ,0 ,0 ,
0 ,0 ,0 ,
0 ,0 ,0 ,
0 ,0 ,0 ,
0 ,0 ,0 ,
0 ,0 ,0 ,
0 ,0 ,0 ,
0 ,0 ,0 ,
0 ,0 ,0 ,
0 ,0 ,0 ,
0 ,0 ,0 ,
0 ,0 ,0 ,
0 ,0 ,0 ,
0 ,0 ,0 ,
0 ,0 ,0 ,
0 ,0 ,0 ,
0 ,0 ,0 ,
0 ,0 ,0 ,
0 ,0 ,0 ,
0 ,0 ,0 ,
0 ,0 ,0 ,
0 ,0 ,0 ,
0 ,0 ,0 ,
0 ,0 ,0 ,
0 ,0 ,0 ,
0 ,0 ,0 ,
0 ,0 ,0 ,
0 ,0 ,0 ,
0 ,0 ,0 ,
0 ,0 ,0 ,
0 ,0 ,0 ,
0 ,0 ,0 ,
0 ,0 ,0 ,
0 ,0 ,0 ,
0 ,0 ,0 ,
0 ,0 ,0 ,
0 ,0 ,0 ,
0 ,0 ,0 ,
0 ,0 ,0 ,
0 ,0 ,0 ,
0 ,0 ,0 ,
0 ,0 ,0 ,
0 ,0 ,0 ,
0 ,0 ,0 ,
0 ,0 ,0 ,
0 ,0 ,0 ,
0 ,0 ,0 ,
0 ,0 ,0 ,
0 ,0 ,0 ,
0 ,0 ,0 ,
0 ,0 ,0 ,
0 ,0 ,0 ,
0 ,0 ,0 ,
0 ,0 ,0 ,
0 ,0 ,0 ,
0 ,0 ,0 ,
0 ,0 ,0 ,
0 ,0 ,0 ,
0 ,0 ,0 ,
0 ,0 ,0 ,
0 ,0 ,0 ,
0 ,0 ,0 ,
0 ,0 ,0 ,
0 ,0 ,0 ,
0 ,0 ,0 ,
0 ,0 ,0 ,
0 ,0 ,0 ,
0 ,0 ,0 ,
0 ,0 ,0 ,
0 ,0 ,0 ,
0 ,0 ,0 ,
0 ,0 ,0 ,
0 ,0 ,0 ,
0 ,0 ,0 ,
0 ,0 ,0 ,
0 ,0 ,0 ,
0 ,0 ,0 ,
0 ,0 ,0 ,
0 ,0 ,0 ,
0 ,0 ,0 ,
0 ,0 ,0 ,
0 ,0 ,0 ,
0 ,0 ,0 ,
0 ,0 ,0 ,
0 ,0 ,0 ,
0 ,0 ,0 ,
0 ,0 ,0 ,
0 ,0 ,0 ,
0 ,0 ,0 ,
0 ,0 ,0 ,
0 ,0 ,0 ,
0 ,0 ,0 ,
0 ,0 ,0 ,
0 ,0 ,0 ,
0 ,0 ,0 ,
0 ,0 ,0 ,
0 ,0 ,0 ,
0 ,0 ,0 ,
0 ,0 ,0 ,
0 ,0 ,0 ,
0 ,0 ,0 ,
0 ,0 ,0 ,
0 ,0 ,0 ,
0 ,0 ,0 ,
0 ,0 ,0 ,
0 ,0 ,0 ,
0 ,0 ,0 ,
0 ,0 ,0 ,
0 ,0 ,0 ,
0 ,0 ,0 ,
0 ,0 ,0 ,
0 ,0 ,0 ,
0 ,0 ,0 ,
0 ,0 ,0 ,
0 ,0 ,0 ,
0 ,0 ,0 ,
0 ,0 ,0 ,
0 ,0 ,0 ,
0 ,0 ,0 ,
0 ,0 ,0 ,
0 ,0 ,0 ,
0 ,0 ,0 ,
0 ,0 ,0 ,
0 ,0 ,0 ,
0 ,0 ,0 ,
0 ,0 ,0 ,
0 ,0 ,0 ,
0 ,0 ,0 ,
0 ,0 ,0 ,
0 ,0 ,0 ,
0 ,0 ,0 ,
0 ,0 ,0 ,
0 ,0 ,0 ,
0 ,0 ,0 ,
0 ,0 ,0 ,
0 ,0 ,0 ,
0 ,0 ,0 ,
0 ,0 ,0 ,
0 ,0 ,0 ,
0 ,0 ,0 ,
0 ,0 ,0 ,
0 ,0 ,0 ,
0 ,0 ,0 ,
0 ,0 ,0 ,
0 ,0 ,0 ,
0 ,0 ,0 ,
0 ,0 ,0 ,
0 ,0 ,0 ,
0 ,0 ,0 ,
0 ,0 ,0 ,
0 ,0 ,0 ,
0 ,0 ,0 ,
0 ,0 ,0 ,
0 ,0 ,0 ,
0 ,0 ,0 ,
0 ,0 ,0 ,
0 ,0 ,0 ,
0 ,0 ,0 ,
0 ,0 ,0 ,
0 ,0 ,0 ,
0 ,0 ,0 ,
0 ,0 ,0 ,
0 ,0 ,0 ,
0 ,0 ,0 ,
0 ,0 ,0 ,
0 ,0 ,0 ,
0 ,0 ,0 ,
0 ,0 ,0 ,
0 ,0 ,0 ,
0 ,0 ,0 ,
0 ,0 ,0 ,
0 ,0 ,0 ,
0 ,0 ,0 ,
0 ,0 ,0 ,
0 ,0 ,0 ,
0 ,0 ,0 ,
0 ,0 ,0 ,
0 ,0 ,0 ,
0 ,0 ,0 ,
0 ,0 ,0 ,
0 ,0 ,0 ,
0 ,0 ,0 ,
0 ,0 ,0 ,
0 ,0 ,0 ,
0 ,0 ,0 ,
0 ,0 ,0 ,
0 ,0 ,0 ,
0 ,0 ,0 ,
0 ,0 ,0 ,
0 ,0 ,0 ,
0 ,0 ,0 ,
0 ,0 ,0 ,
0 ,0 ,0 ,
0 ,0 ,0 ,
0 ,0 ,0 ,
0 ,0 ,0 ,
0 ,0 ,0 ,
0 ,0 ,0 ,
0 ,0 ,0 ,
0 ,0 ,0 ,
0 ,0 ,0 ,
0 ,0 ,0 ,
0 ,0 ,0 ,
0 ,0 ,0 ,
0 ,0 ,0 ,
