4.30799e-05 ,0.0024608 ,0.68 ,
4.08207e-05 ,0.00233175 ,0.68 ,
3.86024e-05 ,0.00220504 ,0.68 ,
3.64249e-05 ,0.00208066 ,0.68 ,
3.42883e-05 ,0.00195861 ,0.68 ,
3.21924e-05 ,0.00183888 ,0.68 ,
3.0137e-05 ,0.00172148 ,0.68 ,
2.81223e-05 ,0.0016064 ,0.68 ,
2.6148e-05 ,0.00149362 ,0.68 ,
2.42141e-05 ,0.00138315 ,0.68 ,
2.23205e-05 ,0.00127499 ,0.68 ,
2.04672e-05 ,0.00116912 ,0.68 ,
1.8654e-05 ,0.00106555 ,0.68 ,
1.68809e-05 ,0.00096427 ,0.68 ,
0 ,0 ,0.68 ,
0 ,0 ,0.68 ,
0 ,0 ,0.68 ,
0 ,0 ,0.68 ,
0 ,0 ,0.68 ,
0 ,0 ,0.68 ,
0 ,0 ,0.68 ,
0 ,4.33681e-19 ,0.68 ,
0 ,0 ,0.68 ,
0 ,0 ,0.68 ,
0 ,0 ,0.68 ,
0 ,0 ,0.68 ,
0 ,0 ,0.68 ,
0 ,0 ,0.68 ,
0 ,0 ,0.68 ,
0 ,0 ,0.68 ,
0 ,0 ,0.68 ,
0 ,0 ,0.68 ,
0 ,0 ,0.68 ,
0 ,0 ,0.68 ,
0 ,0 ,0.68 ,
0 ,8.67362e-19 ,0.68 ,
0 ,0 ,0.68 ,
0 ,0 ,0.68 ,
0 ,0 ,0.68 ,
0 ,0 ,0.68 ,
0 ,0 ,0.68 ,
0 ,0 ,0.68 ,
0 ,0 ,0.68 ,
0 ,0 ,0.68 ,
0 ,0 ,0.68 ,
1.35525e-20 ,0 ,0.68 ,
0 ,0 ,0.68 ,
0 ,0 ,0.68 ,
1.35525e-20 ,0 ,0.68 ,
0 ,0 ,0.68 ,
0 ,0 ,0.68 ,
0 ,0 ,0.68 ,
0 ,0 ,0.68 ,
0 ,0 ,0.68 ,
0 ,0 ,0.68 ,
0 ,0 ,0.68 ,
0 ,0 ,0.68 ,
0 ,0 ,0.68 ,
0 ,0 ,0.68 ,
0 ,0 ,0.68 ,
0 ,8.67362e-19 ,0.68 ,
0 ,0 ,0.68 ,
0 ,0 ,0.68 ,
0 ,0 ,0.68 ,
0 ,0 ,0.68 ,
0 ,0 ,0.68 ,
0 ,0 ,0.68 ,
0 ,0 ,0.68 ,
0 ,0 ,0.68 ,
0 ,8.67362e-19 ,0.68 ,
0 ,0 ,0.68 ,
0 ,0 ,0.68 ,
0 ,0 ,0.68 ,
0 ,0 ,0.68 ,
2.71051e-20 ,0 ,0.68 ,
0 ,0 ,0.68 ,
0 ,0 ,0.68 ,
0 ,0 ,0.68 ,
0 ,0 ,0.68 ,
0 ,0 ,0.68 ,
0 ,0 ,0.68 ,
0 ,0 ,0.68 ,
0 ,0 ,0.68 ,
0 ,0 ,0.68 ,
0 ,1.73472e-18 ,0.68 ,
0 ,0 ,0.68 ,
0 ,0 ,0.68 ,
0 ,1.73472e-18 ,0.68 ,
0 ,0 ,0.68 ,
0 ,0 ,0.68 ,
0 ,0 ,0.68 ,
0 ,0 ,0.68 ,
0 ,0 ,0.68 ,
0 ,0 ,0.68 ,
0 ,0 ,0.68 ,
0 ,0 ,0.68 ,
0 ,1.73472e-18 ,0.68 ,
0 ,0 ,0.68 ,
0 ,0 ,0.68 ,
0 ,0 ,0.68 ,
0 ,0 ,0.68 ,
0 ,0 ,0.68 ,
0 ,0 ,0.68 ,
0 ,0 ,0.68 ,
0 ,0 ,0.68 ,
0 ,0 ,0.68 ,
0 ,0 ,0.68 ,
0 ,0 ,0.68 ,
0 ,0 ,0.68 ,
0 ,0 ,0.68 ,
0 ,0 ,0.68 ,
0 ,0 ,0.68 ,
0 ,0 ,0.68 ,
0 ,0 ,0.68 ,
0 ,0 ,0.68 ,
0 ,0 ,0.68 ,
0 ,0 ,0.68 ,
0 ,0 ,0.68 ,
0 ,0 ,0.68 ,
0 ,0 ,0.68 ,
0 ,0 ,0.68 ,
0 ,0 ,0.68 ,
0 ,0 ,0.68 ,
0 ,0 ,0.68 ,
0 ,0 ,0.68 ,
0 ,0 ,0.68 ,
0 ,0 ,0.68 ,
0 ,0 ,0.68 ,
0 ,3.46945e-18 ,0.68 ,
0 ,0 ,0.68 ,
0 ,0 ,0.68 ,
0 ,0 ,0.68 ,
0 ,0 ,0.68 ,
0 ,3.46945e-18 ,0.68 ,
0 ,0 ,0.68 ,
0 ,0 ,0.68 ,
0 ,0 ,0.68 ,
0 ,0 ,0.68 ,
0 ,0 ,0.68 ,
0 ,0 ,0.68 ,
0 ,0 ,0.68 ,
0 ,0 ,0.68 ,
0 ,0 ,0.68 ,
0 ,0 ,0.68 ,
0 ,0 ,0.68 ,
0 ,0 ,0.68 ,
0 ,0 ,0.68 ,
0 ,0 ,0.68 ,
0 ,0 ,0.68 ,
0 ,0 ,0.68 ,
0 ,0 ,0.68 ,
0 ,0 ,0.68 ,
0 ,0 ,0.68 ,
0 ,0 ,0.68 ,
0 ,0 ,0.68 ,
0 ,0 ,0.68 ,
0 ,0 ,0.68 ,
0 ,0 ,0.68 ,
0 ,0 ,0.68 ,
0 ,0 ,0.68 ,
0 ,0 ,0.68 ,
0 ,0 ,0.68 ,
0 ,0 ,0.68 ,
0 ,0 ,0.68 ,
1.0842e-19 ,0 ,0.68 ,
0 ,-6.93889e-18 ,0.68 ,
0 ,6.93889e-18 ,0.68 ,
0 ,0 ,0.68 ,
0 ,0 ,0.68 ,
0 ,0 ,0.68 ,
0 ,0 ,0.68 ,
0 ,0 ,0.68 ,
0 ,0 ,0.68 ,
1.0842e-19 ,0 ,0.68 ,
0 ,6.93889e-18 ,0.68 ,
0 ,0 ,0.68 ,
0 ,0 ,0.68 ,
0 ,0 ,0.68 ,
0 ,0 ,0.68 ,
0 ,0 ,0.68 ,
0 ,0 ,0.68 ,
0 ,0 ,0.68 ,
1.0842e-19 ,6.93889e-18 ,0.68 ,
0 ,0 ,0.68 ,
0 ,0 ,0.68 ,
0 ,0 ,0.68 ,
0 ,0 ,0.68 ,
0 ,0 ,0.68 ,
0 ,0 ,0.68 ,
0 ,6.93889e-18 ,0.68 ,
0 ,0 ,0.68 ,
0 ,0 ,0.68 ,
0 ,0 ,0.68 ,
0 ,0 ,0.68 ,
0 ,0 ,0.68 ,
0 ,0 ,0.68 ,
0 ,0 ,0.68 ,
0 ,0 ,0.68 ,
0 ,0 ,0.68 ,
0 ,0 ,0.68 ,
0 ,0 ,0.68 ,
0 ,0 ,0.68 ,
0 ,0 ,0.68 ,
0 ,0 ,0.68 ,
0 ,0 ,0.68 ,
0 ,0 ,0.68 ,
0 ,0 ,0.68 ,
0 ,0 ,0.68 ,
0 ,0 ,0.68 ,
0 ,0 ,0.68 ,
0 ,0 ,0.68 ,
0 ,0 ,0.68 ,
2.1684e-19 ,0 ,0.68 ,
0 ,0 ,0.68 ,
0 ,0 ,0.68 ,
0 ,0 ,0.68 ,
0 ,0 ,0.68 ,
0 ,0 ,0.68 ,
0 ,0 ,0.68 ,
0 ,0 ,0.68 ,
0 ,0 ,0.68 ,
0 ,0 ,0.68 ,
2.1684e-19 ,0 ,0.68 ,
2.1684e-19 ,0 ,0.68 ,
0 ,0 ,0.68 ,
2.1684e-19 ,0 ,0.68 ,
0 ,0 ,0.68 ,
0 ,0 ,0.68 ,
0 ,0 ,0.68 ,
0 ,0 ,0.68 ,
1.88006e-07 ,0.00340154 ,0.68 ,
4.55743e-07 ,0.00938655 ,0.68 ,
6.42992e-07 ,0.0152578 ,0.68 ,
7.57577e-07 ,0.0210159 ,0.68 ,
8.07321e-07 ,0.0266615 ,0.68 ,
8.00047e-07 ,0.0321954 ,0.68 ,
7.43577e-07 ,0.0376181 ,0.68 ,
6.45737e-07 ,0.0429303 ,0.68 ,
5.14349e-07 ,0.0481326 ,0.68 ,
3.57235e-07 ,0.0532258 ,0.68 ,
1.82221e-07 ,0.0582104 ,0.68 ,
-2.87212e-09 ,0.0630872 ,0.68 ,
-1.9022e-07 ,0.0678567 ,0.68 ,
-3.71999e-07 ,0.0725197 ,0.68 ,
-5.40387e-07 ,0.0770768 ,0.68 ,
-6.8756e-07 ,0.0815286 ,0.68 ,
-8.05694e-07 ,0.0858758 ,0.68 ,
-8.86967e-07 ,0.0901191 ,0.68 ,
-9.23555e-07 ,0.0942591 ,0.68 ,
-9.07634e-07 ,0.0982965 ,0.68 ,
-8.31383e-07 ,0.102232 ,0.68 ,
-6.86976e-07 ,0.106066 ,0.68 ,
-4.66592e-07 ,0.109799 ,0.68 ,
-1.62406e-07 ,0.113433 ,0.68 ,
0 ,0.115 ,0.68 ,
0 ,0.115 ,0.68 ,
0 ,0.115 ,0.68 ,
0 ,0.115 ,0.68 ,
0 ,0.115 ,0.68 ,
0 ,0.115 ,0.68 ,
0 ,0.115 ,0.68 ,
0 ,0.115 ,0.68 ,
0 ,0.115 ,0.68 ,
0 ,0.115 ,0.68 ,
0 ,0.115 ,0.68 ,
0 ,0.115 ,0.68 ,
0 ,0.115 ,0.68 ,
4.33681e-19 ,0.115 ,0.68 ,
0 ,0.115 ,0.68 ,
0 ,0.115 ,0.68 ,
0 ,0.115 ,0.68 ,
0 ,0.115 ,0.68 ,
0 ,0.115 ,0.68 ,
0 ,0.115 ,0.68 ,
0 ,0.115 ,0.68 ,
0 ,0.115 ,0.68 ,
0 ,0.115 ,0.68 ,
0 ,0.115 ,0.68 ,
0 ,0.115 ,0.68 ,
0 ,0.115 ,0.68 ,
0 ,0.115 ,0.68 ,
0 ,0.115 ,0.68 ,
4.33681e-19 ,0.115 ,0.68 ,
4.33681e-19 ,0.115 ,0.68 ,
0 ,0.115 ,0.68 ,
0 ,0.115 ,0.68 ,
0 ,0.115 ,0.68 ,
0 ,0.115 ,0.68 ,
0 ,0.115 ,0.68 ,
0 ,0.115 ,0.68 ,
0 ,0.115 ,0.68 ,
0 ,0.115 ,0.68 ,
0 ,0.115 ,0.68 ,
0 ,0.115 ,0.68 ,
0 ,0.115 ,0.68 ,
0 ,0.115 ,0.68 ,
0 ,0.115 ,0.68 ,
0 ,0.115 ,0.68 ,
0 ,0.115 ,0.68 ,
0 ,0.115 ,0.68 ,
0 ,0.115 ,0.68 ,
0 ,0.115 ,0.68 ,
0 ,0.115 ,0.68 ,
0 ,0.115 ,0.68 ,
0 ,0.115 ,0.68 ,
0 ,0.115 ,0.68 ,
0 ,0.115 ,0.68 ,
0 ,0.115 ,0.68 ,
0 ,0.115 ,0.68 ,
0 ,0.115 ,0.68 ,
0 ,0.115 ,0.68 ,
0 ,0.115 ,0.68 ,
0 ,0.115 ,0.68 ,
8.67362e-19 ,0.115 ,0.68 ,
8.67362e-19 ,0.115 ,0.68 ,
0 ,0.115 ,0.68 ,
0 ,0.115 ,0.68 ,
0 ,0.115 ,0.68 ,
0 ,0.115 ,0.68 ,
0 ,0.115 ,0.68 ,
0 ,0.115 ,0.68 ,
0 ,0.115 ,0.68 ,
0 ,0.115 ,0.68 ,
0 ,0.115 ,0.68 ,
0 ,0.115 ,0.68 ,
0 ,0.115 ,0.68 ,
0 ,0.115 ,0.68 ,
0 ,0.115 ,0.68 ,
0 ,0.115 ,0.68 ,
0 ,0.115 ,0.68 ,
0 ,0.115 ,0.68 ,
0 ,0.115 ,0.68 ,
0 ,0.115 ,0.68 ,
0 ,0.115 ,0.68 ,
0 ,0.115 ,0.68 ,
0 ,0.115 ,0.68 ,
0 ,0.115 ,0.68 ,
0 ,0.115 ,0.68 ,
0 ,0.115 ,0.68 ,
0 ,0.115 ,0.68 ,
0 ,0.115 ,0.68 ,
0 ,0.115 ,0.68 ,
0 ,0.115 ,0.68 ,
0 ,0.115 ,0.68 ,
0 ,0.115 ,0.68 ,
0 ,0.115 ,0.68 ,
0 ,0.115 ,0.68 ,
0 ,0.115 ,0.68 ,
0 ,0.115 ,0.68 ,
0 ,0.115 ,0.68 ,
0 ,0.115 ,0.68 ,
1.73472e-18 ,0.115 ,0.68 ,
0 ,0.115 ,0.68 ,
0 ,0.115 ,0.68 ,
0 ,0.115 ,0.68 ,
0 ,0.115 ,0.68 ,
0 ,0.115 ,0.68 ,
0 ,0.115 ,0.68 ,
0 ,0.115 ,0.68 ,
0 ,0.115 ,0.68 ,
0 ,0.115 ,0.68 ,
0 ,0.115 ,0.68 ,
0 ,0.115 ,0.68 ,
0 ,0.115 ,0.68 ,
0 ,0.115 ,0.68 ,
0 ,0.115 ,0.68 ,
0 ,0.115 ,0.68 ,
0 ,0.115 ,0.68 ,
0 ,0.115 ,0.68 ,
0 ,0.115 ,0.68 ,
1.73472e-18 ,0.115 ,0.68 ,
0 ,0.115 ,0.68 ,
0 ,0.115 ,0.68 ,
0 ,0.115 ,0.68 ,
0 ,0.115 ,0.68 ,
0 ,0.115 ,0.68 ,
0 ,0.115 ,0.68 ,
0 ,0.115 ,0.68 ,
0 ,0.115 ,0.68 ,
0 ,0.115 ,0.68 ,
0 ,0.115 ,0.68 ,
0 ,0.115 ,0.68 ,
0 ,0.115 ,0.68 ,
0 ,0.115 ,0.68 ,
0 ,0.115 ,0.68 ,
0 ,0.115 ,0.68 ,
0 ,0.115 ,0.68 ,
0 ,0.115 ,0.68 ,
0 ,0.115 ,0.68 ,
0 ,0.115 ,0.68 ,
0 ,0.115 ,0.68 ,
0 ,0.115 ,0.68 ,
0 ,0.115 ,0.68 ,
0 ,0.115 ,0.68 ,
0 ,0.115 ,0.68 ,
0 ,0.115 ,0.68 ,
0 ,0.115 ,0.68 ,
0 ,0.115 ,0.68 ,
0 ,0.115 ,0.68 ,
0 ,0.115 ,0.68 ,
3.46945e-18 ,0.115 ,0.68 ,
0 ,0.115 ,0.68 ,
3.46945e-18 ,0.115 ,0.68 ,
0 ,0.115 ,0.68 ,
0 ,0.115 ,0.68 ,
0 ,0.115 ,0.68 ,
0 ,0.115 ,0.68 ,
0 ,0.115 ,0.68 ,
0 ,0.115 ,0.68 ,
0 ,0.115 ,0.68 ,
0 ,0.115 ,0.68 ,
0 ,0.115 ,0.68 ,
0 ,0.115 ,0.68 ,
0 ,0.115 ,0.68 ,
0 ,0.115 ,0.68 ,
0 ,0.115 ,0.68 ,
0 ,0.115 ,0.68 ,
0 ,0.115 ,0.68 ,
0 ,0.115 ,0.68 ,
0 ,0.115 ,0.68 ,
0 ,0.115 ,0.68 ,
0 ,0.115 ,0.68 ,
0 ,0.115 ,0.68 ,
0 ,0.115 ,0.68 ,
0 ,0.115 ,0.68 ,
0 ,0.115 ,0.68 ,
0 ,0.115 ,0.68 ,
0 ,0.115 ,0.68 ,
0 ,0.115 ,0.68 ,
0 ,0.115 ,0.68 ,
0 ,0.115 ,0.68 ,
0 ,0.115 ,0.68 ,
0 ,0.115 ,0.68 ,
0 ,0.115 ,0.68 ,
0 ,0.115 ,0.68 ,
0 ,0.115 ,0.68 ,
0 ,0.115 ,0.68 ,
0 ,0.115 ,0.68 ,
0 ,0.115 ,0.68 ,
0 ,0.115 ,0.68 ,
0 ,0.115 ,0.68 ,
0 ,0.115 ,0.68 ,
0 ,0.115 ,0.68 ,
0 ,0.115 ,0.68 ,
0 ,0.115 ,0.68 ,
0 ,0.115 ,0.68 ,
0 ,0.115 ,0.68 ,
0 ,0.115 ,0.68 ,
0 ,0.115 ,0.68 ,
0 ,0.115 ,0.68 ,
0 ,0.115 ,0.68 ,
0 ,0.115 ,0.68 ,
0 ,0.115 ,0.68 ,
0 ,0.115 ,0.68 ,
0 ,0.115 ,0.68 ,
0 ,0.115 ,0.68 ,
0 ,0.115 ,0.68 ,
0 ,0.115 ,0.68 ,
0 ,0.115 ,0.68 ,
0 ,0.115 ,0.68 ,
0 ,0.115 ,0.68 ,
0 ,0.115 ,0.68 ,
0 ,0.115 ,0.68 ,
0 ,0.115 ,0.68 ,
0 ,0.115 ,0.68 ,
0 ,0.115 ,0.68 ,
0 ,0.115 ,0.68 ,
0 ,0.115 ,0.68 ,
0 ,0.115 ,0.68 ,
0 ,0.115 ,0.68 ,
0.00243916 ,0.108013 ,0.68 ,
0.00673061 ,0.0957198 ,0.68 ,
0.0109402 ,0.0836605 ,0.68 ,
0.0150684 ,0.0718337 ,0.68 ,
0.0191158 ,0.0602381 ,0.68 ,
0.0230828 ,0.0488724 ,0.68 ,
0.02697 ,0.0377351 ,0.68 ,
0.0307778 ,0.0268249 ,0.68 ,
0.0345067 ,0.0161404 ,0.68 ,
0.0381573 ,0.0056802 ,0.68 ,
0.04173 ,-0.004557 ,0.68 ,
0.0452253 ,-0.0145726 ,0.68 ,
0.0486437 ,-0.024368 ,0.68 ,
0.0519858 ,-0.0339445 ,0.68 ,
0.055252 ,-0.0433036 ,0.68 ,
0.0584429 ,-0.0524466 ,0.68 ,
0.0615588 ,-0.0613748 ,0.68 ,
0.0646004 ,-0.0700897 ,0.68 ,
0.0675681 ,-0.0785926 ,0.68 ,
0.0704625 ,-0.0868849 ,0.68 ,
0.0732839 ,-0.0949679 ,0.68 ,
0.076033 ,-0.102843 ,0.68 ,
0.0787102 ,-0.110512 ,0.68 ,
0.081316 ,-0.117975 ,0.68 ,
0.08244 ,-0.121195 ,0.68 ,
0.08244 ,-0.121195 ,0.68 ,
0.08244 ,-0.121195 ,0.68 ,
0.08244 ,-0.121195 ,0.68 ,
0.08244 ,-0.121195 ,0.68 ,
0.08244 ,-0.121195 ,0.68 ,
0.08244 ,-0.121195 ,0.68 ,
0.08244 ,-0.121195 ,0.68 ,
0.08244 ,-0.121195 ,0.68 ,
0.08244 ,-0.121195 ,0.68 ,
0.08244 ,-0.121195 ,0.68 ,
0.08244 ,-0.121195 ,0.68 ,
0.08244 ,-0.121195 ,0.68 ,
0.08244 ,-0.121195 ,0.68 ,
0.08244 ,-0.121195 ,0.68 ,
0.08244 ,-0.121195 ,0.68 ,
0.08244 ,-0.121195 ,0.68 ,
0.08244 ,-0.121195 ,0.68 ,
0.08244 ,-0.121195 ,0.68 ,
0.08244 ,-0.121195 ,0.68 ,
0.08244 ,-0.121195 ,0.68 ,
0.08244 ,-0.121195 ,0.68 ,
0.08244 ,-0.121195 ,0.68 ,
0.08244 ,-0.121195 ,0.68 ,
0.08244 ,-0.121195 ,0.68 ,
0.08244 ,-0.121195 ,0.68 ,
0.08244 ,-0.121195 ,0.68 ,
0.08244 ,-0.121195 ,0.68 ,
0.08244 ,-0.121195 ,0.68 ,
0.08244 ,-0.121195 ,0.68 ,
0.08244 ,-0.121195 ,0.68 ,
0.08244 ,-0.121195 ,0.68 ,
0.08244 ,-0.121195 ,0.68 ,
0.08244 ,-0.121195 ,0.68 ,
0.08244 ,-0.121195 ,0.68 ,
0.08244 ,-0.121195 ,0.68 ,
0.08244 ,-0.121195 ,0.68 ,
0.08244 ,-0.121195 ,0.68 ,
0.08244 ,-0.121195 ,0.68 ,
0.08244 ,-0.121195 ,0.68 ,
0.08244 ,-0.121195 ,0.68 ,
0.08244 ,-0.121195 ,0.68 ,
0.08244 ,-0.121195 ,0.68 ,
0.08244 ,-0.121195 ,0.68 ,
0.08244 ,-0.121195 ,0.68 ,
0.08244 ,-0.121195 ,0.68 ,
0.08244 ,-0.121195 ,0.68 ,
0.08244 ,-0.121195 ,0.68 ,
0.08244 ,-0.121195 ,0.68 ,
0.08244 ,-0.121195 ,0.68 ,
0.08244 ,-0.121195 ,0.68 ,
0.08244 ,-0.121195 ,0.68 ,
0.08244 ,-0.121195 ,0.68 ,
0.08244 ,-0.121195 ,0.68 ,
0.08244 ,-0.121195 ,0.68 ,
0.08244 ,-0.121195 ,0.68 ,
0.08244 ,-0.121195 ,0.68 ,
0.08244 ,-0.121195 ,0.68 ,
0.08244 ,-0.121195 ,0.68 ,
0.08244 ,-0.121195 ,0.68 ,
0.08244 ,-0.121195 ,0.68 ,
0.08244 ,-0.121195 ,0.68 ,
0.08244 ,-0.121195 ,0.68 ,
0.08244 ,-0.121195 ,0.68 ,
0.08244 ,-0.121195 ,0.68 ,
0.08244 ,-0.121195 ,0.68 ,
0.08244 ,-0.121195 ,0.68 ,
0.08244 ,-0.121195 ,0.68 ,
0.08244 ,-0.121195 ,0.68 ,
0.08244 ,-0.121195 ,0.68 ,
0.08244 ,-0.121195 ,0.68 ,
0.08244 ,-0.121195 ,0.68 ,
0.08244 ,-0.121195 ,0.68 ,
0.08244 ,-0.121195 ,0.68 ,
0.08244 ,-0.121195 ,0.68 ,
0.08244 ,-0.121195 ,0.68 ,
0.08244 ,-0.121195 ,0.68 ,
0.08244 ,-0.121195 ,0.68 ,
0.08244 ,-0.121195 ,0.68 ,
0.08244 ,-0.121195 ,0.68 ,
0.08244 ,-0.121195 ,0.68 ,
0.08244 ,-0.121195 ,0.68 ,
0.08244 ,-0.121195 ,0.68 ,
0.08244 ,-0.121195 ,0.68 ,
0.08244 ,-0.121195 ,0.68 ,
0.08244 ,-0.121195 ,0.68 ,
0.08244 ,-0.121195 ,0.68 ,
0.08244 ,-0.121195 ,0.68 ,
0.08244 ,-0.121195 ,0.68 ,
0.08244 ,-0.121195 ,0.68 ,
0.08244 ,-0.121195 ,0.68 ,
0.08244 ,-0.121195 ,0.68 ,
0.08244 ,-0.121195 ,0.68 ,
0.08244 ,-0.121195 ,0.68 ,
0.08244 ,-0.121195 ,0.68 ,
0.08244 ,-0.121195 ,0.68 ,
0.08244 ,-0.121195 ,0.68 ,
0.08244 ,-0.121195 ,0.68 ,
0.08244 ,-0.121195 ,0.68 ,
0.08244 ,-0.121195 ,0.68 ,
0.08244 ,-0.121195 ,0.68 ,
0.08244 ,-0.121195 ,0.68 ,
0.08244 ,-0.121195 ,0.68 ,
0.08244 ,-0.121195 ,0.68 ,
0.08244 ,-0.121195 ,0.68 ,
0.08244 ,-0.121195 ,0.68 ,
0.08244 ,-0.121195 ,0.68 ,
0.08244 ,-0.121195 ,0.68 ,
0.08244 ,-0.121195 ,0.68 ,
0.08244 ,-0.121195 ,0.68 ,
0.08244 ,-0.121195 ,0.68 ,
0.08244 ,-0.121195 ,0.68 ,
0.08244 ,-0.121195 ,0.68 ,
0.08244 ,-0.121195 ,0.68 ,
0.08244 ,-0.121195 ,0.68 ,
0.08244 ,-0.121195 ,0.68 ,
0.08244 ,-0.121195 ,0.68 ,
0.08244 ,-0.121195 ,0.68 ,
0.08244 ,-0.121195 ,0.68 ,
0.08244 ,-0.121195 ,0.68 ,
0.08244 ,-0.121195 ,0.68 ,
0.08244 ,-0.121195 ,0.68 ,
0.08244 ,-0.121195 ,0.68 ,
0.08244 ,-0.121195 ,0.68 ,
0.08244 ,-0.121195 ,0.68 ,
0.08244 ,-0.121195 ,0.68 ,
0.08244 ,-0.121195 ,0.68 ,
0.08244 ,-0.121195 ,0.68 ,
0.08244 ,-0.121195 ,0.68 ,
0.08244 ,-0.121195 ,0.68 ,
0.08244 ,-0.121195 ,0.68 ,
0.08244 ,-0.121195 ,0.68 ,
0.08244 ,-0.121195 ,0.68 ,
0.08244 ,-0.121195 ,0.68 ,
0.08244 ,-0.121195 ,0.68 ,
0.08244 ,-0.121195 ,0.68 ,
0.08244 ,-0.121195 ,0.68 ,
0.08244 ,-0.121195 ,0.68 ,
0.08244 ,-0.121195 ,0.68 ,
0.08244 ,-0.121195 ,0.68 ,
0.08244 ,-0.121195 ,0.68 ,
0.08244 ,-0.121195 ,0.68 ,
0.08244 ,-0.121195 ,0.68 ,
0.08244 ,-0.121195 ,0.68 ,
0.08244 ,-0.121195 ,0.68 ,
0.08244 ,-0.121195 ,0.68 ,
0.08244 ,-0.121195 ,0.68 ,
0.08244 ,-0.121195 ,0.68 ,
0.08244 ,-0.121195 ,0.68 ,
0.08244 ,-0.121195 ,0.68 ,
0.08244 ,-0.121195 ,0.68 ,
0.08244 ,-0.121195 ,0.68 ,
0.08244 ,-0.121195 ,0.68 ,
0.08244 ,-0.121195 ,0.68 ,
0.08244 ,-0.121195 ,0.68 ,
0.08244 ,-0.121195 ,0.68 ,
0.08244 ,-0.121195 ,0.68 ,
0.08244 ,-0.121195 ,0.68 ,
0.08244 ,-0.121195 ,0.68 ,
0.08244 ,-0.121195 ,0.68 ,
0.08244 ,-0.121195 ,0.68 ,
0.08244 ,-0.121195 ,0.68 ,
0.08244 ,-0.121195 ,0.68 ,
0.08244 ,-0.121195 ,0.68 ,
0.08244 ,-0.121195 ,0.68 ,
0.08244 ,-0.121195 ,0.68 ,
0.08244 ,-0.121195 ,0.68 ,
0.08244 ,-0.121195 ,0.68 ,
0.08244 ,-0.121195 ,0.68 ,
0.08244 ,-0.121195 ,0.68 ,
0.08244 ,-0.121195 ,0.68 ,
0.08244 ,-0.121195 ,0.68 ,
0.08244 ,-0.121195 ,0.68 ,
0.08244 ,-0.121195 ,0.68 ,
0.08244 ,-0.121195 ,0.68 ,
0.08244 ,-0.121195 ,0.68 ,
0.08244 ,-0.121195 ,0.68 ,
0.08244 ,-0.121195 ,0.68 ,
0.08244 ,-0.121195 ,0.68 ,
0.08244 ,-0.121195 ,0.68 ,
0.08244 ,-0.121195 ,0.68 ,
0.08244 ,-0.121195 ,0.68 ,
0.08244 ,-0.121195 ,0.68 ,
0.08244 ,-0.121195 ,0.68 ,
0.08244 ,-0.121195 ,0.68 ,
0.08244 ,-0.121195 ,0.68 ,
0.08244 ,-0.121195 ,0.68 ,
0.08244 ,-0.121195 ,0.68 ,
0.08244 ,-0.121195 ,0.68 ,
0.08244 ,-0.121195 ,0.68 ,
0.08244 ,-0.121195 ,0.68 ,
0.08244 ,-0.121195 ,0.68 ,
0.08244 ,-0.121195 ,0.68 ,
0.08244 ,-0.121195 ,0.68 ,
0.08244 ,-0.121195 ,0.68 ,
0.08244 ,-0.121195 ,0.68 ,
0.08244 ,-0.121195 ,0.68 ,
0.08244 ,-0.121195 ,0.68 ,
0.08244 ,-0.121195 ,0.68 ,
0.08244 ,-0.121195 ,0.68 ,
0.08244 ,-0.121195 ,0.68 ,
0.08244 ,-0.121195 ,0.68 ,
0.08244 ,-0.121195 ,0.68 ,
0.08244 ,-0.121195 ,0.68 ,
0.08244 ,-0.121195 ,0.68 ,
0.08244 ,-0.121195 ,0.68 ,
0.08244 ,-0.121195 ,0.68 ,
0.08244 ,-0.121195 ,0.68 ,
0.08244 ,-0.121195 ,0.68 ,
0.08244 ,-0.121195 ,0.68 ,
0.08244 ,-0.121195 ,0.68 ,
0.08244 ,-0.121195 ,0.68 ,
0.08244 ,-0.121195 ,0.68 ,
0.08244 ,-0.121195 ,0.68 ,
0.08244 ,-0.121195 ,0.68 ,
0.08244 ,-0.121195 ,0.68 ,
0.0868349 ,-0.115241 ,0.68 ,
0.0945673 ,-0.104765 ,0.68 ,
0.102153 ,-0.094488 ,0.68 ,
0.109591 ,-0.0844094 ,0.68 ,
0.116885 ,-0.0745279 ,0.68 ,
0.124033 ,-0.0648421 ,0.68 ,
0.131038 ,-0.0553509 ,0.68 ,
0.1379 ,-0.0460533 ,0.68 ,
0.14462 ,-0.0369479 ,0.68 ,
0.151199 ,-0.0280337 ,0.68 ,
0.157638 ,-0.0193095 ,0.68 ,
0.163937 ,-0.0107742 ,0.68 ,
0.170097 ,-0.00242644 ,0.68 ,
0.17612 ,0.00573476 ,0.68 ,
0.182007 ,0.0137106 ,0.68 ,
0.187757 ,0.0215023 ,0.68 ,
0.193372 ,0.029111 ,0.68 ,
0.198854 ,0.0365378 ,0.68 ,
0.204202 ,0.0437839 ,0.68 ,
0.209417 ,0.0508505 ,0.68 ,
0.214501 ,0.0577387 ,0.68 ,
0.219455 ,0.0644497 ,0.68 ,
0.224278 ,0.0709846 ,0.68 ,
0.228973 ,0.0773447 ,0.68 ,
0.230998 ,0.080088 ,0.68 ,
0.230998 ,0.080088 ,0.68 ,
0.230998 ,0.080088 ,0.68 ,
0.230998 ,0.080088 ,0.68 ,
0.230998 ,0.080088 ,0.68 ,
0.230998 ,0.080088 ,0.68 ,
0.230998 ,0.080088 ,0.68 ,
0.230998 ,0.080088 ,0.68 ,
0.230998 ,0.080088 ,0.68 ,
0.230998 ,0.080088 ,0.68 ,
0.230998 ,0.080088 ,0.68 ,
0.230998 ,0.080088 ,0.68 ,
0.230998 ,0.080088 ,0.68 ,
0.230998 ,0.080088 ,0.68 ,
0.230998 ,0.080088 ,0.68 ,
0.230998 ,0.080088 ,0.68 ,
0.230998 ,0.080088 ,0.68 ,
0.230998 ,0.080088 ,0.68 ,
0.230998 ,0.080088 ,0.68 ,
0.230998 ,0.080088 ,0.68 ,
0.230998 ,0.080088 ,0.68 ,
0.230998 ,0.080088 ,0.68 ,
0.230998 ,0.080088 ,0.68 ,
0.230998 ,0.080088 ,0.68 ,
0.230998 ,0.080088 ,0.68 ,
0.230998 ,0.080088 ,0.68 ,
0.230998 ,0.080088 ,0.68 ,
0.230998 ,0.080088 ,0.68 ,
0.230998 ,0.080088 ,0.68 ,
0.230998 ,0.080088 ,0.68 ,
0.230998 ,0.080088 ,0.68 ,
0.230998 ,0.080088 ,0.68 ,
0.230998 ,0.080088 ,0.68 ,
0.230998 ,0.080088 ,0.68 ,
0.230998 ,0.080088 ,0.68 ,
0.230998 ,0.080088 ,0.68 ,
0.230998 ,0.080088 ,0.68 ,
0.230998 ,0.080088 ,0.68 ,
0.230998 ,0.080088 ,0.68 ,
0.230998 ,0.080088 ,0.68 ,
0.230998 ,0.080088 ,0.68 ,
0.230998 ,0.080088 ,0.68 ,
0.230998 ,0.080088 ,0.68 ,
0.230998 ,0.080088 ,0.68 ,
0.230998 ,0.080088 ,0.68 ,
0.230998 ,0.080088 ,0.68 ,
0.230998 ,0.080088 ,0.68 ,
0.230998 ,0.080088 ,0.68 ,
0.230998 ,0.080088 ,0.68 ,
0.230998 ,0.080088 ,0.68 ,
0.230998 ,0.080088 ,0.68 ,
0.230998 ,0.080088 ,0.68 ,
0.230998 ,0.080088 ,0.68 ,
0.230998 ,0.080088 ,0.68 ,
0.230998 ,0.080088 ,0.68 ,
0.230998 ,0.080088 ,0.68 ,
0.230998 ,0.080088 ,0.68 ,
0.230998 ,0.080088 ,0.68 ,
0.230998 ,0.080088 ,0.68 ,
0.230998 ,0.080088 ,0.68 ,
0.230998 ,0.080088 ,0.68 ,
0.230998 ,0.080088 ,0.68 ,
0.230998 ,0.080088 ,0.68 ,
0.230998 ,0.080088 ,0.68 ,
0.230998 ,0.080088 ,0.68 ,
0.230998 ,0.080088 ,0.68 ,
0.230998 ,0.080088 ,0.68 ,
0.230998 ,0.080088 ,0.68 ,
0.230998 ,0.080088 ,0.68 ,
0.230998 ,0.080088 ,0.68 ,
0.230998 ,0.080088 ,0.68 ,
0.230998 ,0.080088 ,0.68 ,
0.230998 ,0.080088 ,0.68 ,
0.230998 ,0.080088 ,0.68 ,
0.230998 ,0.080088 ,0.68 ,
0.230998 ,0.080088 ,0.68 ,
0.230998 ,0.080088 ,0.68 ,
0.230998 ,0.080088 ,0.68 ,
0.230998 ,0.080088 ,0.68 ,
0.230998 ,0.080088 ,0.68 ,
0.230998 ,0.080088 ,0.68 ,
0.230998 ,0.080088 ,0.68 ,
0.230998 ,0.080088 ,0.68 ,
0.230998 ,0.080088 ,0.68 ,
0.230998 ,0.080088 ,0.68 ,
0.230998 ,0.080088 ,0.68 ,
0.230998 ,0.080088 ,0.68 ,
0.230998 ,0.080088 ,0.68 ,
0.230998 ,0.080088 ,0.68 ,
0.230998 ,0.080088 ,0.68 ,
0.230998 ,0.080088 ,0.68 ,
0.230998 ,0.080088 ,0.68 ,
0.230998 ,0.080088 ,0.68 ,
0.230998 ,0.080088 ,0.68 ,
0.230998 ,0.080088 ,0.68 ,
0.230998 ,0.080088 ,0.68 ,
0.230998 ,0.080088 ,0.68 ,
0.230998 ,0.080088 ,0.68 ,
0.230998 ,0.080088 ,0.68 ,
0.230998 ,0.080088 ,0.68 ,
0.230998 ,0.080088 ,0.68 ,
0.230998 ,0.080088 ,0.68 ,
0.230998 ,0.080088 ,0.68 ,
0.230998 ,0.080088 ,0.68 ,
0.230998 ,0.080088 ,0.68 ,
0.230998 ,0.080088 ,0.68 ,
0.230998 ,0.080088 ,0.68 ,
0.230998 ,0.080088 ,0.68 ,
0.230998 ,0.080088 ,0.68 ,
0.230998 ,0.080088 ,0.68 ,
0.230998 ,0.080088 ,0.68 ,
0.230998 ,0.080088 ,0.68 ,
0.230998 ,0.080088 ,0.68 ,
0.230998 ,0.080088 ,0.68 ,
0.230998 ,0.080088 ,0.68 ,
0.230998 ,0.080088 ,0.68 ,
0.230998 ,0.080088 ,0.68 ,
0.230998 ,0.080088 ,0.68 ,
0.230998 ,0.080088 ,0.68 ,
0.230998 ,0.080088 ,0.68 ,
0.230998 ,0.080088 ,0.68 ,
0.230998 ,0.080088 ,0.68 ,
0.230998 ,0.080088 ,0.68 ,
0.230998 ,0.080088 ,0.68 ,
0.230998 ,0.080088 ,0.68 ,
0.230998 ,0.080088 ,0.68 ,
0.230998 ,0.080088 ,0.68 ,
0.230998 ,0.080088 ,0.68 ,
0.230998 ,0.080088 ,0.68 ,
0.230998 ,0.080088 ,0.68 ,
0.230998 ,0.080088 ,0.68 ,
0.230998 ,0.080088 ,0.68 ,
0.230998 ,0.080088 ,0.68 ,
0.230998 ,0.080088 ,0.68 ,
0.230998 ,0.080088 ,0.68 ,
0.230998 ,0.080088 ,0.68 ,
0.230998 ,0.080088 ,0.68 ,
0.230998 ,0.080088 ,0.68 ,
0.230998 ,0.080088 ,0.68 ,
0.230998 ,0.080088 ,0.68 ,
0.230998 ,0.080088 ,0.68 ,
0.230998 ,0.080088 ,0.68 ,
0.230998 ,0.080088 ,0.68 ,
0.230998 ,0.080088 ,0.68 ,
0.230998 ,0.080088 ,0.68 ,
0.230998 ,0.080088 ,0.68 ,
0.230998 ,0.080088 ,0.68 ,
0.230998 ,0.080088 ,0.68 ,
0.230998 ,0.080088 ,0.68 ,
0.230998 ,0.080088 ,0.68 ,
0.230998 ,0.080088 ,0.68 ,
0.230998 ,0.080088 ,0.68 ,
0.230998 ,0.080088 ,0.68 ,
0.230998 ,0.080088 ,0.68 ,
0.230998 ,0.080088 ,0.68 ,
0.230998 ,0.080088 ,0.68 ,
0.230998 ,0.080088 ,0.68 ,
0.230998 ,0.080088 ,0.68 ,
0.230998 ,0.080088 ,0.68 ,
0.230998 ,0.080088 ,0.68 ,
0.230998 ,0.080088 ,0.68 ,
0.230998 ,0.080088 ,0.68 ,
0.230998 ,0.080088 ,0.68 ,
0.230998 ,0.080088 ,0.68 ,
0.230998 ,0.080088 ,0.68 ,
0.230998 ,0.080088 ,0.68 ,
0.230998 ,0.080088 ,0.68 ,
0.230998 ,0.080088 ,0.68 ,
0.230998 ,0.080088 ,0.68 ,
0.230998 ,0.080088 ,0.68 ,
0.230998 ,0.080088 ,0.68 ,
0.230998 ,0.080088 ,0.68 ,
0.230998 ,0.080088 ,0.68 ,
0.230998 ,0.080088 ,0.68 ,
0.230998 ,0.080088 ,0.68 ,
0.230998 ,0.080088 ,0.68 ,
0.230998 ,0.080088 ,0.68 ,
0.230998 ,0.080088 ,0.68 ,
0.230998 ,0.080088 ,0.68 ,
0.230998 ,0.080088 ,0.68 ,
0.230998 ,0.080088 ,0.68 ,
0.230998 ,0.080088 ,0.68 ,
0.230998 ,0.080088 ,0.68 ,
0.230998 ,0.080088 ,0.68 ,
0.230998 ,0.080088 ,0.68 ,
0.230998 ,0.080088 ,0.68 ,
0.230998 ,0.080088 ,0.68 ,
0.230998 ,0.080088 ,0.68 ,
0.230998 ,0.080088 ,0.68 ,
0.230998 ,0.080088 ,0.68 ,
0.230998 ,0.080088 ,0.68 ,
0.230998 ,0.080088 ,0.68 ,
0.230998 ,0.080088 ,0.68 ,
0.230998 ,0.080088 ,0.68 ,
0.230998 ,0.080088 ,0.68 ,
0.230998 ,0.080088 ,0.68 ,
0.230998 ,0.080088 ,0.68 ,
0.230998 ,0.080088 ,0.68 ,
0.230998 ,0.080088 ,0.68 ,
0.230998 ,0.080088 ,0.68 ,
0.230998 ,0.080088 ,0.68 ,
0.230998 ,0.080088 ,0.68 ,
0.230998 ,0.080088 ,0.68 ,
0.230998 ,0.080088 ,0.68 ,
0.230998 ,0.080088 ,0.68 ,
0.230998 ,0.080088 ,0.68 ,
0.230998 ,0.080088 ,0.68 ,
0.230998 ,0.080088 ,0.68 ,
0.230998 ,0.080088 ,0.68 ,
0.230998 ,0.080088 ,0.68 ,
0.230998 ,0.080088 ,0.68 ,
0.230998 ,0.080088 ,0.68 ,
0.230998 ,0.080088 ,0.68 ,
0.230998 ,0.080088 ,0.68 ,
0.230998 ,0.080088 ,0.68 ,
0.230998 ,0.080088 ,0.68 ,
0.231264 ,0.0726923 ,0.68 ,
0.231731 ,0.0596799 ,0.68 ,
0.232188 ,0.0469152 ,0.68 ,
0.232637 ,0.0343967 ,0.68 ,
0.233077 ,0.0221229 ,0.68 ,
0.233508 ,0.0100925 ,0.68 ,
0.23393 ,-0.00169614 ,0.68 ,
0.234344 ,-0.0132443 ,0.68 ,
0.234749 ,-0.0245536 ,0.68 ,
0.235145 ,-0.0356254 ,0.68 ,
0.235533 ,-0.0464612 ,0.68 ,
0.235912 ,-0.0570624 ,0.68 ,
0.236283 ,-0.0674305 ,0.68 ,
0.236646 ,-0.077567 ,0.68 ,
0.237001 ,-0.0874733 ,0.68 ,
0.237347 ,-0.0971509 ,0.68 ,
0.237685 ,-0.106601 ,0.68 ,
0.238016 ,-0.115826 ,0.68 ,
0.238338 ,-0.124826 ,0.68 ,
0.238653 ,-0.133603 ,0.68 ,
0.238959 ,-0.142159 ,0.68 ,
0.239258 ,-0.150495 ,0.68 ,
0.23955 ,-0.158612 ,0.68 ,
0.239833 ,-0.166512 ,0.68 ,
0.239956 ,-0.16992 ,0.68 ,
0.239956 ,-0.16992 ,0.68 ,
0.239956 ,-0.16992 ,0.68 ,
0.239956 ,-0.16992 ,0.68 ,
0.239956 ,-0.16992 ,0.68 ,
0.239956 ,-0.16992 ,0.68 ,
0.239956 ,-0.16992 ,0.68 ,
0.239956 ,-0.16992 ,0.68 ,
0.239956 ,-0.16992 ,0.68 ,
0.239956 ,-0.16992 ,0.68 ,
0.239956 ,-0.16992 ,0.68 ,
0.239956 ,-0.16992 ,0.68 ,
0.239956 ,-0.16992 ,0.68 ,
0.239956 ,-0.16992 ,0.68 ,
0.239956 ,-0.16992 ,0.68 ,
0.239956 ,-0.16992 ,0.68 ,
0.239956 ,-0.16992 ,0.68 ,
0.239956 ,-0.16992 ,0.68 ,
0.239956 ,-0.16992 ,0.68 ,
0.239956 ,-0.16992 ,0.68 ,
0.239956 ,-0.16992 ,0.68 ,
0.239956 ,-0.16992 ,0.68 ,
0.239956 ,-0.16992 ,0.68 ,
0.239956 ,-0.16992 ,0.68 ,
0.239956 ,-0.16992 ,0.68 ,
0.239956 ,-0.16992 ,0.68 ,
0.239956 ,-0.16992 ,0.68 ,
0.239956 ,-0.16992 ,0.68 ,
0.239956 ,-0.16992 ,0.68 ,
0.239956 ,-0.16992 ,0.68 ,
0.239956 ,-0.16992 ,0.68 ,
0.239956 ,-0.16992 ,0.68 ,
0.239956 ,-0.16992 ,0.68 ,
0.239956 ,-0.16992 ,0.68 ,
0.239956 ,-0.16992 ,0.68 ,
0.239956 ,-0.16992 ,0.68 ,
0.239956 ,-0.16992 ,0.68 ,
0.239956 ,-0.16992 ,0.68 ,
0.239956 ,-0.16992 ,0.68 ,
0.239956 ,-0.16992 ,0.68 ,
0.239956 ,-0.16992 ,0.68 ,
0.239956 ,-0.16992 ,0.68 ,
0.239956 ,-0.16992 ,0.68 ,
0.239956 ,-0.16992 ,0.68 ,
0.239956 ,-0.16992 ,0.68 ,
0.239956 ,-0.16992 ,0.68 ,
0.239956 ,-0.16992 ,0.68 ,
0.239956 ,-0.16992 ,0.68 ,
0.239956 ,-0.16992 ,0.68 ,
0.239956 ,-0.16992 ,0.68 ,
0.239956 ,-0.16992 ,0.68 ,
0.239956 ,-0.16992 ,0.68 ,
0.239956 ,-0.16992 ,0.68 ,
0.239956 ,-0.16992 ,0.68 ,
0.239956 ,-0.16992 ,0.68 ,
0.239956 ,-0.16992 ,0.68 ,
0.239956 ,-0.16992 ,0.68 ,
0.239956 ,-0.16992 ,0.68 ,
0.239956 ,-0.16992 ,0.68 ,
0.239956 ,-0.16992 ,0.68 ,
0.239956 ,-0.16992 ,0.68 ,
0.239956 ,-0.16992 ,0.68 ,
0.239956 ,-0.16992 ,0.68 ,
0.239956 ,-0.16992 ,0.68 ,
0.239956 ,-0.16992 ,0.68 ,
0.239956 ,-0.16992 ,0.68 ,
0.239956 ,-0.16992 ,0.68 ,
0.239956 ,-0.16992 ,0.68 ,
0.239956 ,-0.16992 ,0.68 ,
0.239956 ,-0.16992 ,0.68 ,
0.239956 ,-0.16992 ,0.68 ,
0.239956 ,-0.16992 ,0.68 ,
0.239956 ,-0.16992 ,0.68 ,
0.239956 ,-0.16992 ,0.68 ,
0.239956 ,-0.16992 ,0.68 ,
0.239956 ,-0.16992 ,0.68 ,
0.239956 ,-0.16992 ,0.68 ,
0.239956 ,-0.16992 ,0.68 ,
0.239956 ,-0.16992 ,0.68 ,
0.239956 ,-0.16992 ,0.68 ,
0.239956 ,-0.16992 ,0.68 ,
0.239956 ,-0.16992 ,0.68 ,
0.239956 ,-0.16992 ,0.68 ,
0.239956 ,-0.16992 ,0.68 ,
0.239956 ,-0.16992 ,0.68 ,
0.239956 ,-0.16992 ,0.68 ,
0.239956 ,-0.16992 ,0.68 ,
0.239956 ,-0.16992 ,0.68 ,
0.239956 ,-0.16992 ,0.68 ,
0.239956 ,-0.16992 ,0.68 ,
0.239956 ,-0.16992 ,0.68 ,
0.239956 ,-0.16992 ,0.68 ,
0.239956 ,-0.16992 ,0.68 ,
0.239956 ,-0.16992 ,0.68 ,
0.239956 ,-0.16992 ,0.68 ,
0.239956 ,-0.16992 ,0.68 ,
0.239956 ,-0.16992 ,0.68 ,
0.239956 ,-0.16992 ,0.68 ,
0.239956 ,-0.16992 ,0.68 ,
0.239956 ,-0.16992 ,0.68 ,
0.239956 ,-0.16992 ,0.68 ,
0.239956 ,-0.16992 ,0.68 ,
0.239956 ,-0.16992 ,0.68 ,
0.239956 ,-0.16992 ,0.68 ,
0.239956 ,-0.16992 ,0.68 ,
0.239956 ,-0.16992 ,0.68 ,
0.239956 ,-0.16992 ,0.68 ,
0.239956 ,-0.16992 ,0.68 ,
0.239956 ,-0.16992 ,0.68 ,
0.239956 ,-0.16992 ,0.68 ,
0.239956 ,-0.16992 ,0.68 ,
0.239956 ,-0.16992 ,0.68 ,
0.239956 ,-0.16992 ,0.68 ,
0.239956 ,-0.16992 ,0.68 ,
0.239956 ,-0.16992 ,0.68 ,
0.239956 ,-0.16992 ,0.68 ,
0.239956 ,-0.16992 ,0.68 ,
0.239956 ,-0.16992 ,0.68 ,
0.239956 ,-0.16992 ,0.68 ,
0.239956 ,-0.16992 ,0.68 ,
0.239956 ,-0.16992 ,0.68 ,
0.239956 ,-0.16992 ,0.68 ,
0.239956 ,-0.16992 ,0.68 ,
0.239956 ,-0.16992 ,0.68 ,
0.239956 ,-0.16992 ,0.68 ,
0.239956 ,-0.16992 ,0.68 ,
0.239956 ,-0.16992 ,0.68 ,
0.239956 ,-0.16992 ,0.68 ,
0.239956 ,-0.16992 ,0.68 ,
0.239956 ,-0.16992 ,0.68 ,
0.239956 ,-0.16992 ,0.68 ,
0.239956 ,-0.16992 ,0.68 ,
0.239956 ,-0.16992 ,0.68 ,
0.239956 ,-0.16992 ,0.68 ,
0.239956 ,-0.16992 ,0.68 ,
0.239956 ,-0.16992 ,0.68 ,
0.239956 ,-0.16992 ,0.68 ,
0.239956 ,-0.16992 ,0.68 ,
0.239956 ,-0.16992 ,0.68 ,
0.239956 ,-0.16992 ,0.68 ,
0.239956 ,-0.16992 ,0.68 ,
0.239956 ,-0.16992 ,0.68 ,
0.239956 ,-0.16992 ,0.68 ,
0.239956 ,-0.16992 ,0.68 ,
0.239956 ,-0.16992 ,0.68 ,
0.239956 ,-0.16992 ,0.68 ,
0.239956 ,-0.16992 ,0.68 ,
0.239956 ,-0.16992 ,0.68 ,
0.239956 ,-0.16992 ,0.68 ,
0.239956 ,-0.16992 ,0.68 ,
0.239956 ,-0.16992 ,0.68 ,
0.239956 ,-0.16992 ,0.68 ,
0.239956 ,-0.16992 ,0.68 ,
0.239956 ,-0.16992 ,0.68 ,
0.239956 ,-0.16992 ,0.68 ,
0.239956 ,-0.16992 ,0.68 ,
0.239956 ,-0.16992 ,0.68 ,
0.239956 ,-0.16992 ,0.68 ,
0.239956 ,-0.16992 ,0.68 ,
0.239956 ,-0.16992 ,0.68 ,
0.239956 ,-0.16992 ,0.68 ,
0.239956 ,-0.16992 ,0.68 ,
0.239956 ,-0.16992 ,0.68 ,
0.239956 ,-0.16992 ,0.68 ,
0.239956 ,-0.16992 ,0.68 ,
0.239956 ,-0.16992 ,0.68 ,
0.239956 ,-0.16992 ,0.68 ,
0.239956 ,-0.16992 ,0.68 ,
0.239956 ,-0.16992 ,0.68 ,
0.239956 ,-0.16992 ,0.68 ,
0.239956 ,-0.16992 ,0.68 ,
0.239956 ,-0.16992 ,0.68 ,
0.239956 ,-0.16992 ,0.68 ,
0.239956 ,-0.16992 ,0.68 ,
0.239956 ,-0.16992 ,0.68 ,
0.239956 ,-0.16992 ,0.68 ,
0.239956 ,-0.16992 ,0.68 ,
0.239956 ,-0.16992 ,0.68 ,
0.239956 ,-0.16992 ,0.68 ,
0.239956 ,-0.16992 ,0.68 ,
0.239956 ,-0.16992 ,0.68 ,
0.239956 ,-0.16992 ,0.68 ,
0.239956 ,-0.16992 ,0.68 ,
0.239956 ,-0.16992 ,0.68 ,
0.239956 ,-0.16992 ,0.68 ,
0.239956 ,-0.16992 ,0.68 ,
0.239956 ,-0.16992 ,0.68 ,
0.239956 ,-0.16992 ,0.68 ,
0.239956 ,-0.16992 ,0.68 ,
0.239956 ,-0.16992 ,0.68 ,
0.239956 ,-0.16992 ,0.68 ,
0.239956 ,-0.16992 ,0.68 ,
0.239956 ,-0.16992 ,0.68 ,
0.239956 ,-0.16992 ,0.68 ,
0.239956 ,-0.16992 ,0.68 ,
0.239956 ,-0.16992 ,0.68 ,
0.239956 ,-0.16992 ,0.68 ,
0.239956 ,-0.16992 ,0.68 ,
0.239956 ,-0.16992 ,0.68 ,
0.239956 ,-0.16992 ,0.68 ,
0.239956 ,-0.16992 ,0.68 ,
0.239956 ,-0.16992 ,0.68 ,
0.239956 ,-0.16992 ,0.68 ,
0.239956 ,-0.16992 ,0.68 ,
0.239956 ,-0.16992 ,0.68 ,
0.239956 ,-0.16992 ,0.68 ,
0.239956 ,-0.16992 ,0.68 ,
0.239956 ,-0.16992 ,0.68 ,
0.239956 ,-0.16992 ,0.68 ,
0.239956 ,-0.16992 ,0.68 ,
0.239956 ,-0.16992 ,0.68 ,
0.239956 ,-0.16992 ,0.68 ,
0.239956 ,-0.16992 ,0.68 ,
0.239956 ,-0.16992 ,0.68 ,
0.239956 ,-0.16992 ,0.68 ,
0.239956 ,-0.16992 ,0.68 ,
0.245914 ,-0.165531 ,0.68 ,
0.256397 ,-0.157808 ,0.68 ,
0.26668 ,-0.150232 ,0.68 ,
0.276765 ,-0.142802 ,0.68 ,
0.286653 ,-0.135517 ,0.68 ,
0.296345 ,-0.128376 ,0.68 ,
0.305842 ,-0.121379 ,0.68 ,
0.315145 ,-0.114524 ,0.68 ,
0.324256 ,-0.107812 ,0.68 ,
0.333175 ,-0.10124 ,0.68 ,
0.341904 ,-0.0948079 ,0.68 ,
0.350444 ,-0.0885152 ,0.68 ,
0.358797 ,-0.082361 ,0.68 ,
0.366962 ,-0.0763442 ,0.68 ,
0.374943 ,-0.0704641 ,0.68 ,
0.382739 ,-0.0647198 ,0.68 ,
0.390352 ,-0.0591104 ,0.68 ,
0.397783 ,-0.0536351 ,0.68 ,
0.405034 ,-0.048293 ,0.68 ,
0.412105 ,-0.0430834 ,0.68 ,
0.418997 ,-0.0380053 ,0.68 ,
0.425713 ,-0.0330579 ,0.68 ,
0.432252 ,-0.0282403 ,0.68 ,
0.438617 ,-0.0235517 ,0.68 ,
0.441362 ,-0.0215293 ,0.68 ,
0.441362 ,-0.0215293 ,0.68 ,
0.441362 ,-0.0215293 ,0.68 ,
0.441362 ,-0.0215293 ,0.68 ,
0.441362 ,-0.0215293 ,0.68 ,
0.441362 ,-0.0215293 ,0.68 ,
0.441362 ,-0.0215293 ,0.68 ,
0.441362 ,-0.0215293 ,0.68 ,
0.441362 ,-0.0215293 ,0.68 ,
0.441362 ,-0.0215293 ,0.68 ,
0.441362 ,-0.0215293 ,0.68 ,
0.441362 ,-0.0215293 ,0.68 ,
0.441362 ,-0.0215293 ,0.68 ,
0.441362 ,-0.0215293 ,0.68 ,
0.441362 ,-0.0215293 ,0.68 ,
0.441362 ,-0.0215293 ,0.68 ,
0.441362 ,-0.0215293 ,0.68 ,
0.441362 ,-0.0215293 ,0.68 ,
0.441362 ,-0.0215293 ,0.68 ,
0.441362 ,-0.0215293 ,0.68 ,
0.441362 ,-0.0215293 ,0.68 ,
0.441362 ,-0.0215293 ,0.68 ,
0.441362 ,-0.0215293 ,0.68 ,
0.441362 ,-0.0215293 ,0.68 ,
0.441362 ,-0.0215293 ,0.68 ,
0.441362 ,-0.0215293 ,0.68 ,
0.441362 ,-0.0215293 ,0.68 ,
0.441362 ,-0.0215293 ,0.68 ,
0.441362 ,-0.0215293 ,0.68 ,
0.441362 ,-0.0215293 ,0.68 ,
0.441362 ,-0.0215293 ,0.68 ,
0.441362 ,-0.0215293 ,0.68 ,
0.441362 ,-0.0215293 ,0.68 ,
0.441362 ,-0.0215293 ,0.68 ,
0.441362 ,-0.0215293 ,0.68 ,
0.441362 ,-0.0215293 ,0.68 ,
0.441362 ,-0.0215293 ,0.68 ,
0.441362 ,-0.0215293 ,0.68 ,
0.441362 ,-0.0215293 ,0.68 ,
0.441362 ,-0.0215293 ,0.68 ,
0.441362 ,-0.0215293 ,0.68 ,
0.441362 ,-0.0215293 ,0.68 ,
0.441362 ,-0.0215293 ,0.68 ,
0.441362 ,-0.0215293 ,0.68 ,
0.441362 ,-0.0215293 ,0.68 ,
0.441362 ,-0.0215293 ,0.68 ,
0.441362 ,-0.0215293 ,0.68 ,
0.441362 ,-0.0215293 ,0.68 ,
0.441362 ,-0.0215293 ,0.68 ,
0.441362 ,-0.0215293 ,0.68 ,
0.441362 ,-0.0215293 ,0.68 ,
0.441362 ,-0.0215293 ,0.68 ,
0.441362 ,-0.0215293 ,0.68 ,
0.441362 ,-0.0215293 ,0.68 ,
0.441362 ,-0.0215293 ,0.68 ,
0.441362 ,-0.0215293 ,0.68 ,
0.441362 ,-0.0215293 ,0.68 ,
0.441362 ,-0.0215293 ,0.68 ,
0.441362 ,-0.0215293 ,0.68 ,
0.441362 ,-0.0215293 ,0.68 ,
0.441362 ,-0.0215293 ,0.68 ,
0.441362 ,-0.0215293 ,0.68 ,
0.441362 ,-0.0215293 ,0.68 ,
0.441362 ,-0.0215293 ,0.68 ,
0.441362 ,-0.0215293 ,0.68 ,
0.441362 ,-0.0215293 ,0.68 ,
0.441362 ,-0.0215293 ,0.68 ,
0.441362 ,-0.0215293 ,0.68 ,
0.441362 ,-0.0215293 ,0.68 ,
0.441362 ,-0.0215293 ,0.68 ,
0.441362 ,-0.0215293 ,0.68 ,
0.441362 ,-0.0215293 ,0.68 ,
0.441362 ,-0.0215293 ,0.68 ,
0.441362 ,-0.0215293 ,0.68 ,
0.441362 ,-0.0215293 ,0.68 ,
0.441362 ,-0.0215293 ,0.68 ,
0.441362 ,-0.0215293 ,0.68 ,
0.441362 ,-0.0215293 ,0.68 ,
0.441362 ,-0.0215293 ,0.68 ,
0.441362 ,-0.0215293 ,0.68 ,
0.441362 ,-0.0215293 ,0.68 ,
0.441362 ,-0.0215293 ,0.68 ,
0.441362 ,-0.0215293 ,0.68 ,
0.441362 ,-0.0215293 ,0.68 ,
0.441362 ,-0.0215293 ,0.68 ,
0.441362 ,-0.0215293 ,0.68 ,
0.441362 ,-0.0215293 ,0.68 ,
0.441362 ,-0.0215293 ,0.68 ,
0.441362 ,-0.0215293 ,0.68 ,
0.441362 ,-0.0215293 ,0.68 ,
0.441362 ,-0.0215293 ,0.68 ,
0.441362 ,-0.0215293 ,0.68 ,
0.441362 ,-0.0215293 ,0.68 ,
0.441362 ,-0.0215293 ,0.68 ,
0.441362 ,-0.0215293 ,0.68 ,
0.441362 ,-0.0215293 ,0.68 ,
0.441362 ,-0.0215293 ,0.68 ,
0.441362 ,-0.0215293 ,0.68 ,
0.441362 ,-0.0215293 ,0.68 ,
0.441362 ,-0.0215293 ,0.68 ,
0.441362 ,-0.0215293 ,0.68 ,
0.441362 ,-0.0215293 ,0.68 ,
0.441362 ,-0.0215293 ,0.68 ,
0.441362 ,-0.0215293 ,0.68 ,
0.441362 ,-0.0215293 ,0.68 ,
0.441362 ,-0.0215293 ,0.68 ,
0.441362 ,-0.0215293 ,0.68 ,
0.441362 ,-0.0215293 ,0.68 ,
0.441362 ,-0.0215293 ,0.68 ,
0.441362 ,-0.0215293 ,0.68 ,
0.441362 ,-0.0215293 ,0.68 ,
0.441362 ,-0.0215293 ,0.68 ,
0.441362 ,-0.0215293 ,0.68 ,
0.441362 ,-0.0215293 ,0.68 ,
0.441362 ,-0.0215293 ,0.68 ,
0.441362 ,-0.0215293 ,0.68 ,
0.441362 ,-0.0215293 ,0.68 ,
0.441362 ,-0.0215293 ,0.68 ,
0.441362 ,-0.0215293 ,0.68 ,
0.441362 ,-0.0215293 ,0.68 ,
0.441362 ,-0.0215293 ,0.68 ,
0.441362 ,-0.0215293 ,0.68 ,
0.441362 ,-0.0215293 ,0.68 ,
0.441362 ,-0.0215293 ,0.68 ,
0.441362 ,-0.0215293 ,0.68 ,
0.441362 ,-0.0215293 ,0.68 ,
0.441362 ,-0.0215293 ,0.68 ,
0.441362 ,-0.0215293 ,0.68 ,
0.441362 ,-0.0215293 ,0.68 ,
0.441362 ,-0.0215293 ,0.68 ,
0.441362 ,-0.0215293 ,0.68 ,
0.441362 ,-0.0215293 ,0.68 ,
0.441362 ,-0.0215293 ,0.68 ,
0.441362 ,-0.0215293 ,0.68 ,
0.441362 ,-0.0215293 ,0.68 ,
0.441362 ,-0.0215293 ,0.68 ,
0.441362 ,-0.0215293 ,0.68 ,
0.441362 ,-0.0215293 ,0.68 ,
0.441362 ,-0.0215293 ,0.68 ,
0.441362 ,-0.0215293 ,0.68 ,
0.441362 ,-0.0215293 ,0.68 ,
0.441362 ,-0.0215293 ,0.68 ,
0.441362 ,-0.0215293 ,0.68 ,
0.441362 ,-0.0215293 ,0.68 ,
0.441362 ,-0.0215293 ,0.68 ,
0.441362 ,-0.0215293 ,0.68 ,
0.441362 ,-0.0215293 ,0.68 ,
0.441362 ,-0.0215293 ,0.68 ,
0.441362 ,-0.0215293 ,0.68 ,
0.441362 ,-0.0215293 ,0.68 ,
0.441362 ,-0.0215293 ,0.68 ,
0.441362 ,-0.0215293 ,0.68 ,
0.441362 ,-0.0215293 ,0.68 ,
0.441362 ,-0.0215293 ,0.68 ,
0.441362 ,-0.0215293 ,0.68 ,
0.441362 ,-0.0215293 ,0.68 ,
0.441362 ,-0.0215293 ,0.68 ,
0.441362 ,-0.0215293 ,0.68 ,
0.441362 ,-0.0215293 ,0.68 ,
0.441362 ,-0.0215293 ,0.68 ,
0.441362 ,-0.0215293 ,0.68 ,
0.441362 ,-0.0215293 ,0.68 ,
0.441362 ,-0.0215293 ,0.68 ,
0.441362 ,-0.0215293 ,0.68 ,
0.441362 ,-0.0215293 ,0.68 ,
0.441362 ,-0.0215293 ,0.68 ,
0.441362 ,-0.0215293 ,0.68 ,
0.441362 ,-0.0215293 ,0.68 ,
0.441362 ,-0.0215293 ,0.68 ,
0.441362 ,-0.0215293 ,0.68 ,
0.441362 ,-0.0215293 ,0.68 ,
0.441362 ,-0.0215293 ,0.68 ,
0.441362 ,-0.0215293 ,0.68 ,
0.441362 ,-0.0215293 ,0.68 ,
0.441362 ,-0.0215293 ,0.68 ,
0.441362 ,-0.0215293 ,0.68 ,
0.441362 ,-0.0215293 ,0.68 ,
0.441362 ,-0.0215293 ,0.68 ,
0.441362 ,-0.0215293 ,0.68 ,
0.441362 ,-0.0215293 ,0.68 ,
0.441362 ,-0.0215293 ,0.68 ,
0.441362 ,-0.0215293 ,0.68 ,
0.441362 ,-0.0215293 ,0.68 ,
0.441362 ,-0.0215293 ,0.68 ,
0.441362 ,-0.0215293 ,0.68 ,
0.441362 ,-0.0215293 ,0.68 ,
0.441362 ,-0.0215293 ,0.68 ,
0.441362 ,-0.0215293 ,0.68 ,
0.441362 ,-0.0215293 ,0.68 ,
0.441362 ,-0.0215293 ,0.68 ,
0.441362 ,-0.0215293 ,0.68 ,
0.441362 ,-0.0215293 ,0.68 ,
0.441362 ,-0.0215293 ,0.68 ,
0.441362 ,-0.0215293 ,0.68 ,
0.441362 ,-0.0215293 ,0.68 ,
0.441362 ,-0.0215293 ,0.68 ,
0.441362 ,-0.0215293 ,0.68 ,
0.441362 ,-0.0215293 ,0.68 ,
0.441362 ,-0.0215293 ,0.68 ,
0.441362 ,-0.0215293 ,0.68 ,
0.441362 ,-0.0215293 ,0.68 ,
0.441362 ,-0.0215293 ,0.68 ,
0.441362 ,-0.0215293 ,0.68 ,
0.441362 ,-0.0215293 ,0.68 ,
0.441362 ,-0.0215293 ,0.68 ,
0.441362 ,-0.0215293 ,0.68 ,
0.441362 ,-0.0215293 ,0.68 ,
0.441362 ,-0.0215293 ,0.68 ,
0.441362 ,-0.0215293 ,0.68 ,
0.441362 ,-0.0215293 ,0.68 ,
0.441362 ,-0.0215293 ,0.68 ,
0.441362 ,-0.0215293 ,0.68 ,
0.441362 ,-0.0215293 ,0.68 ,
0.441362 ,-0.0215293 ,0.68 ,
0.441362 ,-0.0215293 ,0.68 ,
0.441362 ,-0.0215293 ,0.68 ,
0.43943 ,-0.0286731 ,0.68 ,
0.436031 ,-0.0412423 ,0.68 ,
0.432696 ,-0.0535723 ,0.68 ,
0.429425 ,-0.0656643 ,0.68 ,
0.426218 ,-0.0775199 ,0.68 ,
0.423075 ,-0.0891404 ,0.68 ,
0.419994 ,-0.100527 ,0.68 ,
0.416977 ,-0.111682 ,0.68 ,
0.414021 ,-0.122606 ,0.68 ,
0.411128 ,-0.1333 ,0.68 ,
0.408296 ,-0.143766 ,0.68 ,
0.405526 ,-0.154006 ,0.68 ,
0.402817 ,-0.164021 ,0.68 ,
0.400168 ,-0.173812 ,0.68 ,
0.397579 ,-0.183381 ,0.68 ,
0.39505 ,-0.192728 ,0.68 ,
0.39258 ,-0.201856 ,0.68 ,
0.39017 ,-0.210767 ,0.68 ,
0.387818 ,-0.21946 ,0.68 ,
0.385525 ,-0.227938 ,0.68 ,
0.383289 ,-0.236203 ,0.68 ,
0.381111 ,-0.244254 ,0.68 ,
0.378991 ,-0.252095 ,0.68 ,
0.376927 ,-0.259727 ,0.68 ,
0.376037 ,-0.263018 ,0.68 ,
0.376037 ,-0.263018 ,0.68 ,
0.376037 ,-0.263018 ,0.68 ,
0.376037 ,-0.263018 ,0.68 ,
0.376037 ,-0.263018 ,0.68 ,
0.376037 ,-0.263018 ,0.68 ,
0.376037 ,-0.263018 ,0.68 ,
0.376037 ,-0.263018 ,0.68 ,
0.376037 ,-0.263018 ,0.68 ,
0.376037 ,-0.263018 ,0.68 ,
0.376037 ,-0.263018 ,0.68 ,
0.376037 ,-0.263018 ,0.68 ,
0.376037 ,-0.263018 ,0.68 ,
0.376037 ,-0.263018 ,0.68 ,
0.376037 ,-0.263018 ,0.68 ,
0.376037 ,-0.263018 ,0.68 ,
0.376037 ,-0.263018 ,0.68 ,
0.376037 ,-0.263018 ,0.68 ,
0.376037 ,-0.263018 ,0.68 ,
0.376037 ,-0.263018 ,0.68 ,
0.376037 ,-0.263018 ,0.68 ,
0.376037 ,-0.263018 ,0.68 ,
0.376037 ,-0.263018 ,0.68 ,
0.376037 ,-0.263018 ,0.68 ,
0.376037 ,-0.263018 ,0.68 ,
0.376037 ,-0.263018 ,0.68 ,
0.376037 ,-0.263018 ,0.68 ,
0.376037 ,-0.263018 ,0.68 ,
0.376037 ,-0.263018 ,0.68 ,
0.376037 ,-0.263018 ,0.68 ,
0.376037 ,-0.263018 ,0.68 ,
0.376037 ,-0.263018 ,0.68 ,
0.376037 ,-0.263018 ,0.68 ,
0.376037 ,-0.263018 ,0.68 ,
0.376037 ,-0.263018 ,0.68 ,
0.376037 ,-0.263018 ,0.68 ,
0.376037 ,-0.263018 ,0.68 ,
0.376037 ,-0.263018 ,0.68 ,
0.376037 ,-0.263018 ,0.68 ,
0.376037 ,-0.263018 ,0.68 ,
0.376037 ,-0.263018 ,0.68 ,
0.376037 ,-0.263018 ,0.68 ,
0.376037 ,-0.263018 ,0.68 ,
0.376037 ,-0.263018 ,0.68 ,
0.376037 ,-0.263018 ,0.68 ,
0.376037 ,-0.263018 ,0.68 ,
0.376037 ,-0.263018 ,0.68 ,
0.376037 ,-0.263018 ,0.68 ,
0.376037 ,-0.263018 ,0.68 ,
0.376037 ,-0.263018 ,0.68 ,
0.376037 ,-0.263018 ,0.68 ,
0.376037 ,-0.263018 ,0.68 ,
0.376037 ,-0.263018 ,0.68 ,
0.376037 ,-0.263018 ,0.68 ,
0.376037 ,-0.263018 ,0.68 ,
0.376037 ,-0.263018 ,0.68 ,
0.376037 ,-0.263018 ,0.68 ,
0.376037 ,-0.263018 ,0.68 ,
0.376037 ,-0.263018 ,0.68 ,
0.376037 ,-0.263018 ,0.68 ,
0.376037 ,-0.263018 ,0.68 ,
0.376037 ,-0.263018 ,0.68 ,
0.376037 ,-0.263018 ,0.68 ,
0.376037 ,-0.263018 ,0.68 ,
0.376037 ,-0.263018 ,0.68 ,
0.376037 ,-0.263018 ,0.68 ,
0.376037 ,-0.263018 ,0.68 ,
0.376037 ,-0.263018 ,0.68 ,
0.376037 ,-0.263018 ,0.68 ,
0.376037 ,-0.263018 ,0.68 ,
0.376037 ,-0.263018 ,0.68 ,
0.376037 ,-0.263018 ,0.68 ,
0.376037 ,-0.263018 ,0.68 ,
0.376037 ,-0.263018 ,0.68 ,
0.376037 ,-0.263018 ,0.68 ,
0.376037 ,-0.263018 ,0.68 ,
0.376037 ,-0.263018 ,0.68 ,
0.376037 ,-0.263018 ,0.68 ,
0.376037 ,-0.263018 ,0.68 ,
0.376037 ,-0.263018 ,0.68 ,
0.376037 ,-0.263018 ,0.68 ,
0.376037 ,-0.263018 ,0.68 ,
0.376037 ,-0.263018 ,0.68 ,
0.376037 ,-0.263018 ,0.68 ,
0.376037 ,-0.263018 ,0.68 ,
0.376037 ,-0.263018 ,0.68 ,
0.376037 ,-0.263018 ,0.68 ,
0.376037 ,-0.263018 ,0.68 ,
0.376037 ,-0.263018 ,0.68 ,
0.376037 ,-0.263018 ,0.68 ,
0.376037 ,-0.263018 ,0.68 ,
0.376037 ,-0.263018 ,0.68 ,
0.376037 ,-0.263018 ,0.68 ,
0.376037 ,-0.263018 ,0.68 ,
0.376037 ,-0.263018 ,0.68 ,
0.376037 ,-0.263018 ,0.68 ,
0.376037 ,-0.263018 ,0.68 ,
0.376037 ,-0.263018 ,0.68 ,
0.376037 ,-0.263018 ,0.68 ,
0.376037 ,-0.263018 ,0.68 ,
0.376037 ,-0.263018 ,0.68 ,
0.376037 ,-0.263018 ,0.68 ,
0.376037 ,-0.263018 ,0.68 ,
0.376037 ,-0.263018 ,0.68 ,
0.376037 ,-0.263018 ,0.68 ,
0.376037 ,-0.263018 ,0.68 ,
0.376037 ,-0.263018 ,0.68 ,
0.376037 ,-0.263018 ,0.68 ,
0.376037 ,-0.263018 ,0.68 ,
0.376037 ,-0.263018 ,0.68 ,
0.376037 ,-0.263018 ,0.68 ,
0.376037 ,-0.263018 ,0.68 ,
0.376037 ,-0.263018 ,0.68 ,
0.376037 ,-0.263018 ,0.68 ,
0.376037 ,-0.263018 ,0.68 ,
0.376037 ,-0.263018 ,0.68 ,
0.376037 ,-0.263018 ,0.68 ,
0.376037 ,-0.263018 ,0.68 ,
0.376037 ,-0.263018 ,0.68 ,
0.376037 ,-0.263018 ,0.68 ,
0.376037 ,-0.263018 ,0.68 ,
0.376037 ,-0.263018 ,0.68 ,
0.376037 ,-0.263018 ,0.68 ,
0.376037 ,-0.263018 ,0.68 ,
0.376037 ,-0.263018 ,0.68 ,
0.376037 ,-0.263018 ,0.68 ,
0.376037 ,-0.263018 ,0.68 ,
0.376037 ,-0.263018 ,0.68 ,
0.376037 ,-0.263018 ,0.68 ,
0.376037 ,-0.263018 ,0.68 ,
0.376037 ,-0.263018 ,0.68 ,
0.376037 ,-0.263018 ,0.68 ,
0.376037 ,-0.263018 ,0.68 ,
0.376037 ,-0.263018 ,0.68 ,
0.376037 ,-0.263018 ,0.68 ,
0.376037 ,-0.263018 ,0.68 ,
0.376037 ,-0.263018 ,0.68 ,
0.376037 ,-0.263018 ,0.68 ,
0.376037 ,-0.263018 ,0.68 ,
0.376037 ,-0.263018 ,0.68 ,
0.376037 ,-0.263018 ,0.68 ,
0.376037 ,-0.263018 ,0.68 ,
0.376037 ,-0.263018 ,0.68 ,
0.376037 ,-0.263018 ,0.68 ,
0.376037 ,-0.263018 ,0.68 ,
0.376037 ,-0.263018 ,0.68 ,
0.376037 ,-0.263018 ,0.68 ,
0.376037 ,-0.263018 ,0.68 ,
0.376037 ,-0.263018 ,0.68 ,
0.376037 ,-0.263018 ,0.68 ,
0.376037 ,-0.263018 ,0.68 ,
0.376037 ,-0.263018 ,0.68 ,
0.376037 ,-0.263018 ,0.68 ,
0.376037 ,-0.263018 ,0.68 ,
0.376037 ,-0.263018 ,0.68 ,
0.376037 ,-0.263018 ,0.68 ,
0.376037 ,-0.263018 ,0.68 ,
0.376037 ,-0.263018 ,0.68 ,
0.376037 ,-0.263018 ,0.68 ,
0.376037 ,-0.263018 ,0.68 ,
0.376037 ,-0.263018 ,0.68 ,
0.376037 ,-0.263018 ,0.68 ,
0.376037 ,-0.263018 ,0.68 ,
0.376037 ,-0.263018 ,0.68 ,
0.376037 ,-0.263018 ,0.68 ,
0.376037 ,-0.263018 ,0.68 ,
0.376037 ,-0.263018 ,0.68 ,
0.376037 ,-0.263018 ,0.68 ,
0.376037 ,-0.263018 ,0.68 ,
0.376037 ,-0.263018 ,0.68 ,
0.376037 ,-0.263018 ,0.68 ,
0.376037 ,-0.263018 ,0.68 ,
0.376037 ,-0.263018 ,0.68 ,
0.376037 ,-0.263018 ,0.68 ,
0.376037 ,-0.263018 ,0.68 ,
0.376037 ,-0.263018 ,0.68 ,
0.376037 ,-0.263018 ,0.68 ,
0.376037 ,-0.263018 ,0.68 ,
0.376037 ,-0.263018 ,0.68 ,
0.376037 ,-0.263018 ,0.68 ,
0.376037 ,-0.263018 ,0.68 ,
0.376037 ,-0.263018 ,0.68 ,
0.376037 ,-0.263018 ,0.68 ,
0.376037 ,-0.263018 ,0.68 ,
0.376037 ,-0.263018 ,0.68 ,
0.376037 ,-0.263018 ,0.68 ,
0.376037 ,-0.263018 ,0.68 ,
0.376037 ,-0.263018 ,0.68 ,
0.376037 ,-0.263018 ,0.68 ,
0.376037 ,-0.263018 ,0.68 ,
0.376037 ,-0.263018 ,0.68 ,
0.376037 ,-0.263018 ,0.68 ,
0.376037 ,-0.263018 ,0.68 ,
0.376037 ,-0.263018 ,0.68 ,
0.376037 ,-0.263018 ,0.68 ,
0.376037 ,-0.263018 ,0.68 ,
0.376037 ,-0.263018 ,0.68 ,
0.376037 ,-0.263018 ,0.68 ,
0.376037 ,-0.263018 ,0.68 ,
0.376037 ,-0.263018 ,0.68 ,
0.376037 ,-0.263018 ,0.68 ,
0.376037 ,-0.263018 ,0.68 ,
0.376037 ,-0.263018 ,0.68 ,
0.376037 ,-0.263018 ,0.68 ,
0.376037 ,-0.263018 ,0.68 ,
0.376037 ,-0.263018 ,0.68 ,
0.376037 ,-0.263018 ,0.68 ,
0.376037 ,-0.263018 ,0.68 ,
0.376037 ,-0.263018 ,0.68 ,
0.376037 ,-0.263018 ,0.68 ,
0.376037 ,-0.263018 ,0.68 ,
0.376037 ,-0.263018 ,0.68 ,
0.376037 ,-0.263018 ,0.68 ,
0.376037 ,-0.263018 ,0.68 ,
0.376037 ,-0.263018 ,0.68 ,
0.376037 ,-0.263018 ,0.68 ,
0.383026 ,-0.260586 ,0.68 ,
0.395324 ,-0.256306 ,0.68 ,
0.407387 ,-0.252107 ,0.68 ,
0.419217 ,-0.247989 ,0.68 ,
0.430816 ,-0.243951 ,0.68 ,
0.442185 ,-0.239994 ,0.68 ,
0.453325 ,-0.236116 ,0.68 ,
0.464239 ,-0.232317 ,0.68 ,
0.474926 ,-0.228596 ,0.68 ,
0.485389 ,-0.224954 ,0.68 ,
0.495629 ,-0.221389 ,0.68 ,
0.505648 ,-0.217901 ,0.68 ,
0.515446 ,-0.21449 ,0.68 ,
0.525025 ,-0.211155 ,0.68 ,
0.534386 ,-0.207896 ,0.68 ,
0.543532 ,-0.204712 ,0.68 ,
0.552463 ,-0.201603 ,0.68 ,
0.56118 ,-0.198568 ,0.68 ,
0.569685 ,-0.195607 ,0.68 ,
0.57798 ,-0.19272 ,0.68 ,
0.586066 ,-0.189906 ,0.68 ,
0.593943 ,-0.187164 ,0.68 ,
0.601614 ,-0.184494 ,0.68 ,
0.60908 ,-0.181896 ,0.68 ,
0.612301 ,-0.180775 ,0.68 ,
0.612301 ,-0.180775 ,0.68 ,
0.612301 ,-0.180775 ,0.68 ,
0.612301 ,-0.180775 ,0.68 ,
0.612301 ,-0.180775 ,0.68 ,
0.612301 ,-0.180775 ,0.68 ,
0.612301 ,-0.180775 ,0.68 ,
0.612301 ,-0.180775 ,0.68 ,
0.612301 ,-0.180775 ,0.68 ,
0.612301 ,-0.180775 ,0.68 ,
0.612301 ,-0.180775 ,0.68 ,
0.612301 ,-0.180775 ,0.68 ,
0.612301 ,-0.180775 ,0.68 ,
0.612301 ,-0.180775 ,0.68 ,
0.612301 ,-0.180775 ,0.68 ,
0.612301 ,-0.180775 ,0.68 ,
0.612301 ,-0.180775 ,0.68 ,
0.612301 ,-0.180775 ,0.68 ,
0.612301 ,-0.180775 ,0.68 ,
0.612301 ,-0.180775 ,0.68 ,
0.612301 ,-0.180775 ,0.68 ,
0.612301 ,-0.180775 ,0.68 ,
0.612301 ,-0.180775 ,0.68 ,
0.612301 ,-0.180775 ,0.68 ,
0.612301 ,-0.180775 ,0.68 ,
0.612301 ,-0.180775 ,0.68 ,
0.612301 ,-0.180775 ,0.68 ,
0.612301 ,-0.180775 ,0.68 ,
0.612301 ,-0.180775 ,0.68 ,
0.612301 ,-0.180775 ,0.68 ,
0.612301 ,-0.180775 ,0.68 ,
0.612301 ,-0.180775 ,0.68 ,
0.612301 ,-0.180775 ,0.68 ,
0.612301 ,-0.180775 ,0.68 ,
0.612301 ,-0.180775 ,0.68 ,
0.612301 ,-0.180775 ,0.68 ,
0.612301 ,-0.180775 ,0.68 ,
0.612301 ,-0.180775 ,0.68 ,
0.612301 ,-0.180775 ,0.68 ,
0.612301 ,-0.180775 ,0.68 ,
0.612301 ,-0.180775 ,0.68 ,
0.612301 ,-0.180775 ,0.68 ,
0.612301 ,-0.180775 ,0.68 ,
0.612301 ,-0.180775 ,0.68 ,
0.612301 ,-0.180775 ,0.68 ,
0.612301 ,-0.180775 ,0.68 ,
0.612301 ,-0.180775 ,0.68 ,
0.612301 ,-0.180775 ,0.68 ,
0.612301 ,-0.180775 ,0.68 ,
0.612301 ,-0.180775 ,0.68 ,
0.612301 ,-0.180775 ,0.68 ,
0.612301 ,-0.180775 ,0.68 ,
0.612301 ,-0.180775 ,0.68 ,
0.612301 ,-0.180775 ,0.68 ,
0.612301 ,-0.180775 ,0.68 ,
0.612301 ,-0.180775 ,0.68 ,
0.612301 ,-0.180775 ,0.68 ,
0.612301 ,-0.180775 ,0.68 ,
0.612301 ,-0.180775 ,0.68 ,
0.612301 ,-0.180775 ,0.68 ,
0.612301 ,-0.180775 ,0.68 ,
0.612301 ,-0.180775 ,0.68 ,
0.612301 ,-0.180775 ,0.68 ,
0.612301 ,-0.180775 ,0.68 ,
0.612301 ,-0.180775 ,0.68 ,
0.612301 ,-0.180775 ,0.68 ,
0.612301 ,-0.180775 ,0.68 ,
0.612301 ,-0.180775 ,0.68 ,
0.612301 ,-0.180775 ,0.68 ,
0.612301 ,-0.180775 ,0.68 ,
0.612301 ,-0.180775 ,0.68 ,
0.612301 ,-0.180775 ,0.68 ,
0.612301 ,-0.180775 ,0.68 ,
0.612301 ,-0.180775 ,0.68 ,
0.612301 ,-0.180775 ,0.68 ,
0.612301 ,-0.180775 ,0.68 ,
0.612301 ,-0.180775 ,0.68 ,
0.612301 ,-0.180775 ,0.68 ,
0.612301 ,-0.180775 ,0.68 ,
0.612301 ,-0.180775 ,0.68 ,
0.612301 ,-0.180775 ,0.68 ,
0.612301 ,-0.180775 ,0.68 ,
0.612301 ,-0.180775 ,0.68 ,
0.612301 ,-0.180775 ,0.68 ,
0.612301 ,-0.180775 ,0.68 ,
0.612301 ,-0.180775 ,0.68 ,
0.612301 ,-0.180775 ,0.68 ,
0.612301 ,-0.180775 ,0.68 ,
0.612301 ,-0.180775 ,0.68 ,
0.612301 ,-0.180775 ,0.68 ,
0.612301 ,-0.180775 ,0.68 ,
0.612301 ,-0.180775 ,0.68 ,
0.612301 ,-0.180775 ,0.68 ,
0.612301 ,-0.180775 ,0.68 ,
0.612301 ,-0.180775 ,0.68 ,
0.612301 ,-0.180775 ,0.68 ,
0.612301 ,-0.180775 ,0.68 ,
0.612301 ,-0.180775 ,0.68 ,
0.612301 ,-0.180775 ,0.68 ,
0.612301 ,-0.180775 ,0.68 ,
0.612301 ,-0.180775 ,0.68 ,
0.612301 ,-0.180775 ,0.68 ,
0.612301 ,-0.180775 ,0.68 ,
0.612301 ,-0.180775 ,0.68 ,
0.612301 ,-0.180775 ,0.68 ,
0.612301 ,-0.180775 ,0.68 ,
0.612301 ,-0.180775 ,0.68 ,
0.612301 ,-0.180775 ,0.68 ,
0.612301 ,-0.180775 ,0.68 ,
0.612301 ,-0.180775 ,0.68 ,
0.612301 ,-0.180775 ,0.68 ,
0.612301 ,-0.180775 ,0.68 ,
0.612301 ,-0.180775 ,0.68 ,
0.612301 ,-0.180775 ,0.68 ,
0.612301 ,-0.180775 ,0.68 ,
0.612301 ,-0.180775 ,0.68 ,
0.612301 ,-0.180775 ,0.68 ,
0.612301 ,-0.180775 ,0.68 ,
0.612301 ,-0.180775 ,0.68 ,
0.612301 ,-0.180775 ,0.68 ,
0.612301 ,-0.180775 ,0.68 ,
0.612301 ,-0.180775 ,0.68 ,
0.612301 ,-0.180775 ,0.68 ,
0.612301 ,-0.180775 ,0.68 ,
0.612301 ,-0.180775 ,0.68 ,
0.612301 ,-0.180775 ,0.68 ,
0.612301 ,-0.180775 ,0.68 ,
0.612301 ,-0.180775 ,0.68 ,
0.612301 ,-0.180775 ,0.68 ,
0.612301 ,-0.180775 ,0.68 ,
0.612301 ,-0.180775 ,0.68 ,
0.612301 ,-0.180775 ,0.68 ,
0.612301 ,-0.180775 ,0.68 ,
0.612301 ,-0.180775 ,0.68 ,
0.612301 ,-0.180775 ,0.68 ,
0.612301 ,-0.180775 ,0.68 ,
0.612301 ,-0.180775 ,0.68 ,
0.612301 ,-0.180775 ,0.68 ,
0.612301 ,-0.180775 ,0.68 ,
0.612301 ,-0.180775 ,0.68 ,
0.612301 ,-0.180775 ,0.68 ,
0.612301 ,-0.180775 ,0.68 ,
0.612301 ,-0.180775 ,0.68 ,
0.612301 ,-0.180775 ,0.68 ,
0.612301 ,-0.180775 ,0.68 ,
0.612301 ,-0.180775 ,0.68 ,
0.612301 ,-0.180775 ,0.68 ,
0.612301 ,-0.180775 ,0.68 ,
0.612301 ,-0.180775 ,0.68 ,
0.612301 ,-0.180775 ,0.68 ,
0.612301 ,-0.180775 ,0.68 ,
0.612301 ,-0.180775 ,0.68 ,
0.612301 ,-0.180775 ,0.68 ,
0.612301 ,-0.180775 ,0.68 ,
0.612301 ,-0.180775 ,0.68 ,
0.612301 ,-0.180775 ,0.68 ,
0.612301 ,-0.180775 ,0.68 ,
0.612301 ,-0.180775 ,0.68 ,
0.612301 ,-0.180775 ,0.68 ,
0.612301 ,-0.180775 ,0.68 ,
0.612301 ,-0.180775 ,0.68 ,
0.612301 ,-0.180775 ,0.68 ,
0.612301 ,-0.180775 ,0.68 ,
0.612301 ,-0.180775 ,0.68 ,
0.612301 ,-0.180775 ,0.68 ,
0.612301 ,-0.180775 ,0.68 ,
0.612301 ,-0.180775 ,0.68 ,
0.612301 ,-0.180775 ,0.68 ,
0.612301 ,-0.180775 ,0.68 ,
0.612301 ,-0.180775 ,0.68 ,
0.612301 ,-0.180775 ,0.68 ,
0.612301 ,-0.180775 ,0.68 ,
0.612301 ,-0.180775 ,0.68 ,
0.612301 ,-0.180775 ,0.68 ,
0.612301 ,-0.180775 ,0.68 ,
0.612301 ,-0.180775 ,0.68 ,
0.612301 ,-0.180775 ,0.68 ,
0.612301 ,-0.180775 ,0.68 ,
0.612301 ,-0.180775 ,0.68 ,
0.612301 ,-0.180775 ,0.68 ,
0.612301 ,-0.180775 ,0.68 ,
0.612301 ,-0.180775 ,0.68 ,
0.612301 ,-0.180775 ,0.68 ,
0.612301 ,-0.180775 ,0.68 ,
0.612301 ,-0.180775 ,0.68 ,
0.612301 ,-0.180775 ,0.68 ,
0.612301 ,-0.180775 ,0.68 ,
0.612301 ,-0.180775 ,0.68 ,
0.612301 ,-0.180775 ,0.68 ,
0.612301 ,-0.180775 ,0.68 ,
0.612301 ,-0.180775 ,0.68 ,
0.612301 ,-0.180775 ,0.68 ,
0.612301 ,-0.180775 ,0.68 ,
0.612301 ,-0.180775 ,0.68 ,
0.612301 ,-0.180775 ,0.68 ,
0.612301 ,-0.180775 ,0.68 ,
0.612301 ,-0.180775 ,0.68 ,
0.612301 ,-0.180775 ,0.68 ,
0.612301 ,-0.180775 ,0.68 ,
0.612301 ,-0.180775 ,0.68 ,
0.612301 ,-0.180775 ,0.68 ,
0.612301 ,-0.180775 ,0.68 ,
0.612301 ,-0.180775 ,0.68 ,
0.612301 ,-0.180775 ,0.68 ,
0.612301 ,-0.180775 ,0.68 ,
0.612301 ,-0.180775 ,0.68 ,
0.612301 ,-0.180775 ,0.68 ,
0.612301 ,-0.180775 ,0.68 ,
0.612301 ,-0.180775 ,0.68 ,
0.612301 ,-0.180775 ,0.68 ,
0.612301 ,-0.180775 ,0.68 ,
0.612301 ,-0.180775 ,0.68 ,
0.612301 ,-0.180775 ,0.68 ,
0.612301 ,-0.180775 ,0.68 ,
0.612301 ,-0.180775 ,0.68 ,
0.612301 ,-0.180775 ,0.68 ,
0.608344 ,-0.187029 ,0.68 ,
0.601382 ,-0.198032 ,0.68 ,
0.594552 ,-0.208826 ,0.68 ,
0.587854 ,-0.219411 ,0.68 ,
0.581287 ,-0.229789 ,0.68 ,
0.574849 ,-0.239962 ,0.68 ,
0.568542 ,-0.24993 ,0.68 ,
0.562362 ,-0.259694 ,0.68 ,
0.556311 ,-0.269257 ,0.68 ,
0.550386 ,-0.278619 ,0.68 ,
0.544588 ,-0.287781 ,0.68 ,
0.538915 ,-0.296745 ,0.68 ,
0.533367 ,-0.305511 ,0.68 ,
0.527943 ,-0.314082 ,0.68 ,
0.522642 ,-0.322458 ,0.68 ,
0.517464 ,-0.330641 ,0.68 ,
0.512407 ,-0.338632 ,0.68 ,
0.507471 ,-0.346432 ,0.68 ,
0.502655 ,-0.354042 ,0.68 ,
0.497959 ,-0.361464 ,0.68 ,
0.493381 ,-0.368698 ,0.68 ,
0.488921 ,-0.375747 ,0.68 ,
0.484578 ,-0.382611 ,0.68 ,
0.480352 ,-0.389292 ,0.68 ,
0.478528 ,-0.392173 ,0.68 ,
0.478528 ,-0.392173 ,0.68 ,
0.478528 ,-0.392173 ,0.68 ,
0.478528 ,-0.392173 ,0.68 ,
0.478528 ,-0.392173 ,0.68 ,
0.478528 ,-0.392173 ,0.68 ,
0.478528 ,-0.392173 ,0.68 ,
0.478528 ,-0.392173 ,0.68 ,
0.478528 ,-0.392173 ,0.68 ,
0.478528 ,-0.392173 ,0.68 ,
0.478528 ,-0.392173 ,0.68 ,
0.478528 ,-0.392173 ,0.68 ,
0.478528 ,-0.392173 ,0.68 ,
0.478528 ,-0.392173 ,0.68 ,
0.478528 ,-0.392173 ,0.68 ,
0.478528 ,-0.392173 ,0.68 ,
0.478528 ,-0.392173 ,0.68 ,
0.478528 ,-0.392173 ,0.68 ,
0.478528 ,-0.392173 ,0.68 ,
0.478528 ,-0.392173 ,0.68 ,
0.478528 ,-0.392173 ,0.68 ,
0.478528 ,-0.392173 ,0.68 ,
0.478528 ,-0.392173 ,0.68 ,
0.478528 ,-0.392173 ,0.68 ,
0.478528 ,-0.392173 ,0.68 ,
0.478528 ,-0.392173 ,0.68 ,
0.478528 ,-0.392173 ,0.68 ,
0.478528 ,-0.392173 ,0.68 ,
0.478528 ,-0.392173 ,0.68 ,
0.478528 ,-0.392173 ,0.68 ,
0.478528 ,-0.392173 ,0.68 ,
0.478528 ,-0.392173 ,0.68 ,
0.478528 ,-0.392173 ,0.68 ,
0.478528 ,-0.392173 ,0.68 ,
0.478528 ,-0.392173 ,0.68 ,
0.478528 ,-0.392173 ,0.68 ,
0.478528 ,-0.392173 ,0.68 ,
0.478528 ,-0.392173 ,0.68 ,
0.478528 ,-0.392173 ,0.68 ,
0.478528 ,-0.392173 ,0.68 ,
0.478528 ,-0.392173 ,0.68 ,
0.478528 ,-0.392173 ,0.68 ,
0.478528 ,-0.392173 ,0.68 ,
0.478528 ,-0.392173 ,0.68 ,
0.478528 ,-0.392173 ,0.68 ,
0.478528 ,-0.392173 ,0.68 ,
0.478528 ,-0.392173 ,0.68 ,
0.478528 ,-0.392173 ,0.68 ,
0.478528 ,-0.392173 ,0.68 ,
0.478528 ,-0.392173 ,0.68 ,
0.478528 ,-0.392173 ,0.68 ,
0.478528 ,-0.392173 ,0.68 ,
0.478528 ,-0.392173 ,0.68 ,
0.478528 ,-0.392173 ,0.68 ,
0.478528 ,-0.392173 ,0.68 ,
0.478528 ,-0.392173 ,0.68 ,
0.478528 ,-0.392173 ,0.68 ,
0.478528 ,-0.392173 ,0.68 ,
0.478528 ,-0.392173 ,0.68 ,
0.478528 ,-0.392173 ,0.68 ,
0.478528 ,-0.392173 ,0.68 ,
0.478528 ,-0.392173 ,0.68 ,
0.478528 ,-0.392173 ,0.68 ,
0.478528 ,-0.392173 ,0.68 ,
0.478528 ,-0.392173 ,0.68 ,
0.478528 ,-0.392173 ,0.68 ,
0.478528 ,-0.392173 ,0.68 ,
0.478528 ,-0.392173 ,0.68 ,
0.478528 ,-0.392173 ,0.68 ,
0.478528 ,-0.392173 ,0.68 ,
0.478528 ,-0.392173 ,0.68 ,
0.478528 ,-0.392173 ,0.68 ,
0.478528 ,-0.392173 ,0.68 ,
0.478528 ,-0.392173 ,0.68 ,
0.478528 ,-0.392173 ,0.68 ,
0.478528 ,-0.392173 ,0.68 ,
0.478528 ,-0.392173 ,0.68 ,
0.478528 ,-0.392173 ,0.68 ,
0.478528 ,-0.392173 ,0.68 ,
0.478528 ,-0.392173 ,0.68 ,
0.478528 ,-0.392173 ,0.68 ,
0.478528 ,-0.392173 ,0.68 ,
0.478528 ,-0.392173 ,0.68 ,
0.478528 ,-0.392173 ,0.68 ,
0.478528 ,-0.392173 ,0.68 ,
0.478528 ,-0.392173 ,0.68 ,
0.478528 ,-0.392173 ,0.68 ,
0.478528 ,-0.392173 ,0.68 ,
0.478528 ,-0.392173 ,0.68 ,
0.478528 ,-0.392173 ,0.68 ,
0.478528 ,-0.392173 ,0.68 ,
0.478528 ,-0.392173 ,0.68 ,
0.478528 ,-0.392173 ,0.68 ,
0.478528 ,-0.392173 ,0.68 ,
0.478528 ,-0.392173 ,0.68 ,
0.478528 ,-0.392173 ,0.68 ,
0.478528 ,-0.392173 ,0.68 ,
0.478528 ,-0.392173 ,0.68 ,
0.478528 ,-0.392173 ,0.68 ,
0.478528 ,-0.392173 ,0.68 ,
0.478528 ,-0.392173 ,0.68 ,
0.478528 ,-0.392173 ,0.68 ,
0.478528 ,-0.392173 ,0.68 ,
0.478528 ,-0.392173 ,0.68 ,
0.478528 ,-0.392173 ,0.68 ,
0.478528 ,-0.392173 ,0.68 ,
0.478528 ,-0.392173 ,0.68 ,
0.478528 ,-0.392173 ,0.68 ,
0.478528 ,-0.392173 ,0.68 ,
0.478528 ,-0.392173 ,0.68 ,
0.478528 ,-0.392173 ,0.68 ,
0.478528 ,-0.392173 ,0.68 ,
0.478528 ,-0.392173 ,0.68 ,
0.478528 ,-0.392173 ,0.68 ,
0.478528 ,-0.392173 ,0.68 ,
0.478528 ,-0.392173 ,0.68 ,
0.478528 ,-0.392173 ,0.68 ,
0.478528 ,-0.392173 ,0.68 ,
0.478528 ,-0.392173 ,0.68 ,
0.478528 ,-0.392173 ,0.68 ,
0.478528 ,-0.392173 ,0.68 ,
0.478528 ,-0.392173 ,0.68 ,
0.478528 ,-0.392173 ,0.68 ,
0.478528 ,-0.392173 ,0.68 ,
0.478528 ,-0.392173 ,0.68 ,
0.478528 ,-0.392173 ,0.68 ,
0.478528 ,-0.392173 ,0.68 ,
0.478528 ,-0.392173 ,0.68 ,
0.478528 ,-0.392173 ,0.68 ,
0.478528 ,-0.392173 ,0.68 ,
0.478528 ,-0.392173 ,0.68 ,
0.478528 ,-0.392173 ,0.68 ,
0.478528 ,-0.392173 ,0.68 ,
0.478528 ,-0.392173 ,0.68 ,
0.478528 ,-0.392173 ,0.68 ,
0.478528 ,-0.392173 ,0.68 ,
0.478528 ,-0.392173 ,0.68 ,
0.478528 ,-0.392173 ,0.68 ,
0.478528 ,-0.392173 ,0.68 ,
0.478528 ,-0.392173 ,0.68 ,
0.478528 ,-0.392173 ,0.68 ,
0.478528 ,-0.392173 ,0.68 ,
0.478528 ,-0.392173 ,0.68 ,
0.478528 ,-0.392173 ,0.68 ,
0.478528 ,-0.392173 ,0.68 ,
0.478528 ,-0.392173 ,0.68 ,
0.478528 ,-0.392173 ,0.68 ,
0.478528 ,-0.392173 ,0.68 ,
0.478528 ,-0.392173 ,0.68 ,
0.478528 ,-0.392173 ,0.68 ,
0.478528 ,-0.392173 ,0.68 ,
0.478528 ,-0.392173 ,0.68 ,
0.478528 ,-0.392173 ,0.68 ,
0.478528 ,-0.392173 ,0.68 ,
0.478528 ,-0.392173 ,0.68 ,
0.478528 ,-0.392173 ,0.68 ,
0.478528 ,-0.392173 ,0.68 ,
0.478528 ,-0.392173 ,0.68 ,
0.478528 ,-0.392173 ,0.68 ,
0.478528 ,-0.392173 ,0.68 ,
0.478528 ,-0.392173 ,0.68 ,
0.478528 ,-0.392173 ,0.68 ,
0.478528 ,-0.392173 ,0.68 ,
0.478528 ,-0.392173 ,0.68 ,
0.478528 ,-0.392173 ,0.68 ,
0.478528 ,-0.392173 ,0.68 ,
0.478528 ,-0.392173 ,0.68 ,
0.478528 ,-0.392173 ,0.68 ,
0.478528 ,-0.392173 ,0.68 ,
0.478528 ,-0.392173 ,0.68 ,
0.478528 ,-0.392173 ,0.68 ,
0.478528 ,-0.392173 ,0.68 ,
0.478528 ,-0.392173 ,0.68 ,
0.478528 ,-0.392173 ,0.68 ,
0.478528 ,-0.392173 ,0.68 ,
0.478528 ,-0.392173 ,0.68 ,
0.478528 ,-0.392173 ,0.68 ,
0.478528 ,-0.392173 ,0.68 ,
0.478528 ,-0.392173 ,0.68 ,
0.478528 ,-0.392173 ,0.68 ,
0.478528 ,-0.392173 ,0.68 ,
0.478528 ,-0.392173 ,0.68 ,
0.478528 ,-0.392173 ,0.68 ,
0.478528 ,-0.392173 ,0.68 ,
0.478528 ,-0.392173 ,0.68 ,
0.478528 ,-0.392173 ,0.68 ,
0.478528 ,-0.392173 ,0.68 ,
0.478528 ,-0.392173 ,0.68 ,
0.478528 ,-0.392173 ,0.68 ,
0.478528 ,-0.392173 ,0.68 ,
0.478528 ,-0.392173 ,0.68 ,
0.478528 ,-0.392173 ,0.68 ,
0.478528 ,-0.392173 ,0.68 ,
0.478528 ,-0.392173 ,0.68 ,
0.478528 ,-0.392173 ,0.68 ,
0.478528 ,-0.392173 ,0.68 ,
0.478528 ,-0.392173 ,0.68 ,
0.478528 ,-0.392173 ,0.68 ,
0.478528 ,-0.392173 ,0.68 ,
0.478528 ,-0.392173 ,0.68 ,
0.478528 ,-0.392173 ,0.68 ,
0.478528 ,-0.392173 ,0.68 ,
0.478528 ,-0.392173 ,0.68 ,
0.478528 ,-0.392173 ,0.68 ,
0.478528 ,-0.392173 ,0.68 ,
0.478528 ,-0.392173 ,0.68 ,
0.478528 ,-0.392173 ,0.68 ,
0.478528 ,-0.392173 ,0.68 ,
0.478528 ,-0.392173 ,0.68 ,
0.478528 ,-0.392173 ,0.68 ,
0.478528 ,-0.392173 ,0.68 ,
0.478528 ,-0.392173 ,0.68 ,
0.478528 ,-0.392173 ,0.68 ,
0.478528 ,-0.392173 ,0.68 ,
0.478528 ,-0.392173 ,0.68 ,
0.478528 ,-0.392173 ,0.68 ,
0.485924 ,-0.391915 ,0.68 ,
0.498937 ,-0.39146 ,0.68 ,
0.511702 ,-0.391014 ,0.68 ,
0.524221 ,-0.390576 ,0.68 ,
0.536495 ,-0.390146 ,0.68 ,
0.548526 ,-0.389725 ,0.68 ,
0.560315 ,-0.389312 ,0.68 ,
0.571863 ,-0.388908 ,0.68 ,
0.583173 ,-0.388512 ,0.68 ,
0.594245 ,-0.388124 ,0.68 ,
0.605081 ,-0.387745 ,0.68 ,
0.615683 ,-0.387373 ,0.68 ,
0.626051 ,-0.38701 ,0.68 ,
0.636188 ,-0.386655 ,0.68 ,
0.646095 ,-0.386308 ,0.68 ,
0.655773 ,-0.385969 ,0.68 ,
0.665224 ,-0.385638 ,0.68 ,
0.674448 ,-0.385315 ,0.68 ,
0.683449 ,-0.385 ,0.68 ,
0.692226 ,-0.384693 ,0.68 ,
0.700782 ,-0.384394 ,0.68 ,
0.709118 ,-0.384102 ,0.68 ,
0.717236 ,-0.383819 ,0.68 ,
0.725136 ,-0.383543 ,0.68 ,
0.728544 ,-0.383424 ,0.68 ,
0.728544 ,-0.383424 ,0.68 ,
0.728544 ,-0.383424 ,0.68 ,
0.728544 ,-0.383424 ,0.68 ,
0.728544 ,-0.383424 ,0.68 ,
0.728544 ,-0.383424 ,0.68 ,
0.728544 ,-0.383424 ,0.68 ,
0.728544 ,-0.383424 ,0.68 ,
0.728544 ,-0.383424 ,0.68 ,
0.728544 ,-0.383424 ,0.68 ,
0.728544 ,-0.383424 ,0.68 ,
0.728544 ,-0.383424 ,0.68 ,
0.728544 ,-0.383424 ,0.68 ,
0.728544 ,-0.383424 ,0.68 ,
0.728544 ,-0.383424 ,0.68 ,
0.728544 ,-0.383424 ,0.68 ,
0.728544 ,-0.383424 ,0.68 ,
0.728544 ,-0.383424 ,0.68 ,
0.728544 ,-0.383424 ,0.68 ,
0.728544 ,-0.383424 ,0.68 ,
0.728544 ,-0.383424 ,0.68 ,
0.728544 ,-0.383424 ,0.68 ,
0.728544 ,-0.383424 ,0.68 ,
0.728544 ,-0.383424 ,0.68 ,
0.728544 ,-0.383424 ,0.68 ,
0.728544 ,-0.383424 ,0.68 ,
0.728544 ,-0.383424 ,0.68 ,
0.728544 ,-0.383424 ,0.68 ,
0.728544 ,-0.383424 ,0.68 ,
0.728544 ,-0.383424 ,0.68 ,
0.728544 ,-0.383424 ,0.68 ,
0.728544 ,-0.383424 ,0.68 ,
0.728544 ,-0.383424 ,0.68 ,
0.728544 ,-0.383424 ,0.68 ,
0.728544 ,-0.383424 ,0.68 ,
0.728544 ,-0.383424 ,0.68 ,
0.728544 ,-0.383424 ,0.68 ,
0.728544 ,-0.383424 ,0.68 ,
0.728544 ,-0.383424 ,0.68 ,
0.728544 ,-0.383424 ,0.68 ,
0.728544 ,-0.383424 ,0.68 ,
0.728544 ,-0.383424 ,0.68 ,
0.728544 ,-0.383424 ,0.68 ,
0.728544 ,-0.383424 ,0.68 ,
0.728544 ,-0.383424 ,0.68 ,
0.728544 ,-0.383424 ,0.68 ,
0.728544 ,-0.383424 ,0.68 ,
0.728544 ,-0.383424 ,0.68 ,
0.728544 ,-0.383424 ,0.68 ,
0.728544 ,-0.383424 ,0.68 ,
0.728544 ,-0.383424 ,0.68 ,
0.728544 ,-0.383424 ,0.68 ,
0.728544 ,-0.383424 ,0.68 ,
0.728544 ,-0.383424 ,0.68 ,
0.728544 ,-0.383424 ,0.68 ,
0.728544 ,-0.383424 ,0.68 ,
0.728544 ,-0.383424 ,0.68 ,
0.728544 ,-0.383424 ,0.68 ,
0.728544 ,-0.383424 ,0.68 ,
0.728544 ,-0.383424 ,0.68 ,
0.728544 ,-0.383424 ,0.68 ,
0.728544 ,-0.383424 ,0.68 ,
0.728544 ,-0.383424 ,0.68 ,
0.728544 ,-0.383424 ,0.68 ,
0.728544 ,-0.383424 ,0.68 ,
0.728544 ,-0.383424 ,0.68 ,
0.728544 ,-0.383424 ,0.68 ,
0.728544 ,-0.383424 ,0.68 ,
0.728544 ,-0.383424 ,0.68 ,
0.728544 ,-0.383424 ,0.68 ,
0.728544 ,-0.383424 ,0.68 ,
0.728544 ,-0.383424 ,0.68 ,
0.728544 ,-0.383424 ,0.68 ,
0.728544 ,-0.383424 ,0.68 ,
0.728544 ,-0.383424 ,0.68 ,
0.728544 ,-0.383424 ,0.68 ,
0.728544 ,-0.383424 ,0.68 ,
0.728544 ,-0.383424 ,0.68 ,
0.728544 ,-0.383424 ,0.68 ,
0.728544 ,-0.383424 ,0.68 ,
0.728544 ,-0.383424 ,0.68 ,
0.728544 ,-0.383424 ,0.68 ,
0.728544 ,-0.383424 ,0.68 ,
0.728544 ,-0.383424 ,0.68 ,
0.728544 ,-0.383424 ,0.68 ,
0.728544 ,-0.383424 ,0.68 ,
0.728544 ,-0.383424 ,0.68 ,
0.728544 ,-0.383424 ,0.68 ,
0.728544 ,-0.383424 ,0.68 ,
0.728544 ,-0.383424 ,0.68 ,
0.728544 ,-0.383424 ,0.68 ,
0.728544 ,-0.383424 ,0.68 ,
0.728544 ,-0.383424 ,0.68 ,
0.728544 ,-0.383424 ,0.68 ,
0.728544 ,-0.383424 ,0.68 ,
0.728544 ,-0.383424 ,0.68 ,
0.728544 ,-0.383424 ,0.68 ,
0.728544 ,-0.383424 ,0.68 ,
0.728544 ,-0.383424 ,0.68 ,
0.728544 ,-0.383424 ,0.68 ,
0.728544 ,-0.383424 ,0.68 ,
0.728544 ,-0.383424 ,0.68 ,
0.728544 ,-0.383424 ,0.68 ,
0.728544 ,-0.383424 ,0.68 ,
0.728544 ,-0.383424 ,0.68 ,
0.728544 ,-0.383424 ,0.68 ,
0.728544 ,-0.383424 ,0.68 ,
0.728544 ,-0.383424 ,0.68 ,
0.728544 ,-0.383424 ,0.68 ,
0.728544 ,-0.383424 ,0.68 ,
0.728544 ,-0.383424 ,0.68 ,
0.728544 ,-0.383424 ,0.68 ,
0.728544 ,-0.383424 ,0.68 ,
0.728544 ,-0.383424 ,0.68 ,
0.728544 ,-0.383424 ,0.68 ,
0.728544 ,-0.383424 ,0.68 ,
0.728544 ,-0.383424 ,0.68 ,
0.728544 ,-0.383424 ,0.68 ,
0.728544 ,-0.383424 ,0.68 ,
0.728544 ,-0.383424 ,0.68 ,
0.728544 ,-0.383424 ,0.68 ,
0.728544 ,-0.383424 ,0.68 ,
0.728544 ,-0.383424 ,0.68 ,
0.728544 ,-0.383424 ,0.68 ,
0.728544 ,-0.383424 ,0.68 ,
0.728544 ,-0.383424 ,0.68 ,
0.728544 ,-0.383424 ,0.68 ,
0.728544 ,-0.383424 ,0.68 ,
0.728544 ,-0.383424 ,0.68 ,
0.728544 ,-0.383424 ,0.68 ,
0.728544 ,-0.383424 ,0.68 ,
0.728544 ,-0.383424 ,0.68 ,
0.728544 ,-0.383424 ,0.68 ,
0.728544 ,-0.383424 ,0.68 ,
0.728544 ,-0.383424 ,0.68 ,
0.728544 ,-0.383424 ,0.68 ,
0.728544 ,-0.383424 ,0.68 ,
0.728544 ,-0.383424 ,0.68 ,
0.728544 ,-0.383424 ,0.68 ,
0.728544 ,-0.383424 ,0.68 ,
0.728544 ,-0.383424 ,0.68 ,
0.728544 ,-0.383424 ,0.68 ,
0.728544 ,-0.383424 ,0.68 ,
0.728544 ,-0.383424 ,0.68 ,
0.728544 ,-0.383424 ,0.68 ,
0.728544 ,-0.383424 ,0.68 ,
0.728544 ,-0.383424 ,0.68 ,
0.728544 ,-0.383424 ,0.68 ,
0.728544 ,-0.383424 ,0.68 ,
0.728544 ,-0.383424 ,0.68 ,
0.728544 ,-0.383424 ,0.68 ,
0.728544 ,-0.383424 ,0.68 ,
0.728544 ,-0.383424 ,0.68 ,
0.728544 ,-0.383424 ,0.68 ,
0.728544 ,-0.383424 ,0.68 ,
0.728544 ,-0.383424 ,0.68 ,
0.728544 ,-0.383424 ,0.68 ,
0.728544 ,-0.383424 ,0.68 ,
0.728544 ,-0.383424 ,0.68 ,
0.728544 ,-0.383424 ,0.68 ,
0.728544 ,-0.383424 ,0.68 ,
0.728544 ,-0.383424 ,0.68 ,
0.728544 ,-0.383424 ,0.68 ,
0.728544 ,-0.383424 ,0.68 ,
0.728544 ,-0.383424 ,0.68 ,
0.728544 ,-0.383424 ,0.68 ,
0.728544 ,-0.383424 ,0.68 ,
0.728544 ,-0.383424 ,0.68 ,
0.728544 ,-0.383424 ,0.68 ,
0.728544 ,-0.383424 ,0.68 ,
0.728544 ,-0.383424 ,0.68 ,
0.728544 ,-0.383424 ,0.68 ,
0.728544 ,-0.383424 ,0.68 ,
0.728544 ,-0.383424 ,0.68 ,
0.728544 ,-0.383424 ,0.68 ,
0.728544 ,-0.383424 ,0.68 ,
0.728544 ,-0.383424 ,0.68 ,
0.728544 ,-0.383424 ,0.68 ,
0.728544 ,-0.383424 ,0.68 ,
0.728544 ,-0.383424 ,0.68 ,
0.728544 ,-0.383424 ,0.68 ,
0.728544 ,-0.383424 ,0.68 ,
0.728544 ,-0.383424 ,0.68 ,
0.728544 ,-0.383424 ,0.68 ,
0.728544 ,-0.383424 ,0.68 ,
0.728544 ,-0.383424 ,0.68 ,
0.728544 ,-0.383424 ,0.68 ,
0.728544 ,-0.383424 ,0.68 ,
0.728544 ,-0.383424 ,0.68 ,
0.728544 ,-0.383424 ,0.68 ,
0.728544 ,-0.383424 ,0.68 ,
0.728544 ,-0.383424 ,0.68 ,
0.728544 ,-0.383424 ,0.68 ,
0.728544 ,-0.383424 ,0.68 ,
0.728544 ,-0.383424 ,0.68 ,
0.728544 ,-0.383424 ,0.68 ,
0.728544 ,-0.383424 ,0.68 ,
0.728544 ,-0.383424 ,0.68 ,
0.728544 ,-0.383424 ,0.68 ,
0.728544 ,-0.383424 ,0.68 ,
0.728544 ,-0.383424 ,0.68 ,
0.728544 ,-0.383424 ,0.68 ,
0.728544 ,-0.383424 ,0.68 ,
0.728544 ,-0.383424 ,0.68 ,
0.728544 ,-0.383424 ,0.68 ,
0.728544 ,-0.383424 ,0.68 ,
0.728544 ,-0.383424 ,0.68 ,
0.728544 ,-0.383424 ,0.68 ,
0.728544 ,-0.383424 ,0.68 ,
0.728544 ,-0.383424 ,0.68 ,
0.728544 ,-0.383424 ,0.68 ,
0.728544 ,-0.383424 ,0.68 ,
0.728544 ,-0.383424 ,0.68 ,
0.728544 ,-0.383424 ,0.68 ,
0.728544 ,-0.383424 ,0.68 ,
0.728544 ,-0.383424 ,0.68 ,
0.722915 ,-0.388229 ,0.68 ,
0.713012 ,-0.396683 ,0.68 ,
0.703298 ,-0.404976 ,0.68 ,
0.69377 ,-0.413109 ,0.68 ,
0.684429 ,-0.421083 ,0.68 ,
0.675273 ,-0.428899 ,0.68 ,
0.666302 ,-0.436558 ,0.68 ,
0.657513 ,-0.44406 ,0.68 ,
0.648906 ,-0.451407 ,0.68 ,
0.64048 ,-0.4586 ,0.68 ,
0.632233 ,-0.46564 ,0.68 ,
0.624165 ,-0.472527 ,0.68 ,
0.616274 ,-0.479263 ,0.68 ,
0.60856 ,-0.485848 ,0.68 ,
0.60102 ,-0.492284 ,0.68 ,
0.593655 ,-0.498571 ,0.68 ,
0.586463 ,-0.504711 ,0.68 ,
0.579443 ,-0.510703 ,0.68 ,
0.572593 ,-0.516551 ,0.68 ,
0.565913 ,-0.522253 ,0.68 ,
0.559402 ,-0.527812 ,0.68 ,
0.553058 ,-0.533227 ,0.68 ,
0.54688 ,-0.538501 ,0.68 ,
0.540868 ,-0.543634 ,0.68 ,
0.538274 ,-0.545848 ,0.68 ,
0.538274 ,-0.545848 ,0.68 ,
0.538274 ,-0.545848 ,0.68 ,
0.538274 ,-0.545848 ,0.68 ,
0.538274 ,-0.545848 ,0.68 ,
0.538274 ,-0.545848 ,0.68 ,
0.538274 ,-0.545848 ,0.68 ,
0.538274 ,-0.545848 ,0.68 ,
0.538274 ,-0.545848 ,0.68 ,
0.538274 ,-0.545848 ,0.68 ,
0.538274 ,-0.545848 ,0.68 ,
0.538274 ,-0.545848 ,0.68 ,
0.538274 ,-0.545848 ,0.68 ,
0.538274 ,-0.545848 ,0.68 ,
0.538274 ,-0.545848 ,0.68 ,
0.538274 ,-0.545848 ,0.68 ,
0.538274 ,-0.545848 ,0.68 ,
0.538274 ,-0.545848 ,0.68 ,
0.538274 ,-0.545848 ,0.68 ,
0.538274 ,-0.545848 ,0.68 ,
0.538274 ,-0.545848 ,0.68 ,
0.538274 ,-0.545848 ,0.68 ,
0.538274 ,-0.545848 ,0.68 ,
0.538274 ,-0.545848 ,0.68 ,
0.538274 ,-0.545848 ,0.68 ,
0.538274 ,-0.545848 ,0.68 ,
0.538274 ,-0.545848 ,0.68 ,
0.538274 ,-0.545848 ,0.68 ,
0.538274 ,-0.545848 ,0.68 ,
0.538274 ,-0.545848 ,0.68 ,
0.538274 ,-0.545848 ,0.68 ,
0.538274 ,-0.545848 ,0.68 ,
0.538274 ,-0.545848 ,0.68 ,
0.538274 ,-0.545848 ,0.68 ,
0.538274 ,-0.545848 ,0.68 ,
0.538274 ,-0.545848 ,0.68 ,
0.538274 ,-0.545848 ,0.68 ,
0.538274 ,-0.545848 ,0.68 ,
0.538274 ,-0.545848 ,0.68 ,
0.538274 ,-0.545848 ,0.68 ,
0.538274 ,-0.545848 ,0.68 ,
0.538274 ,-0.545848 ,0.68 ,
0.538274 ,-0.545848 ,0.68 ,
0.538274 ,-0.545848 ,0.68 ,
0.538274 ,-0.545848 ,0.68 ,
0.538274 ,-0.545848 ,0.68 ,
0.538274 ,-0.545848 ,0.68 ,
0.538274 ,-0.545848 ,0.68 ,
0.538274 ,-0.545848 ,0.68 ,
0.538274 ,-0.545848 ,0.68 ,
0.538274 ,-0.545848 ,0.68 ,
0.538274 ,-0.545848 ,0.68 ,
0.538274 ,-0.545848 ,0.68 ,
0.538274 ,-0.545848 ,0.68 ,
0.538274 ,-0.545848 ,0.68 ,
0.538274 ,-0.545848 ,0.68 ,
0.538274 ,-0.545848 ,0.68 ,
0.538274 ,-0.545848 ,0.68 ,
0.538274 ,-0.545848 ,0.68 ,
0.538274 ,-0.545848 ,0.68 ,
0.538274 ,-0.545848 ,0.68 ,
0.538274 ,-0.545848 ,0.68 ,
0.538274 ,-0.545848 ,0.68 ,
0.538274 ,-0.545848 ,0.68 ,
0.538274 ,-0.545848 ,0.68 ,
0.538274 ,-0.545848 ,0.68 ,
0.538274 ,-0.545848 ,0.68 ,
0.538274 ,-0.545848 ,0.68 ,
0.538274 ,-0.545848 ,0.68 ,
0.538274 ,-0.545848 ,0.68 ,
0.538274 ,-0.545848 ,0.68 ,
0.538274 ,-0.545848 ,0.68 ,
0.538274 ,-0.545848 ,0.68 ,
0.538274 ,-0.545848 ,0.68 ,
0.538274 ,-0.545848 ,0.68 ,
0.538274 ,-0.545848 ,0.68 ,
0.538274 ,-0.545848 ,0.68 ,
0.538274 ,-0.545848 ,0.68 ,
0.538274 ,-0.545848 ,0.68 ,
0.538274 ,-0.545848 ,0.68 ,
0.538274 ,-0.545848 ,0.68 ,
0.538274 ,-0.545848 ,0.68 ,
0.538274 ,-0.545848 ,0.68 ,
0.538274 ,-0.545848 ,0.68 ,
0.538274 ,-0.545848 ,0.68 ,
0.538274 ,-0.545848 ,0.68 ,
0.538274 ,-0.545848 ,0.68 ,
0.538274 ,-0.545848 ,0.68 ,
0.538274 ,-0.545848 ,0.68 ,
0.538274 ,-0.545848 ,0.68 ,
0.538274 ,-0.545848 ,0.68 ,
0.538274 ,-0.545848 ,0.68 ,
0.538274 ,-0.545848 ,0.68 ,
0.538274 ,-0.545848 ,0.68 ,
0.538274 ,-0.545848 ,0.68 ,
0.538274 ,-0.545848 ,0.68 ,
0.538274 ,-0.545848 ,0.68 ,
0.538274 ,-0.545848 ,0.68 ,
0.538274 ,-0.545848 ,0.68 ,
0.538274 ,-0.545848 ,0.68 ,
0.538274 ,-0.545848 ,0.68 ,
0.538274 ,-0.545848 ,0.68 ,
0.538274 ,-0.545848 ,0.68 ,
0.538274 ,-0.545848 ,0.68 ,
0.538274 ,-0.545848 ,0.68 ,
0.538274 ,-0.545848 ,0.68 ,
0.538274 ,-0.545848 ,0.68 ,
0.538274 ,-0.545848 ,0.68 ,
0.538274 ,-0.545848 ,0.68 ,
0.538274 ,-0.545848 ,0.68 ,
0.538274 ,-0.545848 ,0.68 ,
0.538274 ,-0.545848 ,0.68 ,
0.538274 ,-0.545848 ,0.68 ,
0.538274 ,-0.545848 ,0.68 ,
0.538274 ,-0.545848 ,0.68 ,
0.538274 ,-0.545848 ,0.68 ,
0.538274 ,-0.545848 ,0.68 ,
0.538274 ,-0.545848 ,0.68 ,
0.538274 ,-0.545848 ,0.68 ,
0.538274 ,-0.545848 ,0.68 ,
0.538274 ,-0.545848 ,0.68 ,
0.538274 ,-0.545848 ,0.68 ,
0.538274 ,-0.545848 ,0.68 ,
0.538274 ,-0.545848 ,0.68 ,
0.538274 ,-0.545848 ,0.68 ,
0.538274 ,-0.545848 ,0.68 ,
0.538274 ,-0.545848 ,0.68 ,
0.538274 ,-0.545848 ,0.68 ,
0.538274 ,-0.545848 ,0.68 ,
0.538274 ,-0.545848 ,0.68 ,
0.538274 ,-0.545848 ,0.68 ,
0.538274 ,-0.545848 ,0.68 ,
0.538274 ,-0.545848 ,0.68 ,
0.538274 ,-0.545848 ,0.68 ,
0.538274 ,-0.545848 ,0.68 ,
0.538274 ,-0.545848 ,0.68 ,
0.538274 ,-0.545848 ,0.68 ,
0.538274 ,-0.545848 ,0.68 ,
0.538274 ,-0.545848 ,0.68 ,
0.538274 ,-0.545848 ,0.68 ,
0.538274 ,-0.545848 ,0.68 ,
0.538274 ,-0.545848 ,0.68 ,
0.538274 ,-0.545848 ,0.68 ,
0.538274 ,-0.545848 ,0.68 ,
0.538274 ,-0.545848 ,0.68 ,
0.538274 ,-0.545848 ,0.68 ,
0.538274 ,-0.545848 ,0.68 ,
0.538274 ,-0.545848 ,0.68 ,
0.538274 ,-0.545848 ,0.68 ,
0.538274 ,-0.545848 ,0.68 ,
0.538274 ,-0.545848 ,0.68 ,
0.538274 ,-0.545848 ,0.68 ,
0.538274 ,-0.545848 ,0.68 ,
0.538274 ,-0.545848 ,0.68 ,
0.538274 ,-0.545848 ,0.68 ,
0.538274 ,-0.545848 ,0.68 ,
0.538274 ,-0.545848 ,0.68 ,
0.538274 ,-0.545848 ,0.68 ,
0.538274 ,-0.545848 ,0.68 ,
0.538274 ,-0.545848 ,0.68 ,
0.538274 ,-0.545848 ,0.68 ,
0.538274 ,-0.545848 ,0.68 ,
0.538274 ,-0.545848 ,0.68 ,
0.538274 ,-0.545848 ,0.68 ,
0.538274 ,-0.545848 ,0.68 ,
0.538274 ,-0.545848 ,0.68 ,
0.538274 ,-0.545848 ,0.68 ,
0.538274 ,-0.545848 ,0.68 ,
0.538274 ,-0.545848 ,0.68 ,
0.538274 ,-0.545848 ,0.68 ,
0.538274 ,-0.545848 ,0.68 ,
0.538274 ,-0.545848 ,0.68 ,
0.538274 ,-0.545848 ,0.68 ,
0.538274 ,-0.545848 ,0.68 ,
0.538274 ,-0.545848 ,0.68 ,
0.538274 ,-0.545848 ,0.68 ,
0.538274 ,-0.545848 ,0.68 ,
0.538274 ,-0.545848 ,0.68 ,
0.538274 ,-0.545848 ,0.68 ,
0.538274 ,-0.545848 ,0.68 ,
0.538274 ,-0.545848 ,0.68 ,
0.538274 ,-0.545848 ,0.68 ,
0.538274 ,-0.545848 ,0.68 ,
0.538274 ,-0.545848 ,0.68 ,
0.538274 ,-0.545848 ,0.68 ,
0.538274 ,-0.545848 ,0.68 ,
0.538274 ,-0.545848 ,0.68 ,
0.538274 ,-0.545848 ,0.68 ,
0.538274 ,-0.545848 ,0.68 ,
0.538274 ,-0.545848 ,0.68 ,
0.538274 ,-0.545848 ,0.68 ,
0.538274 ,-0.545848 ,0.68 ,
0.538274 ,-0.545848 ,0.68 ,
0.538274 ,-0.545848 ,0.68 ,
0.538274 ,-0.545848 ,0.68 ,
0.538274 ,-0.545848 ,0.68 ,
0.538274 ,-0.545848 ,0.68 ,
0.538274 ,-0.545848 ,0.68 ,
0.538274 ,-0.545848 ,0.68 ,
0.538274 ,-0.545848 ,0.68 ,
0.538274 ,-0.545848 ,0.68 ,
0.538274 ,-0.545848 ,0.68 ,
0.538274 ,-0.545848 ,0.68 ,
0.538274 ,-0.545848 ,0.68 ,
0.538274 ,-0.545848 ,0.68 ,
0.538274 ,-0.545848 ,0.68 ,
0.538274 ,-0.545848 ,0.68 ,
0.538274 ,-0.545848 ,0.68 ,
0.538274 ,-0.545848 ,0.68 ,
0.538274 ,-0.545848 ,0.68 ,
0.538274 ,-0.545848 ,0.68 ,
0.538274 ,-0.545848 ,0.68 ,
0.538274 ,-0.545848 ,0.68 ,
0.538274 ,-0.545848 ,0.68 ,
0.538274 ,-0.545848 ,0.68 ,
0.538274 ,-0.545848 ,0.68 ,
0.541594 ,-0.545103 ,0.68 ,
0.547434 ,-0.543792 ,0.68 ,
0.553163 ,-0.542506 ,0.68 ,
0.558782 ,-0.541245 ,0.68 ,
0.56429 ,-0.540008 ,0.68 ,
0.56969 ,-0.538796 ,0.68 ,
0.574981 ,-0.537609 ,0.68 ,
0.580164 ,-0.536446 ,0.68 ,
0.58524 ,-0.535306 ,0.68 ,
0.590209 ,-0.534191 ,0.68 ,
0.595072 ,-0.533099 ,0.68 ,
0.59983 ,-0.532031 ,0.68 ,
0.604483 ,-0.530987 ,0.68 ,
0.609032 ,-0.529966 ,0.68 ,
0.613478 ,-0.528968 ,0.68 ,
0.617822 ,-0.527993 ,0.68 ,
0.622063 ,-0.527041 ,0.68 ,
0.626203 ,-0.526112 ,0.68 ,
0.630242 ,-0.525205 ,0.68 ,
0.634182 ,-0.524321 ,0.68 ,
0.638022 ,-0.523459 ,0.68 ,
0.641763 ,-0.522619 ,0.68 ,
0.645407 ,-0.521801 ,0.68 ,
0.648953 ,-0.521006 ,0.68 ,
0.650482 ,-0.520662 ,0.68 ,
0.650482 ,-0.520662 ,0.68 ,
0.650482 ,-0.520662 ,0.68 ,
0.650482 ,-0.520662 ,0.68 ,
0.650482 ,-0.520662 ,0.68 ,
0.650482 ,-0.520662 ,0.68 ,
0.650482 ,-0.520662 ,0.68 ,
0.650482 ,-0.520662 ,0.68 ,
0.650482 ,-0.520662 ,0.68 ,
0.650482 ,-0.520662 ,0.68 ,
0.650482 ,-0.520662 ,0.68 ,
0.650482 ,-0.520662 ,0.68 ,
0.650482 ,-0.520662 ,0.68 ,
0.650482 ,-0.520662 ,0.68 ,
0.650482 ,-0.520662 ,0.68 ,
0.650482 ,-0.520662 ,0.68 ,
0.650482 ,-0.520662 ,0.68 ,
0.650482 ,-0.520662 ,0.68 ,
0.650482 ,-0.520662 ,0.68 ,
0.650482 ,-0.520662 ,0.68 ,
0.650482 ,-0.520662 ,0.68 ,
0.650482 ,-0.520662 ,0.68 ,
0.650482 ,-0.520662 ,0.68 ,
0.650482 ,-0.520662 ,0.68 ,
0.650482 ,-0.520662 ,0.68 ,
0.650482 ,-0.520662 ,0.68 ,
0.650482 ,-0.520662 ,0.68 ,
0.650482 ,-0.520662 ,0.68 ,
0.650482 ,-0.520662 ,0.68 ,
0.650482 ,-0.520662 ,0.68 ,
0.650482 ,-0.520662 ,0.68 ,
0.650482 ,-0.520662 ,0.68 ,
0.650482 ,-0.520662 ,0.68 ,
0.650482 ,-0.520662 ,0.68 ,
0.650482 ,-0.520662 ,0.68 ,
0.650482 ,-0.520662 ,0.68 ,
0.650482 ,-0.520662 ,0.68 ,
0.650482 ,-0.520662 ,0.68 ,
0.650482 ,-0.520662 ,0.68 ,
0.650482 ,-0.520662 ,0.68 ,
0.650482 ,-0.520662 ,0.68 ,
0.650482 ,-0.520662 ,0.68 ,
0.650482 ,-0.520662 ,0.68 ,
0.650482 ,-0.520662 ,0.68 ,
0.650482 ,-0.520662 ,0.68 ,
0.650482 ,-0.520662 ,0.68 ,
0.650482 ,-0.520662 ,0.68 ,
0.650482 ,-0.520662 ,0.68 ,
0.650482 ,-0.520662 ,0.68 ,
0.650482 ,-0.520662 ,0.68 ,
0.650482 ,-0.520662 ,0.68 ,
0.650482 ,-0.520662 ,0.68 ,
0.650482 ,-0.520662 ,0.68 ,
0.650482 ,-0.520662 ,0.68 ,
0.650482 ,-0.520662 ,0.68 ,
0.650482 ,-0.520662 ,0.68 ,
0.650482 ,-0.520662 ,0.68 ,
0.650482 ,-0.520662 ,0.68 ,
0.650482 ,-0.520662 ,0.68 ,
0.650482 ,-0.520662 ,0.68 ,
0.650482 ,-0.520662 ,0.68 ,
0.650482 ,-0.520662 ,0.68 ,
0.650482 ,-0.520662 ,0.68 ,
0.650482 ,-0.520662 ,0.68 ,
0.650482 ,-0.520662 ,0.68 ,
0.650482 ,-0.520662 ,0.68 ,
0.650482 ,-0.520662 ,0.68 ,
0.650482 ,-0.520662 ,0.68 ,
0.650482 ,-0.520662 ,0.68 ,
0.650482 ,-0.520662 ,0.68 ,
0.650482 ,-0.520662 ,0.68 ,
0.650482 ,-0.520662 ,0.68 ,
0.650482 ,-0.520662 ,0.68 ,
0.650482 ,-0.520662 ,0.68 ,
0.650482 ,-0.520662 ,0.68 ,
0.650482 ,-0.520662 ,0.68 ,
0.650482 ,-0.520662 ,0.68 ,
0.650482 ,-0.520662 ,0.68 ,
0.650482 ,-0.520662 ,0.68 ,
0.650482 ,-0.520662 ,0.68 ,
0.650482 ,-0.520662 ,0.68 ,
0.650482 ,-0.520662 ,0.68 ,
0.650482 ,-0.520662 ,0.68 ,
0.650482 ,-0.520662 ,0.68 ,
0.650482 ,-0.520662 ,0.68 ,
0.650482 ,-0.520662 ,0.68 ,
0.650482 ,-0.520662 ,0.68 ,
0.650482 ,-0.520662 ,0.68 ,
0.650482 ,-0.520662 ,0.68 ,
0.650482 ,-0.520662 ,0.68 ,
0.650482 ,-0.520662 ,0.68 ,
0.650482 ,-0.520662 ,0.68 ,
0.650482 ,-0.520662 ,0.68 ,
0.650482 ,-0.520662 ,0.68 ,
0.650482 ,-0.520662 ,0.68 ,
0.650482 ,-0.520662 ,0.68 ,
0.650482 ,-0.520662 ,0.68 ,
0.650482 ,-0.520662 ,0.68 ,
0.650482 ,-0.520662 ,0.68 ,
0.650482 ,-0.520662 ,0.68 ,
0.650482 ,-0.520662 ,0.68 ,
0.650482 ,-0.520662 ,0.68 ,
0.650482 ,-0.520662 ,0.68 ,
0.650482 ,-0.520662 ,0.68 ,
0.650482 ,-0.520662 ,0.68 ,
0.650482 ,-0.520662 ,0.68 ,
0.650482 ,-0.520662 ,0.68 ,
0.650482 ,-0.520662 ,0.68 ,
0.650482 ,-0.520662 ,0.68 ,
0.650482 ,-0.520662 ,0.68 ,
0.650482 ,-0.520662 ,0.68 ,
0.650482 ,-0.520662 ,0.68 ,
0.650482 ,-0.520662 ,0.68 ,
0.650482 ,-0.520662 ,0.68 ,
0.650482 ,-0.520662 ,0.68 ,
0.650482 ,-0.520662 ,0.68 ,
0.650482 ,-0.520662 ,0.68 ,
0.650482 ,-0.520662 ,0.68 ,
0.650482 ,-0.520662 ,0.68 ,
0.650482 ,-0.520662 ,0.68 ,
0.650482 ,-0.520662 ,0.68 ,
0.650482 ,-0.520662 ,0.68 ,
0.650482 ,-0.520662 ,0.68 ,
0.650482 ,-0.520662 ,0.68 ,
0.650482 ,-0.520662 ,0.68 ,
0.650482 ,-0.520662 ,0.68 ,
0.650482 ,-0.520662 ,0.68 ,
0.650482 ,-0.520662 ,0.68 ,
0.650482 ,-0.520662 ,0.68 ,
0.650482 ,-0.520662 ,0.68 ,
0.650482 ,-0.520662 ,0.68 ,
0.650482 ,-0.520662 ,0.68 ,
0.650482 ,-0.520662 ,0.68 ,
0.650482 ,-0.520662 ,0.68 ,
0.650482 ,-0.520662 ,0.68 ,
0.650482 ,-0.520662 ,0.68 ,
0.650482 ,-0.520662 ,0.68 ,
0.650482 ,-0.520662 ,0.68 ,
0.650482 ,-0.520662 ,0.68 ,
0.650482 ,-0.520662 ,0.68 ,
0.650482 ,-0.520662 ,0.68 ,
0.650482 ,-0.520662 ,0.68 ,
0.650482 ,-0.520662 ,0.68 ,
0.650482 ,-0.520662 ,0.68 ,
0.650482 ,-0.520662 ,0.68 ,
0.650482 ,-0.520662 ,0.68 ,
0.650482 ,-0.520662 ,0.68 ,
0.650482 ,-0.520662 ,0.68 ,
0.650482 ,-0.520662 ,0.68 ,
0.650482 ,-0.520662 ,0.68 ,
0.650482 ,-0.520662 ,0.68 ,
0.650482 ,-0.520662 ,0.68 ,
0.650482 ,-0.520662 ,0.68 ,
0.650482 ,-0.520662 ,0.68 ,
0.650482 ,-0.520662 ,0.68 ,
0.650482 ,-0.520662 ,0.68 ,
0.650482 ,-0.520662 ,0.68 ,
0.650482 ,-0.520662 ,0.68 ,
0.650482 ,-0.520662 ,0.68 ,
0.650482 ,-0.520662 ,0.68 ,
0.650482 ,-0.520662 ,0.68 ,
0.650482 ,-0.520662 ,0.68 ,
0.650482 ,-0.520662 ,0.68 ,
0.650482 ,-0.520662 ,0.68 ,
0.650482 ,-0.520662 ,0.68 ,
0.650482 ,-0.520662 ,0.68 ,
0.650482 ,-0.520662 ,0.68 ,
0.650482 ,-0.520662 ,0.68 ,
0.650482 ,-0.520662 ,0.68 ,
0.650482 ,-0.520662 ,0.68 ,
0.650482 ,-0.520662 ,0.68 ,
0.650482 ,-0.520662 ,0.68 ,
0.650482 ,-0.520662 ,0.68 ,
0.650482 ,-0.520662 ,0.68 ,
0.650482 ,-0.520662 ,0.68 ,
0.650482 ,-0.520662 ,0.68 ,
0.650482 ,-0.520662 ,0.68 ,
0.650482 ,-0.520662 ,0.68 ,
0.650482 ,-0.520662 ,0.68 ,
0.650482 ,-0.520662 ,0.68 ,
0.650482 ,-0.520662 ,0.68 ,
0.650482 ,-0.520662 ,0.68 ,
0.650482 ,-0.520662 ,0.68 ,
0.650482 ,-0.520662 ,0.68 ,
0.650482 ,-0.520662 ,0.68 ,
0.650482 ,-0.520662 ,0.68 ,
0.650482 ,-0.520662 ,0.68 ,
0.650482 ,-0.520662 ,0.68 ,
0.650482 ,-0.520662 ,0.68 ,
0.650482 ,-0.520662 ,0.68 ,
0.650482 ,-0.520662 ,0.68 ,
0.650482 ,-0.520662 ,0.68 ,
0.650482 ,-0.520662 ,0.68 ,
0.650482 ,-0.520662 ,0.68 ,
0.650482 ,-0.520662 ,0.68 ,
0.650482 ,-0.520662 ,0.68 ,
0.650482 ,-0.520662 ,0.68 ,
0.650482 ,-0.520662 ,0.68 ,
0.650482 ,-0.520662 ,0.68 ,
0.650482 ,-0.520662 ,0.68 ,
0.650482 ,-0.520662 ,0.68 ,
0.650482 ,-0.520662 ,0.68 ,
0.650482 ,-0.520662 ,0.68 ,
0.650482 ,-0.520662 ,0.68 ,
0.650482 ,-0.520662 ,0.68 ,
0.650482 ,-0.520662 ,0.68 ,
0.650482 ,-0.520662 ,0.68 ,
0.650482 ,-0.520662 ,0.68 ,
0.650482 ,-0.520662 ,0.68 ,
0.650482 ,-0.520662 ,0.68 ,
0.650482 ,-0.520662 ,0.68 ,
0.650482 ,-0.520662 ,0.68 ,
0.650482 ,-0.520662 ,0.68 ,
0.650482 ,-0.520662 ,0.68 ,
0.650482 ,-0.520662 ,0.68 ,
0.650482 ,-0.520662 ,0.68 ,
0.650482 ,-0.520662 ,0.68 ,
0.650482 ,-0.520662 ,0.68 ,
0.650482 ,-0.520662 ,0.68 ,
0.650482 ,-0.520662 ,0.68 ,
0.650482 ,-0.520662 ,0.68 ,
0.650482 ,-0.520662 ,0.68 ,
0.650482 ,-0.520662 ,0.68 ,
0.650482 ,-0.520662 ,0.68 ,
0.650482 ,-0.520662 ,0.68 ,
0.650482 ,-0.520662 ,0.68 ,
